date,rating,sentiment,review_text
2024-01-01,5,positive,冰雪大世界的灯光秀太震撼了，音乐配合得绝佳！
2024-01-01,5,positive,带孩子来的，小朋友玩得很开心，推荐！
2024-01-01,5,positive,太美了！冰雕非常震撼，下次还来。
2024-01-01,5,positive,适合拍照打卡，随手一拍都是大片。
2024-01-01,4,positive,大滑梯超刺激，排队时间也在可接受范围内。
2024-01-01,4,positive,虽然冷但值得，哈尔滨的冬天名不虚传。
2024-01-01,5,positive,虽然冷但值得，哈尔滨的冬天名不虚传。
2024-01-01,2,negative,餐饮又贵又难吃，建议自带食物。
2024-01-01,5,positive,适合拍照打卡，随手一拍都是大片。
2024-01-01,2,negative,太冷了，园区取暖设施不够。
2024-01-01,3,neutral,票价有点贵，不过冰雕确实不错。
2024-01-01,3,neutral,白天看一般，晚上亮灯后效果才好。
2024-01-01,3,neutral,总体还行，就是排队太久了。
2024-01-01,3,neutral,总体还行，就是排队太久了。
2024-01-01,1,negative,太冷了，园区取暖设施不够。
2024-01-01,4,positive,虽然冷但值得，哈尔滨的冬天名不虚传。
2024-01-01,5,positive,虽然冷但值得，哈尔滨的冬天名不虚传。
2024-01-01,5,positive,极地馆的企鹅太可爱了，拍了好多照片。
2024-01-01,1,negative,停车费贵得离谱，而且不好找车位。
2024-01-01,1,negative,排队排了2个小时，体验很差。
2024-01-01,3,neutral,园区很大，走得腿都酸了，建议多设休息点。
2024-01-01,2,negative,卫生间太少了，排队比看冰雕还久。
2024-01-01,3,neutral,白天看一般，晚上亮灯后效果才好。
2024-01-01,2,negative,人挤人，根本没心情看冰雕。
2024-01-01,1,negative,冰雕有些已经开始融化，维护不及时。
2024-01-01,3,neutral,冰雕很美，但是餐厅价格偏高。
2024-01-01,1,negative,排队排了2个小时，体验很差。
2024-01-01,3,neutral,人太多了，建议工作日去。
2024-01-01,5,positive,适合拍照打卡，随手一拍都是大片。
2024-01-01,3,neutral,白天看一般，晚上亮灯后效果才好。
2024-01-01,4,positive,今年冰雕规模比去年更大了，很壮观。
2024-01-01,1,negative,门票太贵了，性价比低。
2024-01-01,2,negative,餐饮又贵又难吃，建议自带食物。
2024-01-01,3,neutral,园区很大，走得腿都酸了，建议多设休息点。
2024-01-01,5,positive,主办方今年安排得很用心，动线合理不绕路。
2024-01-01,5,positive,今年冰雕规模比去年更大了，很壮观。
2024-01-01,1,negative,太冷了，园区取暖设施不够。
2024-01-01,3,neutral,票价有点贵，不过冰雕确实不错。
2024-01-01,2,negative,工作人员态度不好，问路都不理。
2024-01-01,3,neutral,票价有点贵，不过冰雕确实不错。
2024-01-01,2,negative,地上太滑了，差点摔倒好几次。
2024-01-01,4,positive,虽然人多但是氛围感很棒，冰雪的快乐。
2024-01-01,3,neutral,中规中矩的一次体验，和预期差不多。
2024-01-01,5,positive,冰酒吧体验独特，零下30度喝热饮很特别。
2024-01-01,4,positive,大滑梯超刺激，排队时间也在可接受范围内。
2024-01-01,3,neutral,总体还行，就是排队太久了。
2024-01-01,3,neutral,停车场离入口有点远，走了好久。
2024-01-01,4,positive,极地馆的企鹅太可爱了，拍了好多照片。
2024-01-01,4,positive,带孩子来的，小朋友玩得很开心，推荐！
2024-01-01,4,positive,冰滑梯排队虽久但值得，尖叫声不断。
2024-01-01,4,positive,服务态度很好，园区管理有序。
2024-01-01,5,positive,带孩子来的，小朋友玩得很开心，推荐！
2024-01-01,4,positive,极地馆的企鹅太可爱了，拍了好多照片。
2024-01-01,2,negative,门票太贵了，性价比低。
2024-01-01,3,neutral,中规中矩的一次体验，和预期差不多。
2024-01-01,3,neutral,园区很大，走得腿都酸了，建议多设休息点。
2024-01-01,5,positive,适合拍照打卡，随手一拍都是大片。
2024-01-01,3,neutral,票价有点贵，不过冰雕确实不错。
2024-01-01,3,neutral,总体还行，就是排队太久了。
2024-01-01,2,negative,人挤人，根本没心情看冰雕。
2024-01-01,1,negative,门票太贵了，性价比低。
2024-01-01,3,neutral,票价有点贵，不过冰雕确实不错。
2024-01-01,4,positive,虽然人多但是氛围感很棒，冰雪的快乐。
2024-01-01,2,negative,人挤人，根本没心情看冰雕。
2024-01-01,5,positive,虽然人多但是氛围感很棒，冰雪的快乐。
2024-01-01,2,negative,太冷了，园区取暖设施不够。
2024-01-01,3,neutral,白天看一般，晚上亮灯后效果才好。
2024-01-01,1,negative,门票太贵了，性价比低。
2024-01-02,4,positive,冰上龙舟很有创意，适合全家一起玩。
2024-01-02,1,negative,地上太滑了，差点摔倒好几次。
2024-01-02,4,positive,夜场的冰灯特别漂亮，像童话世界一样。
2024-01-02,3,neutral,中规中矩的一次体验，和预期差不多。
2024-01-02,5,positive,今年冰雕规模比去年更大了，很壮观。
2024-01-02,3,neutral,园区很大，走得腿都酸了，建议多设休息点。
2024-01-02,4,positive,冰雪大世界的灯光秀太震撼了，音乐配合得绝佳！
2024-01-02,4,positive,大滑梯超刺激，排队时间也在可接受范围内。
2024-01-02,4,positive,适合拍照打卡，随手一拍都是大片。
2024-01-02,4,positive,冰滑梯排队虽久但值得，尖叫声不断。
2024-01-02,4,positive,冰雪大世界的灯光秀太震撼了，音乐配合得绝佳！
2024-01-02,1,negative,太冷了，园区取暖设施不够。
2024-01-02,2,negative,停车费贵得离谱，而且不好找车位。
2024-01-02,5,positive,冰雪大世界的灯光秀太震撼了，音乐配合得绝佳！
2024-01-02,4,positive,夜场的冰灯特别漂亮，像童话世界一样。
2024-01-02,5,positive,极地馆的企鹅太可爱了，拍了好多照片。
2024-01-02,4,positive,适合拍照打卡，随手一拍都是大片。
2024-01-02,1,negative,人挤人，根本没心情看冰雕。
2024-01-02,5,positive,夜场的冰灯特别漂亮，像童话世界一样。
2024-01-02,3,neutral,停车场离入口有点远，走了好久。
2024-01-02,3,neutral,白天看一般，晚上亮灯后效果才好。
2024-01-02,5,positive,大滑梯超刺激，排队时间也在可接受范围内。
2024-01-02,3,neutral,园区很大，走得腿都酸了，建议多设休息点。
2024-01-02,4,positive,冰雪大世界的灯光秀太震撼了，音乐配合得绝佳！
2024-01-02,3,neutral,中规中矩的一次体验，和预期差不多。
2024-01-02,1,negative,排队排了2个小时，体验很差。
2024-01-02,3,neutral,园区很大，走得腿都酸了，建议多设休息点。
2024-01-02,4,positive,虽然人多但是氛围感很棒，冰雪的快乐。
2024-01-02,4,positive,太美了！冰雕非常震撼，下次还来。
2024-01-02,2,negative,地上太滑了，差点摔倒好几次。
2024-01-02,3,neutral,白天看一般，晚上亮灯后效果才好。
2024-01-02,3,neutral,冰雕很美，但是餐厅价格偏高。
2024-01-02,2,negative,太冷了，园区取暖设施不够。
2024-01-02,5,positive,虽然冷但值得，哈尔滨的冬天名不虚传。
2024-01-02,3,neutral,中规中矩的一次体验，和预期差不多。
2024-01-02,5,positive,虽然冷但值得，哈尔滨的冬天名不虚传。
2024-01-02,4,positive,冰雪大世界的灯光秀太震撼了，音乐配合得绝佳！
2024-01-02,3,neutral,停车场离入口有点远，走了好久。
2024-01-02,5,positive,服务态度很好，园区管理有序。
2024-01-02,2,negative,冰雕有些已经开始融化，维护不及时。
2024-01-02,3,neutral,人太多了，建议工作日去。
2024-01-02,5,positive,大滑梯超刺激，排队时间也在可接受范围内。
2024-01-02,2,negative,餐饮又贵又难吃，建议自带食物。
2024-01-02,4,positive,虽然冷但值得，哈尔滨的冬天名不虚传。
2024-01-02,3,neutral,冰雕很美，但是餐厅价格偏高。
2024-01-02,5,positive,适合拍照打卡，随手一拍都是大片。
2024-01-02,3,neutral,白天看一般，晚上亮灯后效果才好。
2024-01-02,5,positive,冰滑梯排队虽久但值得，尖叫声不断。
2024-01-02,2,negative,停车费贵得离谱，而且不好找车位。
2024-01-02,5,positive,服务态度很好，园区管理有序。
2024-01-02,4,positive,今年冰雕规模比去年更大了，很壮观。
2024-01-02,3,neutral,园区很大，走得腿都酸了，建议多设休息点。
2024-01-02,3,neutral,人太多了，建议工作日去。
2024-01-02,5,positive,极地馆的企鹅太可爱了，拍了好多照片。
2024-01-02,4,positive,冰上龙舟很有创意，适合全家一起玩。
2024-01-02,3,neutral,票价有点贵，不过冰雕确实不错。
2024-01-02,4,positive,主办方今年安排得很用心，动线合理不绕路。
2024-01-02,2,negative,排队排了2个小时，体验很差。
2024-01-02,5,positive,虽然人多但是氛围感很棒，冰雪的快乐。
2024-01-02,5,positive,带孩子来的，小朋友玩得很开心，推荐！
2024-01-02,2,negative,餐饮又贵又难吃，建议自带食物。
2024-01-02,4,positive,冰雪大世界的灯光秀太震撼了，音乐配合得绝佳！
2024-01-02,3,neutral,人太多了，建议工作日去。
2024-01-02,1,negative,工作人员态度不好，问路都不理。
2024-01-02,5,positive,冰酒吧体验独特，零下30度喝热饮很特别。
2024-01-02,5,positive,带孩子来的，小朋友玩得很开心，推荐！
2024-01-02,4,positive,服务态度很好，园区管理有序。
2024-01-02,5,positive,服务态度很好，园区管理有序。
2024-01-02,3,neutral,停车场离入口有点远，走了好久。
2024-01-02,3,neutral,冰雕很美，但是餐厅价格偏高。
2024-01-02,4,positive,极地馆的企鹅太可爱了，拍了好多照片。
2024-01-02,5,positive,虽然人多但是氛围感很棒，冰雪的快乐。
2024-01-02,5,positive,太美了！冰雕非常震撼，下次还来。
2024-01-02,4,positive,冰雪大世界的灯光秀太震撼了，音乐配合得绝佳！
2024-01-02,3,neutral,票价有点贵，不过冰雕确实不错。
2024-01-02,5,positive,冰雪大世界的灯光秀太震撼了，音乐配合得绝佳！
2024-01-02,3,neutral,冰雕很美，但是餐厅价格偏高。
2024-01-02,4,positive,主办方今年安排得很用心，动线合理不绕路。
2024-01-02,1,negative,地上太滑了，差点摔倒好几次。
2024-01-02,3,neutral,票价有点贵，不过冰雕确实不错。
2024-01-02,5,positive,大滑梯超刺激，排队时间也在可接受范围内。
2024-01-02,4,positive,服务态度很好，园区管理有序。
2024-01-02,5,positive,夜场的冰灯特别漂亮，像童话世界一样。
2024-01-02,3,neutral,停车场离入口有点远，走了好久。
2024-01-02,4,positive,太美了！冰雕非常震撼，下次还来。
2024-01-02,3,neutral,冰雕很美，但是餐厅价格偏高。
2024-01-02,2,negative,卫生间太少了，排队比看冰雕还久。
2024-01-02,5,positive,主办方今年安排得很用心，动线合理不绕路。
2024-01-02,4,positive,夜场的冰灯特别漂亮，像童话世界一样。
2024-01-02,5,positive,极地馆的企鹅太可爱了，拍了好多照片。
2024-01-02,3,neutral,票价有点贵，不过冰雕确实不错。
2024-01-02,4,positive,虽然人多但是氛围感很棒，冰雪的快乐。
2024-01-02,5,positive,冰雪大世界的灯光秀太震撼了，音乐配合得绝佳！
2024-01-02,3,neutral,冰雕很美，但是餐厅价格偏高。
2024-01-02,5,positive,虽然人多但是氛围感很棒，冰雪的快乐。
2024-01-02,4,positive,冰雪大世界的灯光秀太震撼了，音乐配合得绝佳！
2024-01-02,5,positive,极地馆的企鹅太可爱了，拍了好多照片。
2024-01-02,1,negative,停车费贵得离谱，而且不好找车位。
2024-01-02,3,neutral,园区很大，走得腿都酸了，建议多设休息点。
2024-01-02,3,neutral,人太多了，建议工作日去。
2024-01-02,5,positive,今年冰雕规模比去年更大了，很壮观。
2024-01-02,5,positive,主办方今年安排得很用心，动线合理不绕路。
2024-01-02,5,positive,夜场的冰灯特别漂亮，像童话世界一样。
2024-01-02,4,positive,极地馆的企鹅太可爱了，拍了好多照片。
2024-01-02,5,positive,主办方今年安排得很用心，动线合理不绕路。
2024-01-03,3,neutral,总体还行，就是排队太久了。
2024-01-03,3,neutral,中规中矩的一次体验，和预期差不多。
2024-01-03,1,negative,冰雕有些已经开始融化，维护不及时。
2024-01-03,2,negative,排队排了2个小时，体验很差。
2024-01-03,5,positive,带孩子来的，小朋友玩得很开心，推荐！
2024-01-03,1,negative,地上太滑了，差点摔倒好几次。
2024-01-03,5,positive,冰滑梯排队虽久但值得，尖叫声不断。
2024-01-03,4,positive,虽然人多但是氛围感很棒，冰雪的快乐。
2024-01-03,5,positive,主办方今年安排得很用心，动线合理不绕路。
2024-01-03,3,neutral,冰雕很美，但是餐厅价格偏高。
2024-01-03,4,positive,虽然冷但值得，哈尔滨的冬天名不虚传。
2024-01-03,4,positive,太美了！冰雕非常震撼，下次还来。
2024-01-03,4,positive,虽然冷但值得，哈尔滨的冬天名不虚传。
2024-01-03,5,positive,冰滑梯排队虽久但值得，尖叫声不断。
2024-01-03,4,positive,冰酒吧体验独特，零下30度喝热饮很特别。
2024-01-03,5,positive,带孩子来的，小朋友玩得很开心，推荐！
2024-01-03,2,negative,太冷了，园区取暖设施不够。
2024-01-03,3,neutral,停车场离入口有点远，走了好久。
2024-01-03,5,positive,虽然人多但是氛围感很棒，冰雪的快乐。
2024-01-03,3,neutral,票价有点贵，不过冰雕确实不错。
2024-01-03,1,negative,卫生间太少了，排队比看冰雕还久。
2024-01-03,3,neutral,人太多了，建议工作日去。
2024-01-03,4,positive,夜场的冰灯特别漂亮，像童话世界一样。
2024-01-03,3,neutral,停车场离入口有点远，走了好久。
2024-01-03,4,positive,极地馆的企鹅太可爱了，拍了好多照片。
2024-01-03,3,neutral,人太多了，建议工作日去。
2024-01-03,4,positive,大滑梯超刺激，排队时间也在可接受范围内。
2024-01-03,3,neutral,白天看一般，晚上亮灯后效果才好。
2024-01-03,2,negative,人挤人，根本没心情看冰雕。
2024-01-03,3,neutral,园区很大，走得腿都酸了，建议多设休息点。
2024-01-03,5,positive,适合拍照打卡，随手一拍都是大片。
2024-01-03,2,negative,门票太贵了，性价比低。
2024-01-03,5,positive,服务态度很好，园区管理有序。
2024-01-03,4,positive,冰雪大世界的灯光秀太震撼了，音乐配合得绝佳！
2024-01-03,4,positive,冰雪大世界的灯光秀太震撼了，音乐配合得绝佳！
2024-01-03,5,positive,今年冰雕规模比去年更大了，很壮观。
2024-01-03,5,positive,冰上龙舟很有创意，适合全家一起玩。
2024-01-03,3,neutral,停车场离入口有点远，走了好久。
2024-01-03,3,neutral,票价有点贵，不过冰雕确实不错。
2024-01-03,2,negative,人挤人，根本没心情看冰雕。
2024-01-03,4,positive,虽然冷但值得，哈尔滨的冬天名不虚传。
2024-01-03,1,negative,太冷了，园区取暖设施不够。
2024-01-03,4,positive,今年冰雕规模比去年更大了，很壮观。
2024-01-03,1,negative,排队排了2个小时，体验很差。
2024-01-03,5,positive,冰酒吧体验独特，零下30度喝热饮很特别。
2024-01-03,5,positive,极地馆的企鹅太可爱了，拍了好多照片。
2024-01-03,5,positive,虽然冷但值得，哈尔滨的冬天名不虚传。
2024-01-03,3,neutral,园区很大，走得腿都酸了，建议多设休息点。
2024-01-03,1,negative,排队排了2个小时，体验很差。
2024-01-03,4,positive,带孩子来的，小朋友玩得很开心，推荐！
2024-01-03,2,negative,排队排了2个小时，体验很差。
2024-01-03,3,neutral,园区很大，走得腿都酸了，建议多设休息点。
2024-01-03,2,negative,太冷了，园区取暖设施不够。
2024-01-03,3,neutral,总体还行，就是排队太久了。
2024-01-03,4,positive,虽然人多但是氛围感很棒，冰雪的快乐。
2024-01-03,1,negative,地上太滑了，差点摔倒好几次。
2024-01-03,4,positive,带孩子来的，小朋友玩得很开心，推荐！
2024-01-03,4,positive,极地馆的企鹅太可爱了，拍了好多照片。
2024-01-03,2,negative,人挤人，根本没心情看冰雕。
2024-01-03,5,positive,大滑梯超刺激，排队时间也在可接受范围内。
2024-01-03,2,negative,冰雕有些已经开始融化，维护不及时。
2024-01-03,3,neutral,园区很大，走得腿都酸了，建议多设休息点。
2024-01-03,5,positive,极地馆的企鹅太可爱了，拍了好多照片。
2024-01-03,2,negative,餐饮又贵又难吃，建议自带食物。
2024-01-03,5,positive,适合拍照打卡，随手一拍都是大片。
2024-01-04,4,positive,冰滑梯排队虽久但值得，尖叫声不断。
2024-01-04,4,positive,冰滑梯排队虽久但值得，尖叫声不断。
2024-01-04,3,neutral,停车场离入口有点远，走了好久。
2024-01-04,5,positive,虽然冷但值得，哈尔滨的冬天名不虚传。
2024-01-04,4,positive,主办方今年安排得很用心，动线合理不绕路。
2024-01-04,4,positive,冰上龙舟很有创意，适合全家一起玩。
2024-01-04,5,positive,主办方今年安排得很用心，动线合理不绕路。
2024-01-04,5,positive,服务态度很好，园区管理有序。
2024-01-04,5,positive,虽然冷但值得，哈尔滨的冬天名不虚传。
2024-01-04,5,positive,带孩子来的，小朋友玩得很开心，推荐！
2024-01-04,4,positive,带孩子来的，小朋友玩得很开心，推荐！
2024-01-04,2,negative,工作人员态度不好，问路都不理。
2024-01-04,2,negative,地上太滑了，差点摔倒好几次。
2024-01-04,5,positive,服务态度很好，园区管理有序。
2024-01-04,3,neutral,白天看一般，晚上亮灯后效果才好。
2024-01-04,5,positive,冰上龙舟很有创意，适合全家一起玩。
2024-01-04,2,negative,排队排了2个小时，体验很差。
2024-01-04,3,neutral,票价有点贵，不过冰雕确实不错。
2024-01-04,3,neutral,总体还行，就是排队太久了。
2024-01-04,3,neutral,白天看一般，晚上亮灯后效果才好。
2024-01-04,4,positive,适合拍照打卡，随手一拍都是大片。
2024-01-04,2,negative,地上太滑了，差点摔倒好几次。
2024-01-04,1,negative,太冷了，园区取暖设施不够。
2024-01-04,4,positive,虽然冷但值得，哈尔滨的冬天名不虚传。
2024-01-04,5,positive,虽然冷但值得，哈尔滨的冬天名不虚传。
2024-01-04,4,positive,虽然冷但值得，哈尔滨的冬天名不虚传。
2024-01-04,4,positive,极地馆的企鹅太可爱了，拍了好多照片。
2024-01-04,3,neutral,停车场离入口有点远，走了好久。
2024-01-04,4,positive,夜场的冰灯特别漂亮，像童话世界一样。
2024-01-04,5,positive,服务态度很好，园区管理有序。
2024-01-04,1,negative,餐饮又贵又难吃，建议自带食物。
2024-01-04,5,positive,大滑梯超刺激，排队时间也在可接受范围内。
2024-01-04,5,positive,冰上龙舟很有创意，适合全家一起玩。
2024-01-04,5,positive,虽然冷但值得，哈尔滨的冬天名不虚传。
2024-01-04,1,negative,太冷了，园区取暖设施不够。
2024-01-04,2,negative,冰雕有些已经开始融化，维护不及时。
2024-01-04,5,positive,主办方今年安排得很用心，动线合理不绕路。
2024-01-04,3,neutral,票价有点贵，不过冰雕确实不错。
2024-01-04,3,neutral,总体还行，就是排队太久了。
2024-01-04,4,positive,冰雪大世界的灯光秀太震撼了，音乐配合得绝佳！
2024-01-04,2,negative,卫生间太少了，排队比看冰雕还久。
2024-01-04,3,neutral,总体还行，就是排队太久了。
2024-01-04,4,positive,带孩子来的，小朋友玩得很开心，推荐！
2024-01-04,4,positive,冰滑梯排队虽久但值得，尖叫声不断。
2024-01-04,1,negative,人挤人，根本没心情看冰雕。
2024-01-04,5,positive,夜场的冰灯特别漂亮，像童话世界一样。
2024-01-04,4,positive,服务态度很好，园区管理有序。
2024-01-04,4,positive,冰上龙舟很有创意，适合全家一起玩。
2024-01-04,2,negative,冰雕有些已经开始融化，维护不及时。
2024-01-04,4,positive,虽然冷但值得，哈尔滨的冬天名不虚传。
2024-01-04,5,positive,虽然人多但是氛围感很棒，冰雪的快乐。
2024-01-04,3,neutral,白天看一般，晚上亮灯后效果才好。
2024-01-04,4,positive,冰滑梯排队虽久但值得，尖叫声不断。
2024-01-04,2,negative,排队排了2个小时，体验很差。
2024-01-04,5,positive,夜场的冰灯特别漂亮，像童话世界一样。
2024-01-04,4,positive,服务态度很好，园区管理有序。
2024-01-04,2,negative,排队排了2个小时，体验很差。
2024-01-04,5,positive,服务态度很好，园区管理有序。
2024-01-04,3,neutral,冰雕很美，但是餐厅价格偏高。
2024-01-04,5,positive,冰滑梯排队虽久但值得，尖叫声不断。
2024-01-04,5,positive,主办方今年安排得很用心，动线合理不绕路。
2024-01-04,3,neutral,停车场离入口有点远，走了好久。
2024-01-04,5,positive,大滑梯超刺激，排队时间也在可接受范围内。
2024-01-04,2,negative,工作人员态度不好，问路都不理。
2024-01-04,4,positive,适合拍照打卡，随手一拍都是大片。
2024-01-04,5,positive,适合拍照打卡，随手一拍都是大片。
2024-01-04,3,neutral,停车场离入口有点远，走了好久。
2024-01-04,5,positive,夜场的冰灯特别漂亮，像童话世界一样。
2024-01-04,4,positive,虽然冷但值得，哈尔滨的冬天名不虚传。
2024-01-04,3,neutral,冰雕很美，但是餐厅价格偏高。
2024-01-04,1,negative,人挤人，根本没心情看冰雕。
2024-01-04,4,positive,太美了！冰雕非常震撼，下次还来。
2024-01-04,4,positive,冰酒吧体验独特，零下30度喝热饮很特别。
2024-01-04,2,negative,卫生间太少了，排队比看冰雕还久。
2024-01-05,4,positive,太美了！冰雕非常震撼，下次还来。
2024-01-05,1,negative,地上太滑了，差点摔倒好几次。
2024-01-05,4,positive,太美了！冰雕非常震撼，下次还来。
2024-01-05,1,negative,排队排了2个小时，体验很差。
2024-01-05,3,neutral,停车场离入口有点远，走了好久。
2024-01-05,2,negative,卫生间太少了，排队比看冰雕还久。
2024-01-05,4,positive,冰滑梯排队虽久但值得，尖叫声不断。
2024-01-05,3,neutral,人太多了，建议工作日去。
2024-01-05,5,positive,太美了！冰雕非常震撼，下次还来。
2024-01-05,1,negative,卫生间太少了，排队比看冰雕还久。
2024-01-05,5,positive,带孩子来的，小朋友玩得很开心，推荐！
2024-01-05,2,negative,餐饮又贵又难吃，建议自带食物。
2024-01-05,4,positive,带孩子来的，小朋友玩得很开心，推荐！
2024-01-05,3,neutral,票价有点贵，不过冰雕确实不错。
2024-01-05,4,positive,冰雪大世界的灯光秀太震撼了，音乐配合得绝佳！
2024-01-05,1,negative,人挤人，根本没心情看冰雕。
2024-01-05,3,neutral,白天看一般，晚上亮灯后效果才好。
2024-01-05,4,positive,带孩子来的，小朋友玩得很开心，推荐！
2024-01-05,3,neutral,园区很大，走得腿都酸了，建议多设休息点。
2024-01-05,5,positive,冰酒吧体验独特，零下30度喝热饮很特别。
2024-01-05,5,positive,冰酒吧体验独特，零下30度喝热饮很特别。
2024-01-05,1,negative,排队排了2个小时，体验很差。
2024-01-05,3,neutral,票价有点贵，不过冰雕确实不错。
2024-01-05,3,neutral,白天看一般，晚上亮灯后效果才好。
2024-01-05,3,neutral,中规中矩的一次体验，和预期差不多。
2024-01-05,5,positive,冰滑梯排队虽久但值得，尖叫声不断。
2024-01-05,5,positive,大滑梯超刺激，排队时间也在可接受范围内。
2024-01-05,1,negative,人挤人，根本没心情看冰雕。
2024-01-05,3,neutral,中规中矩的一次体验，和预期差不多。
2024-01-05,2,negative,人挤人，根本没心情看冰雕。
2024-01-05,1,negative,门票太贵了，性价比低。
2024-01-05,2,negative,工作人员态度不好，问路都不理。
2024-01-05,2,negative,餐饮又贵又难吃，建议自带食物。
2024-01-05,4,positive,冰雪大世界的灯光秀太震撼了，音乐配合得绝佳！
2024-01-05,4,positive,冰雪大世界的灯光秀太震撼了，音乐配合得绝佳！
2024-01-05,5,positive,大滑梯超刺激，排队时间也在可接受范围内。
2024-01-05,3,neutral,停车场离入口有点远，走了好久。
2024-01-05,3,neutral,中规中矩的一次体验，和预期差不多。
2024-01-05,5,positive,冰滑梯排队虽久但值得，尖叫声不断。
2024-01-05,4,positive,主办方今年安排得很用心，动线合理不绕路。
2024-01-05,2,negative,太冷了，园区取暖设施不够。
2024-01-05,3,neutral,总体还行，就是排队太久了。
2024-01-05,4,positive,冰上龙舟很有创意，适合全家一起玩。
2024-01-05,5,positive,冰酒吧体验独特，零下30度喝热饮很特别。
2024-01-05,5,positive,冰酒吧体验独特，零下30度喝热饮很特别。
2024-01-05,5,positive,带孩子来的，小朋友玩得很开心，推荐！
2024-01-05,1,negative,太冷了，园区取暖设施不够。
2024-01-05,4,positive,极地馆的企鹅太可爱了，拍了好多照片。
2024-01-05,4,positive,虽然冷但值得，哈尔滨的冬天名不虚传。
2024-01-05,5,positive,极地馆的企鹅太可爱了，拍了好多照片。
2024-01-05,3,neutral,冰雕很美，但是餐厅价格偏高。
2024-01-05,4,positive,夜场的冰灯特别漂亮，像童话世界一样。
2024-01-05,5,positive,冰滑梯排队虽久但值得，尖叫声不断。
2024-01-05,5,positive,今年冰雕规模比去年更大了，很壮观。
2024-01-05,5,positive,冰滑梯排队虽久但值得，尖叫声不断。
2024-01-05,4,positive,带孩子来的，小朋友玩得很开心，推荐！
2024-01-05,2,negative,人挤人，根本没心情看冰雕。
2024-01-05,3,neutral,中规中矩的一次体验，和预期差不多。
2024-01-05,4,positive,大滑梯超刺激，排队时间也在可接受范围内。
2024-01-05,2,negative,餐饮又贵又难吃，建议自带食物。
2024-01-05,5,positive,冰上龙舟很有创意，适合全家一起玩。
2024-01-05,5,positive,虽然人多但是氛围感很棒，冰雪的快乐。
2024-01-05,5,positive,极地馆的企鹅太可爱了，拍了好多照片。
2024-01-05,5,positive,适合拍照打卡，随手一拍都是大片。
2024-01-05,4,positive,大滑梯超刺激，排队时间也在可接受范围内。
2024-01-05,3,neutral,总体还行，就是排队太久了。
2024-01-05,5,positive,冰雪大世界的灯光秀太震撼了，音乐配合得绝佳！
2024-01-05,1,negative,卫生间太少了，排队比看冰雕还久。
2024-01-06,3,neutral,冰雕很美，但是餐厅价格偏高。
2024-01-06,1,negative,太冷了，园区取暖设施不够。
2024-01-06,3,neutral,人太多了，建议工作日去。
2024-01-06,5,positive,大滑梯超刺激，排队时间也在可接受范围内。
2024-01-06,1,negative,太冷了，园区取暖设施不够。
2024-01-06,5,positive,冰滑梯排队虽久但值得，尖叫声不断。
2024-01-06,4,positive,带孩子来的，小朋友玩得很开心，推荐！
2024-01-06,4,positive,适合拍照打卡，随手一拍都是大片。
2024-01-06,4,positive,极地馆的企鹅太可爱了，拍了好多照片。
2024-01-06,5,positive,夜场的冰灯特别漂亮，像童话世界一样。
2024-01-06,5,positive,大滑梯超刺激，排队时间也在可接受范围内。
2024-01-06,1,negative,门票太贵了，性价比低。
2024-01-06,4,positive,冰酒吧体验独特，零下30度喝热饮很特别。
2024-01-06,4,positive,虽然冷但值得，哈尔滨的冬天名不虚传。
2024-01-06,5,positive,适合拍照打卡，随手一拍都是大片。
2024-01-06,1,negative,地上太滑了，差点摔倒好几次。
2024-01-06,5,positive,虽然冷但值得，哈尔滨的冬天名不虚传。
2024-01-06,3,neutral,冰雕很美，但是餐厅价格偏高。
2024-01-06,5,positive,极地馆的企鹅太可爱了，拍了好多照片。
2024-01-06,3,neutral,停车场离入口有点远，走了好久。
2024-01-06,2,negative,门票太贵了，性价比低。
2024-01-06,3,neutral,总体还行，就是排队太久了。
2024-01-06,5,positive,带孩子来的，小朋友玩得很开心，推荐！
2024-01-06,3,neutral,白天看一般，晚上亮灯后效果才好。
2024-01-06,3,neutral,冰雕很美，但是餐厅价格偏高。
2024-01-06,5,positive,太美了！冰雕非常震撼，下次还来。
2024-01-06,5,positive,太美了！冰雕非常震撼，下次还来。
2024-01-06,5,positive,今年冰雕规模比去年更大了，很壮观。
2024-01-06,3,neutral,人太多了，建议工作日去。
2024-01-06,2,negative,门票太贵了，性价比低。
2024-01-06,4,positive,夜场的冰灯特别漂亮，像童话世界一样。
2024-01-06,5,positive,适合拍照打卡，随手一拍都是大片。
2024-01-06,5,positive,冰上龙舟很有创意，适合全家一起玩。
2024-01-06,2,negative,卫生间太少了，排队比看冰雕还久。
2024-01-06,5,positive,适合拍照打卡，随手一拍都是大片。
2024-01-06,3,neutral,白天看一般，晚上亮灯后效果才好。
2024-01-06,3,neutral,总体还行，就是排队太久了。
2024-01-06,5,positive,带孩子来的，小朋友玩得很开心，推荐！
2024-01-06,5,positive,带孩子来的，小朋友玩得很开心，推荐！
2024-01-06,5,positive,冰滑梯排队虽久但值得，尖叫声不断。
2024-01-06,3,neutral,人太多了，建议工作日去。
2024-01-06,5,positive,极地馆的企鹅太可爱了，拍了好多照片。
2024-01-06,4,positive,太美了！冰雕非常震撼，下次还来。
2024-01-06,4,positive,虽然人多但是氛围感很棒，冰雪的快乐。
2024-01-06,3,neutral,中规中矩的一次体验，和预期差不多。
2024-01-06,3,neutral,人太多了，建议工作日去。
2024-01-06,3,neutral,白天看一般，晚上亮灯后效果才好。
2024-01-06,3,neutral,人太多了，建议工作日去。
2024-01-06,5,positive,太美了！冰雕非常震撼，下次还来。
2024-01-06,5,positive,大滑梯超刺激，排队时间也在可接受范围内。
2024-01-06,4,positive,今年冰雕规模比去年更大了，很壮观。
2024-01-06,4,positive,冰滑梯排队虽久但值得，尖叫声不断。
2024-01-06,5,positive,冰滑梯排队虽久但值得，尖叫声不断。
2024-01-06,5,positive,主办方今年安排得很用心，动线合理不绕路。
2024-01-06,3,neutral,总体还行，就是排队太久了。
2024-01-06,4,positive,冰滑梯排队虽久但值得，尖叫声不断。
2024-01-06,4,positive,今年冰雕规模比去年更大了，很壮观。
2024-01-06,4,positive,虽然冷但值得，哈尔滨的冬天名不虚传。
2024-01-06,3,neutral,园区很大，走得腿都酸了，建议多设休息点。
2024-01-06,4,positive,冰雪大世界的灯光秀太震撼了，音乐配合得绝佳！
2024-01-06,4,positive,带孩子来的，小朋友玩得很开心，推荐！
2024-01-06,5,positive,今年冰雕规模比去年更大了，很壮观。
2024-01-06,4,positive,主办方今年安排得很用心，动线合理不绕路。
2024-01-06,2,negative,卫生间太少了，排队比看冰雕还久。
2024-01-06,3,neutral,白天看一般，晚上亮灯后效果才好。
2024-01-06,3,neutral,人太多了，建议工作日去。
2024-01-06,5,positive,冰滑梯排队虽久但值得，尖叫声不断。
2024-01-06,4,positive,冰滑梯排队虽久但值得，尖叫声不断。
2024-01-06,3,neutral,园区很大，走得腿都酸了，建议多设休息点。
2024-01-06,3,neutral,人太多了，建议工作日去。
2024-01-06,3,neutral,人太多了，建议工作日去。
2024-01-06,4,positive,冰滑梯排队虽久但值得，尖叫声不断。
2024-01-06,1,negative,工作人员态度不好，问路都不理。
2024-01-06,3,neutral,总体还行，就是排队太久了。
2024-01-06,4,positive,夜场的冰灯特别漂亮，像童话世界一样。
2024-01-06,4,positive,适合拍照打卡，随手一拍都是大片。
2024-01-06,5,positive,冰滑梯排队虽久但值得，尖叫声不断。
2024-01-06,3,neutral,中规中矩的一次体验，和预期差不多。
2024-01-06,5,positive,主办方今年安排得很用心，动线合理不绕路。
2024-01-06,4,positive,冰滑梯排队虽久但值得，尖叫声不断。
2024-01-06,4,positive,服务态度很好，园区管理有序。
2024-01-06,5,positive,主办方今年安排得很用心，动线合理不绕路。
2024-01-06,4,positive,冰雪大世界的灯光秀太震撼了，音乐配合得绝佳！
2024-01-06,3,neutral,园区很大，走得腿都酸了，建议多设休息点。
2024-01-06,4,positive,大滑梯超刺激，排队时间也在可接受范围内。
2024-01-06,3,neutral,人太多了，建议工作日去。
2024-01-06,1,negative,太冷了，园区取暖设施不够。
2024-01-06,4,positive,服务态度很好，园区管理有序。
2024-01-06,3,neutral,总体还行，就是排队太久了。
2024-01-06,2,negative,冰雕有些已经开始融化，维护不及时。
2024-01-06,4,positive,虽然冷但值得，哈尔滨的冬天名不虚传。
2024-01-06,5,positive,虽然冷但值得，哈尔滨的冬天名不虚传。
2024-01-06,3,neutral,停车场离入口有点远，走了好久。
2024-01-06,5,positive,今年冰雕规模比去年更大了，很壮观。
2024-01-06,5,positive,大滑梯超刺激，排队时间也在可接受范围内。
2024-01-06,5,positive,虽然人多但是氛围感很棒，冰雪的快乐。
2024-01-06,3,neutral,园区很大，走得腿都酸了，建议多设休息点。
2024-01-06,5,positive,虽然冷但值得，哈尔滨的冬天名不虚传。
2024-01-06,4,positive,太美了！冰雕非常震撼，下次还来。
2024-01-06,5,positive,冰雪大世界的灯光秀太震撼了，音乐配合得绝佳！
2024-01-06,3,neutral,园区很大，走得腿都酸了，建议多设休息点。
2024-01-07,5,positive,服务态度很好，园区管理有序。
2024-01-07,3,neutral,中规中矩的一次体验，和预期差不多。
2024-01-07,5,positive,大滑梯超刺激，排队时间也在可接受范围内。
2024-01-07,3,neutral,票价有点贵，不过冰雕确实不错。
2024-01-07,1,negative,门票太贵了，性价比低。
2024-01-07,4,positive,今年冰雕规模比去年更大了，很壮观。
2024-01-07,3,neutral,白天看一般，晚上亮灯后效果才好。
2024-01-07,3,neutral,中规中矩的一次体验，和预期差不多。
2024-01-07,3,neutral,总体还行，就是排队太久了。
2024-01-07,5,positive,带孩子来的，小朋友玩得很开心，推荐！
2024-01-07,2,negative,门票太贵了，性价比低。
2024-01-07,4,positive,夜场的冰灯特别漂亮，像童话世界一样。
2024-01-07,2,negative,停车费贵得离谱，而且不好找车位。
2024-01-07,4,positive,大滑梯超刺激，排队时间也在可接受范围内。
2024-01-07,3,neutral,总体还行，就是排队太久了。
2024-01-07,3,neutral,票价有点贵，不过冰雕确实不错。
2024-01-07,4,positive,冰酒吧体验独特，零下30度喝热饮很特别。
2024-01-07,5,positive,服务态度很好，园区管理有序。
2024-01-07,3,neutral,中规中矩的一次体验，和预期差不多。
2024-01-07,1,negative,地上太滑了，差点摔倒好几次。
2024-01-07,2,negative,工作人员态度不好，问路都不理。
2024-01-07,4,positive,冰酒吧体验独特，零下30度喝热饮很特别。
2024-01-07,1,negative,卫生间太少了，排队比看冰雕还久。
2024-01-07,2,negative,太冷了，园区取暖设施不够。
2024-01-07,1,negative,工作人员态度不好，问路都不理。
2024-01-07,2,negative,停车费贵得离谱，而且不好找车位。
2024-01-07,1,negative,人挤人，根本没心情看冰雕。
2024-01-07,5,positive,大滑梯超刺激，排队时间也在可接受范围内。
2024-01-07,3,neutral,总体还行，就是排队太久了。
2024-01-07,1,negative,工作人员态度不好，问路都不理。
2024-01-07,5,positive,太美了！冰雕非常震撼，下次还来。
2024-01-07,4,positive,极地馆的企鹅太可爱了，拍了好多照片。
2024-01-07,1,negative,卫生间太少了，排队比看冰雕还久。
2024-01-07,2,negative,人挤人，根本没心情看冰雕。
2024-01-07,5,positive,今年冰雕规模比去年更大了，很壮观。
2024-01-07,4,positive,服务态度很好，园区管理有序。
2024-01-07,3,neutral,票价有点贵，不过冰雕确实不错。
2024-01-07,4,positive,冰雪大世界的灯光秀太震撼了，音乐配合得绝佳！
2024-01-07,5,positive,冰滑梯排队虽久但值得，尖叫声不断。
2024-01-07,5,positive,今年冰雕规模比去年更大了，很壮观。
2024-01-07,4,positive,冰酒吧体验独特，零下30度喝热饮很特别。
2024-01-07,2,negative,地上太滑了，差点摔倒好几次。
2024-01-07,4,positive,冰雪大世界的灯光秀太震撼了，音乐配合得绝佳！
2024-01-07,5,positive,虽然人多但是氛围感很棒，冰雪的快乐。
2024-01-07,3,neutral,票价有点贵，不过冰雕确实不错。
2024-01-07,5,positive,适合拍照打卡，随手一拍都是大片。
2024-01-07,5,positive,冰滑梯排队虽久但值得，尖叫声不断。
2024-01-07,1,negative,门票太贵了，性价比低。
2024-01-07,4,positive,极地馆的企鹅太可爱了，拍了好多照片。
2024-01-07,3,neutral,冰雕很美，但是餐厅价格偏高。
2024-01-07,1,negative,工作人员态度不好，问路都不理。
2024-01-07,1,negative,地上太滑了，差点摔倒好几次。
2024-01-07,4,positive,服务态度很好，园区管理有序。
2024-01-07,2,negative,门票太贵了，性价比低。
2024-01-07,4,positive,极地馆的企鹅太可爱了，拍了好多照片。
2024-01-07,4,positive,夜场的冰灯特别漂亮，像童话世界一样。
2024-01-07,2,negative,人挤人，根本没心情看冰雕。
2024-01-07,4,positive,服务态度很好，园区管理有序。
2024-01-07,3,neutral,白天看一般，晚上亮灯后效果才好。
2024-01-07,1,negative,餐饮又贵又难吃，建议自带食物。
2024-01-07,3,neutral,冰雕很美，但是餐厅价格偏高。
2024-01-07,3,neutral,白天看一般，晚上亮灯后效果才好。
2024-01-07,4,positive,极地馆的企鹅太可爱了，拍了好多照片。
2024-01-07,4,positive,虽然人多但是氛围感很棒，冰雪的快乐。
2024-01-07,4,positive,太美了！冰雕非常震撼，下次还来。
2024-01-07,5,positive,大滑梯超刺激，排队时间也在可接受范围内。
2024-01-07,5,positive,大滑梯超刺激，排队时间也在可接受范围内。
2024-01-07,1,negative,人挤人，根本没心情看冰雕。
2024-01-07,5,positive,服务态度很好，园区管理有序。
2024-01-07,3,neutral,中规中矩的一次体验，和预期差不多。
2024-01-07,4,positive,冰上龙舟很有创意，适合全家一起玩。
2024-01-07,1,negative,冰雕有些已经开始融化，维护不及时。
2024-01-07,5,positive,冰上龙舟很有创意，适合全家一起玩。
2024-01-07,4,positive,冰雪大世界的灯光秀太震撼了，音乐配合得绝佳！
2024-01-07,4,positive,虽然冷但值得，哈尔滨的冬天名不虚传。
2024-01-07,3,neutral,停车场离入口有点远，走了好久。
2024-01-07,1,negative,餐饮又贵又难吃，建议自带食物。
2024-01-07,3,neutral,票价有点贵，不过冰雕确实不错。
2024-01-07,3,neutral,冰雕很美，但是餐厅价格偏高。
2024-01-07,3,neutral,中规中矩的一次体验，和预期差不多。
2024-01-07,3,neutral,票价有点贵，不过冰雕确实不错。
2024-01-07,4,positive,虽然人多但是氛围感很棒，冰雪的快乐。
2024-01-07,1,negative,人挤人，根本没心情看冰雕。
2024-01-08,1,negative,门票太贵了，性价比低。
2024-01-08,4,positive,虽然冷但值得，哈尔滨的冬天名不虚传。
2024-01-08,5,positive,主办方今年安排得很用心，动线合理不绕路。
2024-01-08,4,positive,虽然冷但值得，哈尔滨的冬天名不虚传。
2024-01-08,5,positive,夜场的冰灯特别漂亮，像童话世界一样。
2024-01-08,5,positive,太美了！冰雕非常震撼，下次还来。
2024-01-08,1,negative,排队排了2个小时，体验很差。
2024-01-08,3,neutral,园区很大，走得腿都酸了，建议多设休息点。
2024-01-08,2,negative,冰雕有些已经开始融化，维护不及时。
2024-01-08,1,negative,停车费贵得离谱，而且不好找车位。
2024-01-08,5,positive,虽然人多但是氛围感很棒，冰雪的快乐。
2024-01-08,3,neutral,票价有点贵，不过冰雕确实不错。
2024-01-08,3,neutral,停车场离入口有点远，走了好久。
2024-01-08,4,positive,服务态度很好，园区管理有序。
2024-01-08,2,negative,停车费贵得离谱，而且不好找车位。
2024-01-08,5,positive,虽然冷但值得，哈尔滨的冬天名不虚传。
2024-01-08,3,neutral,白天看一般，晚上亮灯后效果才好。
2024-01-08,3,neutral,停车场离入口有点远，走了好久。
2024-01-08,2,negative,工作人员态度不好，问路都不理。
2024-01-08,4,positive,虽然冷但值得，哈尔滨的冬天名不虚传。
2024-01-08,2,negative,餐饮又贵又难吃，建议自带食物。
2024-01-08,5,positive,冰雪大世界的灯光秀太震撼了，音乐配合得绝佳！
2024-01-08,4,positive,适合拍照打卡，随手一拍都是大片。
2024-01-08,4,positive,太美了！冰雕非常震撼，下次还来。
2024-01-08,4,positive,冰滑梯排队虽久但值得，尖叫声不断。
2024-01-08,2,negative,太冷了，园区取暖设施不够。
2024-01-08,4,positive,主办方今年安排得很用心，动线合理不绕路。
2024-01-08,3,neutral,白天看一般，晚上亮灯后效果才好。
2024-01-08,3,neutral,园区很大，走得腿都酸了，建议多设休息点。
2024-01-08,3,neutral,人太多了，建议工作日去。
2024-01-08,3,neutral,停车场离入口有点远，走了好久。
2024-01-08,1,negative,排队排了2个小时，体验很差。
2024-01-08,2,negative,卫生间太少了，排队比看冰雕还久。
2024-01-08,5,positive,虽然冷但值得，哈尔滨的冬天名不虚传。
2024-01-08,4,positive,冰滑梯排队虽久但值得，尖叫声不断。
2024-01-08,5,positive,虽然人多但是氛围感很棒，冰雪的快乐。
2024-01-08,1,negative,太冷了，园区取暖设施不够。
2024-01-08,3,neutral,停车场离入口有点远，走了好久。
2024-01-08,1,negative,餐饮又贵又难吃，建议自带食物。
2024-01-08,5,positive,主办方今年安排得很用心，动线合理不绕路。
2024-01-08,5,positive,冰上龙舟很有创意，适合全家一起玩。
2024-01-08,2,negative,卫生间太少了，排队比看冰雕还久。
2024-01-08,4,positive,极地馆的企鹅太可爱了，拍了好多照片。
2024-01-08,3,neutral,中规中矩的一次体验，和预期差不多。
2024-01-08,2,negative,冰雕有些已经开始融化，维护不及时。
2024-01-08,4,positive,冰酒吧体验独特，零下30度喝热饮很特别。
2024-01-08,5,positive,虽然人多但是氛围感很棒，冰雪的快乐。
2024-01-08,5,positive,适合拍照打卡，随手一拍都是大片。
2024-01-08,1,negative,卫生间太少了，排队比看冰雕还久。
2024-01-08,1,negative,工作人员态度不好，问路都不理。
2024-01-08,5,positive,虽然人多但是氛围感很棒，冰雪的快乐。
2024-01-08,5,positive,冰滑梯排队虽久但值得，尖叫声不断。
2024-01-08,4,positive,极地馆的企鹅太可爱了，拍了好多照片。
2024-01-08,5,positive,冰上龙舟很有创意，适合全家一起玩。
2024-01-08,3,neutral,人太多了，建议工作日去。
2024-01-09,4,positive,适合拍照打卡，随手一拍都是大片。
2024-01-09,4,positive,虽然人多但是氛围感很棒，冰雪的快乐。
2024-01-09,4,positive,冰上龙舟很有创意，适合全家一起玩。
2024-01-09,5,positive,冰上龙舟很有创意，适合全家一起玩。
2024-01-09,5,positive,大滑梯超刺激，排队时间也在可接受范围内。
2024-01-09,4,positive,主办方今年安排得很用心，动线合理不绕路。
2024-01-09,5,positive,虽然冷但值得，哈尔滨的冬天名不虚传。
2024-01-09,3,neutral,冰雕很美，但是餐厅价格偏高。
2024-01-09,3,neutral,停车场离入口有点远，走了好久。
2024-01-09,1,negative,人挤人，根本没心情看冰雕。
2024-01-09,3,neutral,冰雕很美，但是餐厅价格偏高。
2024-01-09,1,negative,冰雕有些已经开始融化，维护不及时。
2024-01-09,3,neutral,票价有点贵，不过冰雕确实不错。
2024-01-09,4,positive,适合拍照打卡，随手一拍都是大片。
2024-01-09,5,positive,大滑梯超刺激，排队时间也在可接受范围内。
2024-01-09,5,positive,虽然冷但值得，哈尔滨的冬天名不虚传。
2024-01-09,4,positive,大滑梯超刺激，排队时间也在可接受范围内。
2024-01-09,2,negative,地上太滑了，差点摔倒好几次。
2024-01-09,3,neutral,中规中矩的一次体验，和预期差不多。
2024-01-09,5,positive,冰滑梯排队虽久但值得，尖叫声不断。
2024-01-09,4,positive,极地馆的企鹅太可爱了，拍了好多照片。
2024-01-09,2,negative,太冷了，园区取暖设施不够。
2024-01-09,2,negative,餐饮又贵又难吃，建议自带食物。
2024-01-09,2,negative,餐饮又贵又难吃，建议自带食物。
2024-01-09,4,positive,虽然冷但值得，哈尔滨的冬天名不虚传。
2024-01-09,5,positive,服务态度很好，园区管理有序。
2024-01-09,5,positive,适合拍照打卡，随手一拍都是大片。
2024-01-09,4,positive,夜场的冰灯特别漂亮，像童话世界一样。
2024-01-09,1,negative,人挤人，根本没心情看冰雕。
2024-01-09,3,neutral,票价有点贵，不过冰雕确实不错。
2024-01-09,4,positive,服务态度很好，园区管理有序。
2024-01-09,3,neutral,白天看一般，晚上亮灯后效果才好。
2024-01-09,5,positive,今年冰雕规模比去年更大了，很壮观。
2024-01-09,3,neutral,停车场离入口有点远，走了好久。
2024-01-09,3,neutral,白天看一般，晚上亮灯后效果才好。
2024-01-09,3,neutral,总体还行，就是排队太久了。
2024-01-09,3,neutral,园区很大，走得腿都酸了，建议多设休息点。
2024-01-09,4,positive,虽然人多但是氛围感很棒，冰雪的快乐。
2024-01-09,5,positive,服务态度很好，园区管理有序。
2024-01-09,4,positive,服务态度很好，园区管理有序。
2024-01-09,1,negative,停车费贵得离谱，而且不好找车位。
2024-01-09,2,negative,排队排了2个小时，体验很差。
2024-01-09,3,neutral,白天看一般，晚上亮灯后效果才好。
2024-01-10,3,neutral,停车场离入口有点远，走了好久。
2024-01-10,4,positive,太美了！冰雕非常震撼，下次还来。
2024-01-10,3,neutral,中规中矩的一次体验，和预期差不多。
2024-01-10,4,positive,大滑梯超刺激，排队时间也在可接受范围内。
2024-01-10,4,positive,主办方今年安排得很用心，动线合理不绕路。
2024-01-10,1,negative,工作人员态度不好，问路都不理。
2024-01-10,3,neutral,白天看一般，晚上亮灯后效果才好。
2024-01-10,4,positive,极地馆的企鹅太可爱了，拍了好多照片。
2024-01-10,4,positive,适合拍照打卡，随手一拍都是大片。
2024-01-10,4,positive,适合拍照打卡，随手一拍都是大片。
2024-01-10,1,negative,卫生间太少了，排队比看冰雕还久。
2024-01-10,4,positive,主办方今年安排得很用心，动线合理不绕路。
2024-01-10,3,neutral,园区很大，走得腿都酸了，建议多设休息点。
2024-01-10,3,neutral,停车场离入口有点远，走了好久。
2024-01-10,1,negative,人挤人，根本没心情看冰雕。
2024-01-10,5,positive,大滑梯超刺激，排队时间也在可接受范围内。
2024-01-10,3,neutral,白天看一般，晚上亮灯后效果才好。
2024-01-10,5,positive,冰上龙舟很有创意，适合全家一起玩。
2024-01-10,3,neutral,总体还行，就是排队太久了。
2024-01-10,2,negative,工作人员态度不好，问路都不理。
2024-01-10,1,negative,地上太滑了，差点摔倒好几次。
2024-01-10,5,positive,冰雪大世界的灯光秀太震撼了，音乐配合得绝佳！
2024-01-10,4,positive,冰雪大世界的灯光秀太震撼了，音乐配合得绝佳！
2024-01-10,3,neutral,白天看一般，晚上亮灯后效果才好。
2024-01-10,5,positive,适合拍照打卡，随手一拍都是大片。
2024-01-10,3,neutral,人太多了，建议工作日去。
2024-01-10,4,positive,虽然人多但是氛围感很棒，冰雪的快乐。
2024-01-10,2,negative,冰雕有些已经开始融化，维护不及时。
2024-01-10,3,neutral,人太多了，建议工作日去。
2024-01-10,5,positive,冰酒吧体验独特，零下30度喝热饮很特别。
2024-01-10,1,negative,卫生间太少了，排队比看冰雕还久。
2024-01-10,5,positive,太美了！冰雕非常震撼，下次还来。
2024-01-10,2,negative,工作人员态度不好，问路都不理。
2024-01-10,1,negative,停车费贵得离谱，而且不好找车位。
2024-01-10,5,positive,冰酒吧体验独特，零下30度喝热饮很特别。
2024-01-10,1,negative,排队排了2个小时，体验很差。
2024-01-10,4,positive,带孩子来的，小朋友玩得很开心，推荐！
2024-01-10,2,negative,工作人员态度不好，问路都不理。
2024-01-10,4,positive,夜场的冰灯特别漂亮，像童话世界一样。
2024-01-10,4,positive,虽然人多但是氛围感很棒，冰雪的快乐。
2024-01-10,5,positive,冰上龙舟很有创意，适合全家一起玩。
2024-01-10,3,neutral,人太多了，建议工作日去。
2024-01-10,3,neutral,总体还行，就是排队太久了。
2024-01-10,2,negative,门票太贵了，性价比低。
2024-01-10,5,positive,服务态度很好，园区管理有序。
2024-01-10,4,positive,今年冰雕规模比去年更大了，很壮观。
2024-01-10,2,negative,人挤人，根本没心情看冰雕。
2024-01-10,4,positive,冰上龙舟很有创意，适合全家一起玩。
2024-01-10,4,positive,今年冰雕规模比去年更大了，很壮观。
2024-01-10,5,positive,今年冰雕规模比去年更大了，很壮观。
2024-01-10,3,neutral,白天看一般，晚上亮灯后效果才好。
2024-01-10,1,negative,门票太贵了，性价比低。
2024-01-10,5,positive,主办方今年安排得很用心，动线合理不绕路。
2024-01-10,3,neutral,白天看一般，晚上亮灯后效果才好。
2024-01-10,2,negative,门票太贵了，性价比低。
2024-01-10,5,positive,虽然人多但是氛围感很棒，冰雪的快乐。
2024-01-10,2,negative,太冷了，园区取暖设施不够。
2024-01-10,5,positive,冰上龙舟很有创意，适合全家一起玩。
2024-01-10,1,negative,排队排了2个小时，体验很差。
2024-01-10,4,positive,适合拍照打卡，随手一拍都是大片。
2024-01-10,5,positive,极地馆的企鹅太可爱了，拍了好多照片。
2024-01-10,2,negative,排队排了2个小时，体验很差。
2024-01-10,2,negative,地上太滑了，差点摔倒好几次。
2024-01-10,3,neutral,园区很大，走得腿都酸了，建议多设休息点。
2024-01-10,4,positive,冰雪大世界的灯光秀太震撼了，音乐配合得绝佳！
2024-01-10,5,positive,带孩子来的，小朋友玩得很开心，推荐！
2024-01-10,1,negative,排队排了2个小时，体验很差。
2024-01-10,3,neutral,总体还行，就是排队太久了。
2024-01-10,5,positive,虽然冷但值得，哈尔滨的冬天名不虚传。
2024-01-10,4,positive,虽然冷但值得，哈尔滨的冬天名不虚传。
2024-01-10,1,negative,排队排了2个小时，体验很差。
2024-01-10,2,negative,停车费贵得离谱，而且不好找车位。
2024-01-10,5,positive,夜场的冰灯特别漂亮，像童话世界一样。
2024-01-10,4,positive,虽然冷但值得，哈尔滨的冬天名不虚传。
2024-01-10,4,positive,夜场的冰灯特别漂亮，像童话世界一样。
2024-01-10,4,positive,冰上龙舟很有创意，适合全家一起玩。
2024-01-10,4,positive,冰雪大世界的灯光秀太震撼了，音乐配合得绝佳！
2024-01-10,5,positive,带孩子来的，小朋友玩得很开心，推荐！
2024-01-10,1,negative,停车费贵得离谱，而且不好找车位。
2024-01-10,3,neutral,园区很大，走得腿都酸了，建议多设休息点。
2024-01-10,2,negative,冰雕有些已经开始融化，维护不及时。
2024-01-10,5,positive,适合拍照打卡，随手一拍都是大片。
2024-01-10,5,positive,大滑梯超刺激，排队时间也在可接受范围内。
2024-01-10,1,negative,地上太滑了，差点摔倒好几次。
2024-01-10,3,neutral,人太多了，建议工作日去。
2024-01-10,5,positive,冰酒吧体验独特，零下30度喝热饮很特别。
2024-01-10,3,neutral,票价有点贵，不过冰雕确实不错。
2024-01-10,4,positive,主办方今年安排得很用心，动线合理不绕路。
2024-01-10,3,neutral,人太多了，建议工作日去。
2024-01-11,4,positive,大滑梯超刺激，排队时间也在可接受范围内。
2024-01-11,5,positive,带孩子来的，小朋友玩得很开心，推荐！
2024-01-11,3,neutral,总体还行，就是排队太久了。
2024-01-11,1,negative,门票太贵了，性价比低。
2024-01-11,2,negative,停车费贵得离谱，而且不好找车位。
2024-01-11,2,negative,工作人员态度不好，问路都不理。
2024-01-11,1,negative,工作人员态度不好，问路都不理。
2024-01-11,4,positive,适合拍照打卡，随手一拍都是大片。
2024-01-11,4,positive,虽然冷但值得，哈尔滨的冬天名不虚传。
2024-01-11,2,negative,太冷了，园区取暖设施不够。
2024-01-11,5,positive,冰酒吧体验独特，零下30度喝热饮很特别。
2024-01-11,3,neutral,园区很大，走得腿都酸了，建议多设休息点。
2024-01-11,3,neutral,票价有点贵，不过冰雕确实不错。
2024-01-11,2,negative,门票太贵了，性价比低。
2024-01-11,4,positive,虽然人多但是氛围感很棒，冰雪的快乐。
2024-01-11,3,neutral,票价有点贵，不过冰雕确实不错。
2024-01-11,4,positive,主办方今年安排得很用心，动线合理不绕路。
2024-01-11,4,positive,冰酒吧体验独特，零下30度喝热饮很特别。
2024-01-11,4,positive,主办方今年安排得很用心，动线合理不绕路。
2024-01-11,4,positive,太美了！冰雕非常震撼，下次还来。
2024-01-11,1,negative,地上太滑了，差点摔倒好几次。
2024-01-11,2,negative,卫生间太少了，排队比看冰雕还久。
2024-01-11,5,positive,服务态度很好，园区管理有序。
2024-01-11,2,negative,地上太滑了，差点摔倒好几次。
2024-01-11,4,positive,带孩子来的，小朋友玩得很开心，推荐！
2024-01-11,3,neutral,中规中矩的一次体验，和预期差不多。
2024-01-11,5,positive,太美了！冰雕非常震撼，下次还来。
2024-01-11,2,negative,工作人员态度不好，问路都不理。
2024-01-11,3,neutral,停车场离入口有点远，走了好久。
2024-01-11,5,positive,带孩子来的，小朋友玩得很开心，推荐！
2024-01-11,1,negative,工作人员态度不好，问路都不理。
2024-01-11,1,negative,地上太滑了，差点摔倒好几次。
2024-01-11,5,positive,冰雪大世界的灯光秀太震撼了，音乐配合得绝佳！
2024-01-11,4,positive,冰滑梯排队虽久但值得，尖叫声不断。
2024-01-11,2,negative,冰雕有些已经开始融化，维护不及时。
2024-01-11,1,negative,餐饮又贵又难吃，建议自带食物。
2024-01-11,5,positive,服务态度很好，园区管理有序。
2024-01-11,5,positive,夜场的冰灯特别漂亮，像童话世界一样。
2024-01-11,5,positive,适合拍照打卡，随手一拍都是大片。
2024-01-11,1,negative,卫生间太少了，排队比看冰雕还久。
2024-01-11,4,positive,冰雪大世界的灯光秀太震撼了，音乐配合得绝佳！
2024-01-11,3,neutral,冰雕很美，但是餐厅价格偏高。
2024-01-11,2,negative,停车费贵得离谱，而且不好找车位。
2024-01-11,3,neutral,停车场离入口有点远，走了好久。
2024-01-11,5,positive,冰上龙舟很有创意，适合全家一起玩。
2024-01-12,5,positive,服务态度很好，园区管理有序。
2024-01-12,5,positive,虽然人多但是氛围感很棒，冰雪的快乐。
2024-01-12,4,positive,适合拍照打卡，随手一拍都是大片。
2024-01-12,4,positive,冰酒吧体验独特，零下30度喝热饮很特别。
2024-01-12,2,negative,门票太贵了，性价比低。
2024-01-12,3,neutral,中规中矩的一次体验，和预期差不多。
2024-01-12,4,positive,虽然人多但是氛围感很棒，冰雪的快乐。
2024-01-12,3,neutral,园区很大，走得腿都酸了，建议多设休息点。
2024-01-12,4,positive,虽然人多但是氛围感很棒，冰雪的快乐。
2024-01-12,5,positive,冰滑梯排队虽久但值得，尖叫声不断。
2024-01-12,5,positive,带孩子来的，小朋友玩得很开心，推荐！
2024-01-12,3,neutral,冰雕很美，但是餐厅价格偏高。
2024-01-12,4,positive,冰滑梯排队虽久但值得，尖叫声不断。
2024-01-12,5,positive,冰上龙舟很有创意，适合全家一起玩。
2024-01-12,4,positive,虽然冷但值得，哈尔滨的冬天名不虚传。
2024-01-12,5,positive,主办方今年安排得很用心，动线合理不绕路。
2024-01-12,3,neutral,停车场离入口有点远，走了好久。
2024-01-12,4,positive,冰酒吧体验独特，零下30度喝热饮很特别。
2024-01-12,3,neutral,白天看一般，晚上亮灯后效果才好。
2024-01-12,4,positive,今年冰雕规模比去年更大了，很壮观。
2024-01-12,4,positive,太美了！冰雕非常震撼，下次还来。
2024-01-12,3,neutral,停车场离入口有点远，走了好久。
2024-01-12,3,neutral,中规中矩的一次体验，和预期差不多。
2024-01-12,5,positive,夜场的冰灯特别漂亮，像童话世界一样。
2024-01-12,5,positive,冰上龙舟很有创意，适合全家一起玩。
2024-01-12,3,neutral,园区很大，走得腿都酸了，建议多设休息点。
2024-01-12,5,positive,今年冰雕规模比去年更大了，很壮观。
2024-01-12,5,positive,主办方今年安排得很用心，动线合理不绕路。
2024-01-12,4,positive,大滑梯超刺激，排队时间也在可接受范围内。
2024-01-12,2,negative,地上太滑了，差点摔倒好几次。
2024-01-12,4,positive,大滑梯超刺激，排队时间也在可接受范围内。
2024-01-12,2,negative,停车费贵得离谱，而且不好找车位。
2024-01-12,3,neutral,冰雕很美，但是餐厅价格偏高。
2024-01-12,1,negative,卫生间太少了，排队比看冰雕还久。
2024-01-12,5,positive,太美了！冰雕非常震撼，下次还来。
2024-01-12,3,neutral,园区很大，走得腿都酸了，建议多设休息点。
2024-01-12,3,neutral,票价有点贵，不过冰雕确实不错。
2024-01-12,3,neutral,园区很大，走得腿都酸了，建议多设休息点。
2024-01-12,5,positive,适合拍照打卡，随手一拍都是大片。
2024-01-12,3,neutral,白天看一般，晚上亮灯后效果才好。
2024-01-12,4,positive,冰上龙舟很有创意，适合全家一起玩。
2024-01-12,4,positive,极地馆的企鹅太可爱了，拍了好多照片。
2024-01-12,4,positive,主办方今年安排得很用心，动线合理不绕路。
2024-01-12,1,negative,人挤人，根本没心情看冰雕。
2024-01-12,5,positive,适合拍照打卡，随手一拍都是大片。
2024-01-12,3,neutral,停车场离入口有点远，走了好久。
2024-01-12,5,positive,冰雪大世界的灯光秀太震撼了，音乐配合得绝佳！
2024-01-12,4,positive,适合拍照打卡，随手一拍都是大片。
2024-01-12,4,positive,冰上龙舟很有创意，适合全家一起玩。
2024-01-12,5,positive,冰上龙舟很有创意，适合全家一起玩。
2024-01-12,3,neutral,总体还行，就是排队太久了。
2024-01-12,4,positive,带孩子来的，小朋友玩得很开心，推荐！
2024-01-12,5,positive,大滑梯超刺激，排队时间也在可接受范围内。
2024-01-12,2,negative,人挤人，根本没心情看冰雕。
2024-01-12,3,neutral,白天看一般，晚上亮灯后效果才好。
2024-01-12,4,positive,适合拍照打卡，随手一拍都是大片。
2024-01-12,3,neutral,园区很大，走得腿都酸了，建议多设休息点。
2024-01-12,4,positive,大滑梯超刺激，排队时间也在可接受范围内。
2024-01-12,3,neutral,中规中矩的一次体验，和预期差不多。
2024-01-12,3,neutral,停车场离入口有点远，走了好久。
2024-01-12,3,neutral,中规中矩的一次体验，和预期差不多。
2024-01-12,4,positive,服务态度很好，园区管理有序。
2024-01-12,4,positive,适合拍照打卡，随手一拍都是大片。
2024-01-12,3,neutral,中规中矩的一次体验，和预期差不多。
2024-01-12,5,positive,今年冰雕规模比去年更大了，很壮观。
2024-01-12,4,positive,适合拍照打卡，随手一拍都是大片。
2024-01-12,3,neutral,停车场离入口有点远，走了好久。
2024-01-12,3,neutral,冰雕很美，但是餐厅价格偏高。
2024-01-12,5,positive,大滑梯超刺激，排队时间也在可接受范围内。
2024-01-12,3,neutral,冰雕很美，但是餐厅价格偏高。
2024-01-12,5,positive,虽然冷但值得，哈尔滨的冬天名不虚传。
2024-01-12,3,neutral,票价有点贵，不过冰雕确实不错。
2024-01-12,3,neutral,园区很大，走得腿都酸了，建议多设休息点。
2024-01-12,5,positive,今年冰雕规模比去年更大了，很壮观。
2024-01-12,3,neutral,票价有点贵，不过冰雕确实不错。
2024-01-12,5,positive,适合拍照打卡，随手一拍都是大片。
2024-01-12,4,positive,极地馆的企鹅太可爱了，拍了好多照片。
2024-01-12,2,negative,餐饮又贵又难吃，建议自带食物。
2024-01-12,3,neutral,园区很大，走得腿都酸了，建议多设休息点。
2024-01-12,3,neutral,园区很大，走得腿都酸了，建议多设休息点。
2024-01-12,5,positive,适合拍照打卡，随手一拍都是大片。
2024-01-12,4,positive,冰上龙舟很有创意，适合全家一起玩。
2024-01-12,4,positive,大滑梯超刺激，排队时间也在可接受范围内。
2024-01-12,5,positive,适合拍照打卡，随手一拍都是大片。
2024-01-12,3,neutral,冰雕很美，但是餐厅价格偏高。
2024-01-12,4,positive,带孩子来的，小朋友玩得很开心，推荐！
2024-01-12,4,positive,虽然人多但是氛围感很棒，冰雪的快乐。
2024-01-12,3,neutral,园区很大，走得腿都酸了，建议多设休息点。
2024-01-12,1,negative,门票太贵了，性价比低。
2024-01-12,3,neutral,园区很大，走得腿都酸了，建议多设休息点。
2024-01-12,4,positive,今年冰雕规模比去年更大了，很壮观。
2024-01-12,1,negative,餐饮又贵又难吃，建议自带食物。
2024-01-12,4,positive,大滑梯超刺激，排队时间也在可接受范围内。
2024-01-12,4,positive,太美了！冰雕非常震撼，下次还来。
2024-01-12,5,positive,适合拍照打卡，随手一拍都是大片。
2024-01-12,1,negative,卫生间太少了，排队比看冰雕还久。
2024-01-12,5,positive,夜场的冰灯特别漂亮，像童话世界一样。
2024-01-12,1,negative,门票太贵了，性价比低。
2024-01-12,4,positive,太美了！冰雕非常震撼，下次还来。
2024-01-12,4,positive,太美了！冰雕非常震撼，下次还来。
2024-01-12,3,neutral,冰雕很美，但是餐厅价格偏高。
2024-01-12,4,positive,适合拍照打卡，随手一拍都是大片。
2024-01-12,1,negative,餐饮又贵又难吃，建议自带食物。
2024-01-12,5,positive,冰雪大世界的灯光秀太震撼了，音乐配合得绝佳！
2024-01-12,3,neutral,停车场离入口有点远，走了好久。
2024-01-12,3,neutral,票价有点贵，不过冰雕确实不错。
2024-01-12,5,positive,虽然人多但是氛围感很棒，冰雪的快乐。
2024-01-12,1,negative,排队排了2个小时，体验很差。
2024-01-12,2,negative,停车费贵得离谱，而且不好找车位。
2024-01-13,3,neutral,冰雕很美，但是餐厅价格偏高。
2024-01-13,3,neutral,停车场离入口有点远，走了好久。
2024-01-13,4,positive,冰上龙舟很有创意，适合全家一起玩。
2024-01-13,4,positive,冰上龙舟很有创意，适合全家一起玩。
2024-01-13,5,positive,今年冰雕规模比去年更大了，很壮观。
2024-01-13,5,positive,夜场的冰灯特别漂亮，像童话世界一样。
2024-01-13,1,negative,排队排了2个小时，体验很差。
2024-01-13,3,neutral,冰雕很美，但是餐厅价格偏高。
2024-01-13,3,neutral,停车场离入口有点远，走了好久。
2024-01-13,4,positive,带孩子来的，小朋友玩得很开心，推荐！
2024-01-13,5,positive,虽然人多但是氛围感很棒，冰雪的快乐。
2024-01-13,4,positive,带孩子来的，小朋友玩得很开心，推荐！
2024-01-13,5,positive,服务态度很好，园区管理有序。
2024-01-13,4,positive,冰上龙舟很有创意，适合全家一起玩。
2024-01-13,2,negative,太冷了，园区取暖设施不够。
2024-01-13,3,neutral,总体还行，就是排队太久了。
2024-01-13,3,neutral,人太多了，建议工作日去。
2024-01-13,2,negative,餐饮又贵又难吃，建议自带食物。
2024-01-13,5,positive,主办方今年安排得很用心，动线合理不绕路。
2024-01-13,5,positive,冰酒吧体验独特，零下30度喝热饮很特别。
2024-01-13,2,negative,门票太贵了，性价比低。
2024-01-13,2,negative,太冷了，园区取暖设施不够。
2024-01-13,4,positive,虽然冷但值得，哈尔滨的冬天名不虚传。
2024-01-13,3,neutral,票价有点贵，不过冰雕确实不错。
2024-01-13,4,positive,极地馆的企鹅太可爱了，拍了好多照片。
2024-01-13,3,neutral,白天看一般，晚上亮灯后效果才好。
2024-01-13,1,negative,停车费贵得离谱，而且不好找车位。
2024-01-13,5,positive,冰酒吧体验独特，零下30度喝热饮很特别。
2024-01-13,2,negative,停车费贵得离谱，而且不好找车位。
2024-01-13,5,positive,虽然冷但值得，哈尔滨的冬天名不虚传。
2024-01-13,3,neutral,白天看一般，晚上亮灯后效果才好。
2024-01-13,3,neutral,停车场离入口有点远，走了好久。
2024-01-13,2,negative,冰雕有些已经开始融化，维护不及时。
2024-01-13,3,neutral,冰雕很美，但是餐厅价格偏高。
2024-01-13,4,positive,虽然人多但是氛围感很棒，冰雪的快乐。
2024-01-13,5,positive,冰酒吧体验独特，零下30度喝热饮很特别。
2024-01-13,4,positive,服务态度很好，园区管理有序。
2024-01-13,5,positive,大滑梯超刺激，排队时间也在可接受范围内。
2024-01-13,1,negative,停车费贵得离谱，而且不好找车位。
2024-01-13,5,positive,冰酒吧体验独特，零下30度喝热饮很特别。
2024-01-13,4,positive,太美了！冰雕非常震撼，下次还来。
2024-01-13,2,negative,停车费贵得离谱，而且不好找车位。
2024-01-13,5,positive,适合拍照打卡，随手一拍都是大片。
2024-01-13,4,positive,带孩子来的，小朋友玩得很开心，推荐！
2024-01-13,1,negative,人挤人，根本没心情看冰雕。
2024-01-13,3,neutral,园区很大，走得腿都酸了，建议多设休息点。
2024-01-13,4,positive,大滑梯超刺激，排队时间也在可接受范围内。
2024-01-13,4,positive,冰雪大世界的灯光秀太震撼了，音乐配合得绝佳！
2024-01-13,5,positive,带孩子来的，小朋友玩得很开心，推荐！
2024-01-13,2,negative,餐饮又贵又难吃，建议自带食物。
2024-01-13,2,negative,人挤人，根本没心情看冰雕。
2024-01-13,2,negative,餐饮又贵又难吃，建议自带食物。
2024-01-13,4,positive,极地馆的企鹅太可爱了，拍了好多照片。
2024-01-13,2,negative,太冷了，园区取暖设施不够。
2024-01-13,4,positive,夜场的冰灯特别漂亮，像童话世界一样。
2024-01-13,2,negative,排队排了2个小时，体验很差。
2024-01-13,5,positive,服务态度很好，园区管理有序。
2024-01-13,3,neutral,停车场离入口有点远，走了好久。
2024-01-13,3,neutral,停车场离入口有点远，走了好久。
2024-01-13,5,positive,大滑梯超刺激，排队时间也在可接受范围内。
2024-01-13,5,positive,太美了！冰雕非常震撼，下次还来。
2024-01-13,5,positive,虽然冷但值得，哈尔滨的冬天名不虚传。
2024-01-13,4,positive,大滑梯超刺激，排队时间也在可接受范围内。
2024-01-13,3,neutral,冰雕很美，但是餐厅价格偏高。
2024-01-13,1,negative,冰雕有些已经开始融化，维护不及时。
2024-01-13,3,neutral,票价有点贵，不过冰雕确实不错。
2024-01-13,2,negative,人挤人，根本没心情看冰雕。
2024-01-13,3,neutral,冰雕很美，但是餐厅价格偏高。
2024-01-13,5,positive,主办方今年安排得很用心，动线合理不绕路。
2024-01-13,3,neutral,园区很大，走得腿都酸了，建议多设休息点。
2024-01-13,5,positive,服务态度很好，园区管理有序。
2024-01-13,5,positive,带孩子来的，小朋友玩得很开心，推荐！
2024-01-13,4,positive,极地馆的企鹅太可爱了，拍了好多照片。
2024-01-13,5,positive,虽然冷但值得，哈尔滨的冬天名不虚传。
2024-01-13,4,positive,冰雪大世界的灯光秀太震撼了，音乐配合得绝佳！
2024-01-13,2,negative,餐饮又贵又难吃，建议自带食物。
2024-01-13,2,negative,门票太贵了，性价比低。
2024-01-13,4,positive,虽然人多但是氛围感很棒，冰雪的快乐。
2024-01-13,5,positive,夜场的冰灯特别漂亮，像童话世界一样。
2024-01-13,4,positive,带孩子来的，小朋友玩得很开心，推荐！
2024-01-13,5,positive,太美了！冰雕非常震撼，下次还来。
2024-01-13,3,neutral,人太多了，建议工作日去。
2024-01-13,4,positive,主办方今年安排得很用心，动线合理不绕路。
2024-01-13,2,negative,门票太贵了，性价比低。
2024-01-13,4,positive,冰酒吧体验独特，零下30度喝热饮很特别。
2024-01-13,5,positive,适合拍照打卡，随手一拍都是大片。
2024-01-13,2,negative,停车费贵得离谱，而且不好找车位。
2024-01-13,3,neutral,冰雕很美，但是餐厅价格偏高。
2024-01-13,1,negative,冰雕有些已经开始融化，维护不及时。
2024-01-13,2,negative,太冷了，园区取暖设施不够。
2024-01-13,4,positive,冰上龙舟很有创意，适合全家一起玩。
2024-01-14,2,negative,门票太贵了，性价比低。
2024-01-14,2,negative,工作人员态度不好，问路都不理。
2024-01-14,4,positive,大滑梯超刺激，排队时间也在可接受范围内。
2024-01-14,4,positive,极地馆的企鹅太可爱了，拍了好多照片。
2024-01-14,1,negative,卫生间太少了，排队比看冰雕还久。
2024-01-14,2,negative,冰雕有些已经开始融化，维护不及时。
2024-01-14,3,neutral,停车场离入口有点远，走了好久。
2024-01-14,1,negative,太冷了，园区取暖设施不够。
2024-01-14,4,positive,冰酒吧体验独特，零下30度喝热饮很特别。
2024-01-14,3,neutral,总体还行，就是排队太久了。
2024-01-14,2,negative,工作人员态度不好，问路都不理。
2024-01-14,3,neutral,中规中矩的一次体验，和预期差不多。
2024-01-14,1,negative,停车费贵得离谱，而且不好找车位。
2024-01-14,5,positive,大滑梯超刺激，排队时间也在可接受范围内。
2024-01-14,5,positive,太美了！冰雕非常震撼，下次还来。
2024-01-14,3,neutral,票价有点贵，不过冰雕确实不错。
2024-01-14,4,positive,虽然冷但值得，哈尔滨的冬天名不虚传。
2024-01-14,4,positive,冰雪大世界的灯光秀太震撼了，音乐配合得绝佳！
2024-01-14,1,negative,停车费贵得离谱，而且不好找车位。
2024-01-14,4,positive,冰酒吧体验独特，零下30度喝热饮很特别。
2024-01-14,2,negative,排队排了2个小时，体验很差。
2024-01-14,5,positive,主办方今年安排得很用心，动线合理不绕路。
2024-01-14,2,negative,门票太贵了，性价比低。
2024-01-14,4,positive,冰酒吧体验独特，零下30度喝热饮很特别。
2024-01-14,3,neutral,总体还行，就是排队太久了。
2024-01-14,3,neutral,人太多了，建议工作日去。
2024-01-14,5,positive,冰上龙舟很有创意，适合全家一起玩。
2024-01-14,3,neutral,停车场离入口有点远，走了好久。
2024-01-14,3,neutral,冰雕很美，但是餐厅价格偏高。
2024-01-14,3,neutral,人太多了，建议工作日去。
2024-01-14,3,neutral,白天看一般，晚上亮灯后效果才好。
2024-01-14,4,positive,冰雪大世界的灯光秀太震撼了，音乐配合得绝佳！
2024-01-14,2,negative,冰雕有些已经开始融化，维护不及时。
2024-01-14,2,negative,太冷了，园区取暖设施不够。
2024-01-14,3,neutral,停车场离入口有点远，走了好久。
2024-01-14,1,negative,地上太滑了，差点摔倒好几次。
2024-01-14,3,neutral,白天看一般，晚上亮灯后效果才好。
2024-01-14,1,negative,地上太滑了，差点摔倒好几次。
2024-01-14,5,positive,今年冰雕规模比去年更大了，很壮观。
2024-01-14,3,neutral,票价有点贵，不过冰雕确实不错。
2024-01-14,4,positive,虽然人多但是氛围感很棒，冰雪的快乐。
2024-01-14,5,positive,夜场的冰灯特别漂亮，像童话世界一样。
2024-01-14,1,negative,地上太滑了，差点摔倒好几次。
2024-01-14,3,neutral,白天看一般，晚上亮灯后效果才好。
2024-01-14,5,positive,适合拍照打卡，随手一拍都是大片。
2024-01-14,2,negative,冰雕有些已经开始融化，维护不及时。
2024-01-14,5,positive,大滑梯超刺激，排队时间也在可接受范围内。
2024-01-14,4,positive,冰雪大世界的灯光秀太震撼了，音乐配合得绝佳！
2024-01-14,5,positive,服务态度很好，园区管理有序。
2024-01-14,3,neutral,总体还行，就是排队太久了。
2024-01-14,2,negative,冰雕有些已经开始融化，维护不及时。
2024-01-14,5,positive,带孩子来的，小朋友玩得很开心，推荐！
2024-01-14,4,positive,今年冰雕规模比去年更大了，很壮观。
2024-01-14,5,positive,大滑梯超刺激，排队时间也在可接受范围内。
2024-01-14,3,neutral,中规中矩的一次体验，和预期差不多。
2024-01-14,1,negative,太冷了，园区取暖设施不够。
2024-01-14,3,neutral,白天看一般，晚上亮灯后效果才好。
2024-01-14,3,neutral,总体还行，就是排队太久了。
2024-01-14,2,negative,卫生间太少了，排队比看冰雕还久。
2024-01-14,3,neutral,停车场离入口有点远，走了好久。
2024-01-14,3,neutral,白天看一般，晚上亮灯后效果才好。
2024-01-14,1,negative,排队排了2个小时，体验很差。
2024-01-14,3,neutral,园区很大，走得腿都酸了，建议多设休息点。
2024-01-14,3,neutral,中规中矩的一次体验，和预期差不多。
2024-01-14,2,negative,停车费贵得离谱，而且不好找车位。
2024-01-14,2,negative,冰雕有些已经开始融化，维护不及时。
2024-01-14,4,positive,冰雪大世界的灯光秀太震撼了，音乐配合得绝佳！
2024-01-14,3,neutral,停车场离入口有点远，走了好久。
2024-01-14,5,positive,主办方今年安排得很用心，动线合理不绕路。
2024-01-14,5,positive,太美了！冰雕非常震撼，下次还来。
2024-01-14,5,positive,虽然冷但值得，哈尔滨的冬天名不虚传。
2024-01-14,4,positive,大滑梯超刺激，排队时间也在可接受范围内。
2024-01-14,2,negative,卫生间太少了，排队比看冰雕还久。
2024-01-14,3,neutral,人太多了，建议工作日去。
2024-01-14,4,positive,冰滑梯排队虽久但值得，尖叫声不断。
2024-01-14,5,positive,大滑梯超刺激，排队时间也在可接受范围内。
2024-01-14,3,neutral,停车场离入口有点远，走了好久。
2024-01-14,1,negative,冰雕有些已经开始融化，维护不及时。
2024-01-14,3,neutral,票价有点贵，不过冰雕确实不错。
2024-01-14,5,positive,太美了！冰雕非常震撼，下次还来。
2024-01-14,2,negative,停车费贵得离谱，而且不好找车位。
2024-01-14,4,positive,主办方今年安排得很用心，动线合理不绕路。
2024-01-14,1,negative,人挤人，根本没心情看冰雕。
2024-01-14,5,positive,适合拍照打卡，随手一拍都是大片。
2024-01-14,5,positive,夜场的冰灯特别漂亮，像童话世界一样。
2024-01-14,4,positive,大滑梯超刺激，排队时间也在可接受范围内。
2024-01-14,1,negative,卫生间太少了，排队比看冰雕还久。
2024-01-14,2,negative,排队排了2个小时，体验很差。
2024-01-14,3,neutral,白天看一般，晚上亮灯后效果才好。
2024-01-14,1,negative,太冷了，园区取暖设施不够。
2024-01-14,5,positive,虽然冷但值得，哈尔滨的冬天名不虚传。
2024-01-14,4,positive,虽然人多但是氛围感很棒，冰雪的快乐。
2024-01-14,3,neutral,票价有点贵，不过冰雕确实不错。
2024-01-14,3,neutral,停车场离入口有点远，走了好久。
2024-01-14,3,neutral,票价有点贵，不过冰雕确实不错。
2024-01-14,3,neutral,人太多了，建议工作日去。
2024-01-14,5,positive,冰上龙舟很有创意，适合全家一起玩。
2024-01-14,3,neutral,冰雕很美，但是餐厅价格偏高。
2024-01-14,3,neutral,冰雕很美，但是餐厅价格偏高。
2024-01-14,4,positive,服务态度很好，园区管理有序。
2024-01-14,5,positive,虽然人多但是氛围感很棒，冰雪的快乐。
2024-01-14,3,neutral,停车场离入口有点远，走了好久。
2024-01-14,1,negative,冰雕有些已经开始融化，维护不及时。
2024-01-14,2,negative,人挤人，根本没心情看冰雕。
2024-01-14,5,positive,冰上龙舟很有创意，适合全家一起玩。
2024-01-14,2,negative,卫生间太少了，排队比看冰雕还久。
2024-01-14,3,neutral,人太多了，建议工作日去。
2024-01-14,3,neutral,白天看一般，晚上亮灯后效果才好。
2024-01-14,1,negative,人挤人，根本没心情看冰雕。
2024-01-14,1,negative,停车费贵得离谱，而且不好找车位。
2024-01-14,3,neutral,人太多了，建议工作日去。
2024-01-14,3,neutral,票价有点贵，不过冰雕确实不错。
2024-01-14,5,positive,大滑梯超刺激，排队时间也在可接受范围内。
2024-01-14,5,positive,主办方今年安排得很用心，动线合理不绕路。
2024-01-14,4,positive,主办方今年安排得很用心，动线合理不绕路。
2024-01-14,3,neutral,白天看一般，晚上亮灯后效果才好。
2024-01-14,2,negative,地上太滑了，差点摔倒好几次。
2024-01-14,3,neutral,冰雕很美，但是餐厅价格偏高。
2024-01-14,5,positive,虽然人多但是氛围感很棒，冰雪的快乐。
2024-01-14,4,positive,太美了！冰雕非常震撼，下次还来。
2024-01-14,3,neutral,冰雕很美，但是餐厅价格偏高。
2024-01-14,2,negative,门票太贵了，性价比低。
2024-01-14,3,neutral,停车场离入口有点远，走了好久。
2024-01-14,1,negative,餐饮又贵又难吃，建议自带食物。
2024-01-14,5,positive,冰上龙舟很有创意，适合全家一起玩。
2024-01-14,5,positive,极地馆的企鹅太可爱了，拍了好多照片。
2024-01-14,4,positive,冰上龙舟很有创意，适合全家一起玩。
2024-01-14,3,neutral,中规中矩的一次体验，和预期差不多。
2024-01-14,2,negative,地上太滑了，差点摔倒好几次。
2024-01-14,2,negative,卫生间太少了，排队比看冰雕还久。
2024-01-14,1,negative,卫生间太少了，排队比看冰雕还久。
2024-01-14,3,neutral,白天看一般，晚上亮灯后效果才好。
2024-01-14,1,negative,冰雕有些已经开始融化，维护不及时。
2024-01-14,1,negative,地上太滑了，差点摔倒好几次。
2024-01-14,2,negative,人挤人，根本没心情看冰雕。
2024-01-14,5,positive,适合拍照打卡，随手一拍都是大片。
2024-01-14,1,negative,人挤人，根本没心情看冰雕。
2024-01-14,4,positive,冰酒吧体验独特，零下30度喝热饮很特别。
2024-01-14,4,positive,服务态度很好，园区管理有序。
2024-01-14,4,positive,虽然冷但值得，哈尔滨的冬天名不虚传。
2024-01-15,3,neutral,白天看一般，晚上亮灯后效果才好。
2024-01-15,5,positive,太美了！冰雕非常震撼，下次还来。
2024-01-15,3,neutral,中规中矩的一次体验，和预期差不多。
2024-01-15,3,neutral,停车场离入口有点远，走了好久。
2024-01-15,3,neutral,白天看一般，晚上亮灯后效果才好。
2024-01-15,5,positive,服务态度很好，园区管理有序。
2024-01-15,1,negative,餐饮又贵又难吃，建议自带食物。
2024-01-15,5,positive,冰上龙舟很有创意，适合全家一起玩。
2024-01-15,3,neutral,总体还行，就是排队太久了。
2024-01-15,5,positive,夜场的冰灯特别漂亮，像童话世界一样。
2024-01-15,4,positive,极地馆的企鹅太可爱了，拍了好多照片。
2024-01-15,4,positive,冰酒吧体验独特，零下30度喝热饮很特别。
2024-01-15,3,neutral,中规中矩的一次体验，和预期差不多。
2024-01-15,2,negative,太冷了，园区取暖设施不够。
2024-01-15,4,positive,虽然人多但是氛围感很棒，冰雪的快乐。
2024-01-15,4,positive,虽然人多但是氛围感很棒，冰雪的快乐。
2024-01-15,2,negative,冰雕有些已经开始融化，维护不及时。
2024-01-15,3,neutral,票价有点贵，不过冰雕确实不错。
2024-01-15,3,neutral,停车场离入口有点远，走了好久。
2024-01-15,3,neutral,总体还行，就是排队太久了。
2024-01-15,2,negative,餐饮又贵又难吃，建议自带食物。
2024-01-15,2,negative,工作人员态度不好，问路都不理。
2024-01-15,4,positive,虽然人多但是氛围感很棒，冰雪的快乐。
2024-01-15,3,neutral,人太多了，建议工作日去。
2024-01-15,2,negative,太冷了，园区取暖设施不够。
2024-01-15,2,negative,冰雕有些已经开始融化，维护不及时。
2024-01-15,4,positive,主办方今年安排得很用心，动线合理不绕路。
2024-01-15,3,neutral,冰雕很美，但是餐厅价格偏高。
2024-01-15,4,positive,今年冰雕规模比去年更大了，很壮观。
2024-01-15,3,neutral,白天看一般，晚上亮灯后效果才好。
2024-01-15,3,neutral,票价有点贵，不过冰雕确实不错。
2024-01-15,5,positive,虽然人多但是氛围感很棒，冰雪的快乐。
2024-01-15,3,neutral,中规中矩的一次体验，和预期差不多。
2024-01-15,4,positive,虽然人多但是氛围感很棒，冰雪的快乐。
2024-01-15,5,positive,冰雪大世界的灯光秀太震撼了，音乐配合得绝佳！
2024-01-15,4,positive,虽然人多但是氛围感很棒，冰雪的快乐。
2024-01-15,5,positive,极地馆的企鹅太可爱了，拍了好多照片。
2024-01-15,2,negative,工作人员态度不好，问路都不理。
2024-01-15,2,negative,地上太滑了，差点摔倒好几次。
2024-01-15,5,positive,冰雪大世界的灯光秀太震撼了，音乐配合得绝佳！
2024-01-15,3,neutral,停车场离入口有点远，走了好久。
2024-01-15,3,neutral,总体还行，就是排队太久了。
2024-01-15,3,neutral,票价有点贵，不过冰雕确实不错。
2024-01-15,3,neutral,园区很大，走得腿都酸了，建议多设休息点。
2024-01-15,4,positive,冰雪大世界的灯光秀太震撼了，音乐配合得绝佳！
2024-01-15,3,neutral,冰雕很美，但是餐厅价格偏高。
2024-01-15,5,positive,虽然冷但值得，哈尔滨的冬天名不虚传。
2024-01-15,3,neutral,票价有点贵，不过冰雕确实不错。
2024-01-15,3,neutral,白天看一般，晚上亮灯后效果才好。
2024-01-15,5,positive,带孩子来的，小朋友玩得很开心，推荐！
2024-01-15,4,positive,主办方今年安排得很用心，动线合理不绕路。
2024-01-15,1,negative,太冷了，园区取暖设施不够。
2024-01-15,5,positive,冰上龙舟很有创意，适合全家一起玩。
2024-01-15,3,neutral,人太多了，建议工作日去。
2024-01-15,5,positive,适合拍照打卡，随手一拍都是大片。
2024-01-15,2,negative,门票太贵了，性价比低。
2024-01-15,3,neutral,总体还行，就是排队太久了。
2024-01-15,3,neutral,总体还行，就是排队太久了。
2024-01-16,1,negative,地上太滑了，差点摔倒好几次。
2024-01-16,5,positive,主办方今年安排得很用心，动线合理不绕路。
2024-01-16,5,positive,太美了！冰雕非常震撼，下次还来。
2024-01-16,5,positive,大滑梯超刺激，排队时间也在可接受范围内。
2024-01-16,2,negative,地上太滑了，差点摔倒好几次。
2024-01-16,5,positive,今年冰雕规模比去年更大了，很壮观。
2024-01-16,3,neutral,白天看一般，晚上亮灯后效果才好。
2024-01-16,2,negative,餐饮又贵又难吃，建议自带食物。
2024-01-16,2,negative,人挤人，根本没心情看冰雕。
2024-01-16,3,neutral,白天看一般，晚上亮灯后效果才好。
2024-01-16,3,neutral,人太多了，建议工作日去。
2024-01-16,5,positive,夜场的冰灯特别漂亮，像童话世界一样。
2024-01-16,4,positive,夜场的冰灯特别漂亮，像童话世界一样。
2024-01-16,3,neutral,票价有点贵，不过冰雕确实不错。
2024-01-16,3,neutral,白天看一般，晚上亮灯后效果才好。
2024-01-16,4,positive,冰酒吧体验独特，零下30度喝热饮很特别。
2024-01-16,3,neutral,园区很大，走得腿都酸了，建议多设休息点。
2024-01-16,4,positive,冰上龙舟很有创意，适合全家一起玩。
2024-01-16,4,positive,冰滑梯排队虽久但值得，尖叫声不断。
2024-01-16,3,neutral,人太多了，建议工作日去。
2024-01-16,4,positive,虽然冷但值得，哈尔滨的冬天名不虚传。
2024-01-16,2,negative,冰雕有些已经开始融化，维护不及时。
2024-01-16,4,positive,冰雪大世界的灯光秀太震撼了，音乐配合得绝佳！
2024-01-16,3,neutral,冰雕很美，但是餐厅价格偏高。
2024-01-16,2,negative,冰雕有些已经开始融化，维护不及时。
2024-01-16,1,negative,门票太贵了，性价比低。
2024-01-16,4,positive,冰雪大世界的灯光秀太震撼了，音乐配合得绝佳！
2024-01-16,5,positive,太美了！冰雕非常震撼，下次还来。
2024-01-16,4,positive,冰滑梯排队虽久但值得，尖叫声不断。
2024-01-16,3,neutral,停车场离入口有点远，走了好久。
2024-01-16,2,negative,门票太贵了，性价比低。
2024-01-16,4,positive,冰雪大世界的灯光秀太震撼了，音乐配合得绝佳！
2024-01-16,4,positive,极地馆的企鹅太可爱了，拍了好多照片。
2024-01-16,2,negative,餐饮又贵又难吃，建议自带食物。
2024-01-16,4,positive,带孩子来的，小朋友玩得很开心，推荐！
2024-01-16,1,negative,冰雕有些已经开始融化，维护不及时。
2024-01-16,3,neutral,中规中矩的一次体验，和预期差不多。
2024-01-16,1,negative,停车费贵得离谱，而且不好找车位。
2024-01-16,3,neutral,冰雕很美，但是餐厅价格偏高。
2024-01-16,1,negative,工作人员态度不好，问路都不理。
2024-01-16,3,neutral,冰雕很美，但是餐厅价格偏高。
2024-01-16,5,positive,冰上龙舟很有创意，适合全家一起玩。
2024-01-16,4,positive,虽然人多但是氛围感很棒，冰雪的快乐。
2024-01-16,2,negative,门票太贵了，性价比低。
2024-01-16,3,neutral,园区很大，走得腿都酸了，建议多设休息点。
2024-01-16,5,positive,服务态度很好，园区管理有序。
2024-01-16,5,positive,虽然人多但是氛围感很棒，冰雪的快乐。
2024-01-16,5,positive,冰上龙舟很有创意，适合全家一起玩。
2024-01-16,5,positive,带孩子来的，小朋友玩得很开心，推荐！
2024-01-16,3,neutral,园区很大，走得腿都酸了，建议多设休息点。
2024-01-16,5,positive,服务态度很好，园区管理有序。
2024-01-16,2,negative,停车费贵得离谱，而且不好找车位。
2024-01-16,4,positive,今年冰雕规模比去年更大了，很壮观。
2024-01-16,1,negative,停车费贵得离谱，而且不好找车位。
2024-01-16,2,negative,门票太贵了，性价比低。
2024-01-16,3,neutral,冰雕很美，但是餐厅价格偏高。
2024-01-16,2,negative,排队排了2个小时，体验很差。
2024-01-16,3,neutral,白天看一般，晚上亮灯后效果才好。
2024-01-16,1,negative,门票太贵了，性价比低。
2024-01-16,4,positive,太美了！冰雕非常震撼，下次还来。
2024-01-16,5,positive,冰酒吧体验独特，零下30度喝热饮很特别。
2024-01-16,3,neutral,总体还行，就是排队太久了。
2024-01-16,2,negative,停车费贵得离谱，而且不好找车位。
2024-01-16,4,positive,适合拍照打卡，随手一拍都是大片。
2024-01-16,5,positive,冰上龙舟很有创意，适合全家一起玩。
2024-01-16,5,positive,虽然人多但是氛围感很棒，冰雪的快乐。
2024-01-16,4,positive,冰滑梯排队虽久但值得，尖叫声不断。
2024-01-16,5,positive,冰滑梯排队虽久但值得，尖叫声不断。
2024-01-16,2,negative,门票太贵了，性价比低。
2024-01-16,4,positive,主办方今年安排得很用心，动线合理不绕路。
2024-01-16,2,negative,人挤人，根本没心情看冰雕。
2024-01-16,3,neutral,中规中矩的一次体验，和预期差不多。
2024-01-16,5,positive,虽然冷但值得，哈尔滨的冬天名不虚传。
2024-01-16,5,positive,冰雪大世界的灯光秀太震撼了，音乐配合得绝佳！
2024-01-16,4,positive,虽然冷但值得，哈尔滨的冬天名不虚传。
2024-01-16,3,neutral,冰雕很美，但是餐厅价格偏高。
2024-01-16,3,neutral,人太多了，建议工作日去。
2024-01-16,4,positive,冰雪大世界的灯光秀太震撼了，音乐配合得绝佳！
2024-01-16,1,negative,太冷了，园区取暖设施不够。
2024-01-16,1,negative,排队排了2个小时，体验很差。
2024-01-16,5,positive,大滑梯超刺激，排队时间也在可接受范围内。
2024-01-16,3,neutral,停车场离入口有点远，走了好久。
2024-01-16,5,positive,太美了！冰雕非常震撼，下次还来。
2024-01-16,4,positive,冰酒吧体验独特，零下30度喝热饮很特别。
2024-01-16,3,neutral,中规中矩的一次体验，和预期差不多。
2024-01-16,1,negative,餐饮又贵又难吃，建议自带食物。
2024-01-16,4,positive,带孩子来的，小朋友玩得很开心，推荐！
2024-01-16,3,neutral,冰雕很美，但是餐厅价格偏高。
2024-01-16,4,positive,今年冰雕规模比去年更大了，很壮观。
2024-01-16,4,positive,适合拍照打卡，随手一拍都是大片。
2024-01-16,3,neutral,白天看一般，晚上亮灯后效果才好。
2024-01-16,4,positive,夜场的冰灯特别漂亮，像童话世界一样。
2024-01-16,1,negative,人挤人，根本没心情看冰雕。
2024-01-16,5,positive,夜场的冰灯特别漂亮，像童话世界一样。
2024-01-16,1,negative,卫生间太少了，排队比看冰雕还久。
2024-01-16,2,negative,地上太滑了，差点摔倒好几次。
2024-01-16,5,positive,极地馆的企鹅太可爱了，拍了好多照片。
2024-01-16,3,neutral,冰雕很美，但是餐厅价格偏高。
2024-01-16,4,positive,虽然人多但是氛围感很棒，冰雪的快乐。
2024-01-16,3,neutral,人太多了，建议工作日去。
2024-01-16,3,neutral,冰雕很美，但是餐厅价格偏高。
2024-01-16,4,positive,冰滑梯排队虽久但值得，尖叫声不断。
2024-01-17,4,positive,虽然人多但是氛围感很棒，冰雪的快乐。
2024-01-17,3,neutral,停车场离入口有点远，走了好久。
2024-01-17,3,neutral,冰雕很美，但是餐厅价格偏高。
2024-01-17,3,neutral,中规中矩的一次体验，和预期差不多。
2024-01-17,3,neutral,票价有点贵，不过冰雕确实不错。
2024-01-17,3,neutral,停车场离入口有点远，走了好久。
2024-01-17,3,neutral,票价有点贵，不过冰雕确实不错。
2024-01-17,3,neutral,人太多了，建议工作日去。
2024-01-17,3,neutral,园区很大，走得腿都酸了，建议多设休息点。
2024-01-17,4,positive,虽然人多但是氛围感很棒，冰雪的快乐。
2024-01-17,4,positive,冰雪大世界的灯光秀太震撼了，音乐配合得绝佳！
2024-01-17,4,positive,适合拍照打卡，随手一拍都是大片。
2024-01-17,3,neutral,白天看一般，晚上亮灯后效果才好。
2024-01-17,3,neutral,中规中矩的一次体验，和预期差不多。
2024-01-17,5,positive,带孩子来的，小朋友玩得很开心，推荐！
2024-01-17,4,positive,主办方今年安排得很用心，动线合理不绕路。
2024-01-17,5,positive,服务态度很好，园区管理有序。
2024-01-17,3,neutral,总体还行，就是排队太久了。
2024-01-17,4,positive,大滑梯超刺激，排队时间也在可接受范围内。
2024-01-17,5,positive,极地馆的企鹅太可爱了，拍了好多照片。
2024-01-17,4,positive,带孩子来的，小朋友玩得很开心，推荐！
2024-01-17,5,positive,冰上龙舟很有创意，适合全家一起玩。
2024-01-17,3,neutral,中规中矩的一次体验，和预期差不多。
2024-01-17,3,neutral,冰雕很美，但是餐厅价格偏高。
2024-01-17,5,positive,冰酒吧体验独特，零下30度喝热饮很特别。
2024-01-17,3,neutral,白天看一般，晚上亮灯后效果才好。
2024-01-17,2,negative,地上太滑了，差点摔倒好几次。
2024-01-17,4,positive,带孩子来的，小朋友玩得很开心，推荐！
2024-01-17,4,positive,冰雪大世界的灯光秀太震撼了，音乐配合得绝佳！
2024-01-17,3,neutral,园区很大，走得腿都酸了，建议多设休息点。
2024-01-17,3,neutral,停车场离入口有点远，走了好久。
2024-01-17,5,positive,太美了！冰雕非常震撼，下次还来。
2024-01-17,5,positive,冰酒吧体验独特，零下30度喝热饮很特别。
2024-01-17,2,negative,卫生间太少了，排队比看冰雕还久。
2024-01-17,3,neutral,中规中矩的一次体验，和预期差不多。
2024-01-17,1,negative,停车费贵得离谱，而且不好找车位。
2024-01-17,5,positive,虽然冷但值得，哈尔滨的冬天名不虚传。
2024-01-17,3,neutral,票价有点贵，不过冰雕确实不错。
2024-01-17,4,positive,冰雪大世界的灯光秀太震撼了，音乐配合得绝佳！
2024-01-17,5,positive,虽然人多但是氛围感很棒，冰雪的快乐。
2024-01-17,5,positive,冰上龙舟很有创意，适合全家一起玩。
2024-01-17,5,positive,冰滑梯排队虽久但值得，尖叫声不断。
2024-01-17,5,positive,适合拍照打卡，随手一拍都是大片。
2024-01-17,4,positive,大滑梯超刺激，排队时间也在可接受范围内。
2024-01-17,5,positive,冰雪大世界的灯光秀太震撼了，音乐配合得绝佳！
2024-01-17,4,positive,服务态度很好，园区管理有序。
2024-01-17,5,positive,带孩子来的，小朋友玩得很开心，推荐！
2024-01-17,3,neutral,人太多了，建议工作日去。
2024-01-17,5,positive,太美了！冰雕非常震撼，下次还来。
2024-01-17,4,positive,太美了！冰雕非常震撼，下次还来。
2024-01-17,1,negative,门票太贵了，性价比低。
2024-01-17,3,neutral,停车场离入口有点远，走了好久。
2024-01-17,1,negative,太冷了，园区取暖设施不够。
2024-01-17,5,positive,带孩子来的，小朋友玩得很开心，推荐！
2024-01-17,4,positive,虽然冷但值得，哈尔滨的冬天名不虚传。
2024-01-17,5,positive,冰滑梯排队虽久但值得，尖叫声不断。
2024-01-17,3,neutral,人太多了，建议工作日去。
2024-01-18,5,positive,服务态度很好，园区管理有序。
2024-01-18,5,positive,冰上龙舟很有创意，适合全家一起玩。
2024-01-18,4,positive,今年冰雕规模比去年更大了，很壮观。
2024-01-18,5,positive,冰雪大世界的灯光秀太震撼了，音乐配合得绝佳！
2024-01-18,5,positive,适合拍照打卡，随手一拍都是大片。
2024-01-18,3,neutral,白天看一般，晚上亮灯后效果才好。
2024-01-18,5,positive,冰酒吧体验独特，零下30度喝热饮很特别。
2024-01-18,3,neutral,人太多了，建议工作日去。
2024-01-18,2,negative,工作人员态度不好，问路都不理。
2024-01-18,1,negative,太冷了，园区取暖设施不够。
2024-01-18,5,positive,虽然人多但是氛围感很棒，冰雪的快乐。
2024-01-18,4,positive,冰上龙舟很有创意，适合全家一起玩。
2024-01-18,4,positive,冰酒吧体验独特，零下30度喝热饮很特别。
2024-01-18,3,neutral,白天看一般，晚上亮灯后效果才好。
2024-01-18,4,positive,大滑梯超刺激，排队时间也在可接受范围内。
2024-01-18,1,negative,排队排了2个小时，体验很差。
2024-01-18,5,positive,适合拍照打卡，随手一拍都是大片。
2024-01-18,4,positive,今年冰雕规模比去年更大了，很壮观。
2024-01-18,3,neutral,园区很大，走得腿都酸了，建议多设休息点。
2024-01-18,3,neutral,停车场离入口有点远，走了好久。
2024-01-18,4,positive,冰上龙舟很有创意，适合全家一起玩。
2024-01-18,4,positive,虽然冷但值得，哈尔滨的冬天名不虚传。
2024-01-18,4,positive,虽然人多但是氛围感很棒，冰雪的快乐。
2024-01-18,3,neutral,中规中矩的一次体验，和预期差不多。
2024-01-18,4,positive,带孩子来的，小朋友玩得很开心，推荐！
2024-01-18,1,negative,地上太滑了，差点摔倒好几次。
2024-01-18,1,negative,卫生间太少了，排队比看冰雕还久。
2024-01-18,3,neutral,中规中矩的一次体验，和预期差不多。
2024-01-18,5,positive,太美了！冰雕非常震撼，下次还来。
2024-01-18,3,neutral,白天看一般，晚上亮灯后效果才好。
2024-01-18,4,positive,大滑梯超刺激，排队时间也在可接受范围内。
2024-01-18,4,positive,虽然冷但值得，哈尔滨的冬天名不虚传。
2024-01-18,3,neutral,票价有点贵，不过冰雕确实不错。
2024-01-18,3,neutral,停车场离入口有点远，走了好久。
2024-01-18,1,negative,太冷了，园区取暖设施不够。
2024-01-18,5,positive,冰雪大世界的灯光秀太震撼了，音乐配合得绝佳！
2024-01-18,1,negative,人挤人，根本没心情看冰雕。
2024-01-18,5,positive,冰雪大世界的灯光秀太震撼了，音乐配合得绝佳！
2024-01-18,3,neutral,总体还行，就是排队太久了。
2024-01-18,5,positive,太美了！冰雕非常震撼，下次还来。
2024-01-18,5,positive,主办方今年安排得很用心，动线合理不绕路。
2024-01-18,3,neutral,中规中矩的一次体验，和预期差不多。
2024-01-18,5,positive,虽然冷但值得，哈尔滨的冬天名不虚传。
2024-01-18,1,negative,餐饮又贵又难吃，建议自带食物。
2024-01-18,5,positive,主办方今年安排得很用心，动线合理不绕路。
2024-01-18,5,positive,冰酒吧体验独特，零下30度喝热饮很特别。
2024-01-18,1,negative,人挤人，根本没心情看冰雕。
2024-01-18,4,positive,带孩子来的，小朋友玩得很开心，推荐！
2024-01-18,4,positive,虽然人多但是氛围感很棒，冰雪的快乐。
2024-01-18,3,neutral,园区很大，走得腿都酸了，建议多设休息点。
2024-01-18,4,positive,冰酒吧体验独特，零下30度喝热饮很特别。
2024-01-18,5,positive,虽然冷但值得，哈尔滨的冬天名不虚传。
2024-01-18,1,negative,人挤人，根本没心情看冰雕。
2024-01-18,2,negative,地上太滑了，差点摔倒好几次。
2024-01-18,4,positive,主办方今年安排得很用心，动线合理不绕路。
2024-01-18,4,positive,夜场的冰灯特别漂亮，像童话世界一样。
2024-01-18,4,positive,主办方今年安排得很用心，动线合理不绕路。
2024-01-18,1,negative,停车费贵得离谱，而且不好找车位。
2024-01-18,2,negative,排队排了2个小时，体验很差。
2024-01-18,3,neutral,冰雕很美，但是餐厅价格偏高。
2024-01-18,3,neutral,人太多了，建议工作日去。
2024-01-18,1,negative,餐饮又贵又难吃，建议自带食物。
2024-01-18,4,positive,极地馆的企鹅太可爱了，拍了好多照片。
2024-01-18,2,negative,门票太贵了，性价比低。
2024-01-18,3,neutral,人太多了，建议工作日去。
2024-01-18,4,positive,带孩子来的，小朋友玩得很开心，推荐！
2024-01-18,4,positive,冰雪大世界的灯光秀太震撼了，音乐配合得绝佳！
2024-01-18,5,positive,虽然人多但是氛围感很棒，冰雪的快乐。
2024-01-18,4,positive,太美了！冰雕非常震撼，下次还来。
2024-01-18,3,neutral,人太多了，建议工作日去。
2024-01-18,3,neutral,总体还行，就是排队太久了。
2024-01-18,2,negative,地上太滑了，差点摔倒好几次。
2024-01-18,5,positive,主办方今年安排得很用心，动线合理不绕路。
2024-01-18,5,positive,主办方今年安排得很用心，动线合理不绕路。
2024-01-18,4,positive,虽然冷但值得，哈尔滨的冬天名不虚传。
2024-01-18,4,positive,冰酒吧体验独特，零下30度喝热饮很特别。
2024-01-18,5,positive,今年冰雕规模比去年更大了，很壮观。
2024-01-18,3,neutral,总体还行，就是排队太久了。
2024-01-18,4,positive,夜场的冰灯特别漂亮，像童话世界一样。
2024-01-18,3,neutral,冰雕很美，但是餐厅价格偏高。
2024-01-18,3,neutral,总体还行，就是排队太久了。
2024-01-18,5,positive,夜场的冰灯特别漂亮，像童话世界一样。
2024-01-18,5,positive,适合拍照打卡，随手一拍都是大片。
2024-01-18,5,positive,服务态度很好，园区管理有序。
2024-01-18,3,neutral,票价有点贵，不过冰雕确实不错。
2024-01-18,3,neutral,票价有点贵，不过冰雕确实不错。
2024-01-18,3,neutral,停车场离入口有点远，走了好久。
2024-01-18,5,positive,冰上龙舟很有创意，适合全家一起玩。
2024-01-18,4,positive,主办方今年安排得很用心，动线合理不绕路。
2024-01-18,3,neutral,中规中矩的一次体验，和预期差不多。
2024-01-18,5,positive,极地馆的企鹅太可爱了，拍了好多照片。
2024-01-18,5,positive,冰酒吧体验独特，零下30度喝热饮很特别。
2024-01-18,5,positive,带孩子来的，小朋友玩得很开心，推荐！
2024-01-18,3,neutral,停车场离入口有点远，走了好久。
2024-01-18,4,positive,极地馆的企鹅太可爱了，拍了好多照片。
2024-01-18,4,positive,虽然冷但值得，哈尔滨的冬天名不虚传。
2024-01-18,2,negative,停车费贵得离谱，而且不好找车位。
2024-01-18,5,positive,太美了！冰雕非常震撼，下次还来。
2024-01-18,2,negative,卫生间太少了，排队比看冰雕还久。
2024-01-18,2,negative,门票太贵了，性价比低。
2024-01-18,3,neutral,停车场离入口有点远，走了好久。
2024-01-18,5,positive,冰雪大世界的灯光秀太震撼了，音乐配合得绝佳！
2024-01-18,4,positive,太美了！冰雕非常震撼，下次还来。
2024-01-18,4,positive,太美了！冰雕非常震撼，下次还来。
2024-01-18,1,negative,冰雕有些已经开始融化，维护不及时。
2024-01-18,4,positive,虽然人多但是氛围感很棒，冰雪的快乐。
2024-01-18,4,positive,服务态度很好，园区管理有序。
2024-01-19,4,positive,服务态度很好，园区管理有序。
2024-01-19,3,neutral,票价有点贵，不过冰雕确实不错。
2024-01-19,4,positive,冰上龙舟很有创意，适合全家一起玩。
2024-01-19,4,positive,适合拍照打卡，随手一拍都是大片。
2024-01-19,4,positive,冰滑梯排队虽久但值得，尖叫声不断。
2024-01-19,5,positive,冰上龙舟很有创意，适合全家一起玩。
2024-01-19,4,positive,带孩子来的，小朋友玩得很开心，推荐！
2024-01-19,1,negative,太冷了，园区取暖设施不够。
2024-01-19,4,positive,今年冰雕规模比去年更大了，很壮观。
2024-01-19,1,negative,停车费贵得离谱，而且不好找车位。
2024-01-19,5,positive,夜场的冰灯特别漂亮，像童话世界一样。
2024-01-19,5,positive,带孩子来的，小朋友玩得很开心，推荐！
2024-01-19,3,neutral,人太多了，建议工作日去。
2024-01-19,2,negative,门票太贵了，性价比低。
2024-01-19,5,positive,冰酒吧体验独特，零下30度喝热饮很特别。
2024-01-19,1,negative,停车费贵得离谱，而且不好找车位。
2024-01-19,3,neutral,中规中矩的一次体验，和预期差不多。
2024-01-19,1,negative,工作人员态度不好，问路都不理。
2024-01-19,3,neutral,冰雕很美，但是餐厅价格偏高。
2024-01-19,3,neutral,停车场离入口有点远，走了好久。
2024-01-19,3,neutral,白天看一般，晚上亮灯后效果才好。
2024-01-19,2,negative,太冷了，园区取暖设施不够。
2024-01-19,5,positive,主办方今年安排得很用心，动线合理不绕路。
2024-01-19,5,positive,适合拍照打卡，随手一拍都是大片。
2024-01-19,1,negative,太冷了，园区取暖设施不够。
2024-01-19,3,neutral,园区很大，走得腿都酸了，建议多设休息点。
2024-01-19,1,negative,工作人员态度不好，问路都不理。
2024-01-19,3,neutral,停车场离入口有点远，走了好久。
2024-01-19,3,neutral,园区很大，走得腿都酸了，建议多设休息点。
2024-01-19,1,negative,工作人员态度不好，问路都不理。
2024-01-19,4,positive,今年冰雕规模比去年更大了，很壮观。
2024-01-19,3,neutral,停车场离入口有点远，走了好久。
2024-01-19,2,negative,工作人员态度不好，问路都不理。
2024-01-19,5,positive,服务态度很好，园区管理有序。
2024-01-19,2,negative,太冷了，园区取暖设施不够。
2024-01-19,2,negative,地上太滑了，差点摔倒好几次。
2024-01-19,2,negative,工作人员态度不好，问路都不理。
2024-01-19,3,neutral,中规中矩的一次体验，和预期差不多。
2024-01-19,4,positive,冰雪大世界的灯光秀太震撼了，音乐配合得绝佳！
2024-01-19,5,positive,大滑梯超刺激，排队时间也在可接受范围内。
2024-01-19,1,negative,地上太滑了，差点摔倒好几次。
2024-01-19,5,positive,夜场的冰灯特别漂亮，像童话世界一样。
2024-01-19,5,positive,冰雪大世界的灯光秀太震撼了，音乐配合得绝佳！
2024-01-19,4,positive,冰滑梯排队虽久但值得，尖叫声不断。
2024-01-19,4,positive,冰上龙舟很有创意，适合全家一起玩。
2024-01-19,3,neutral,票价有点贵，不过冰雕确实不错。
2024-01-19,3,neutral,票价有点贵，不过冰雕确实不错。
2024-01-19,5,positive,虽然人多但是氛围感很棒，冰雪的快乐。
2024-01-19,3,neutral,票价有点贵，不过冰雕确实不错。
2024-01-19,3,neutral,票价有点贵，不过冰雕确实不错。
2024-01-19,3,neutral,白天看一般，晚上亮灯后效果才好。
2024-01-19,2,negative,太冷了，园区取暖设施不够。
2024-01-19,1,negative,地上太滑了，差点摔倒好几次。
2024-01-19,1,negative,餐饮又贵又难吃，建议自带食物。
2024-01-19,5,positive,极地馆的企鹅太可爱了，拍了好多照片。
2024-01-19,5,positive,太美了！冰雕非常震撼，下次还来。
2024-01-19,3,neutral,中规中矩的一次体验，和预期差不多。
2024-01-19,1,negative,太冷了，园区取暖设施不够。
2024-01-19,3,neutral,白天看一般，晚上亮灯后效果才好。
2024-01-19,5,positive,今年冰雕规模比去年更大了，很壮观。
2024-01-19,5,positive,虽然人多但是氛围感很棒，冰雪的快乐。
2024-01-19,3,neutral,白天看一般，晚上亮灯后效果才好。
2024-01-19,4,positive,虽然人多但是氛围感很棒，冰雪的快乐。
2024-01-19,1,negative,排队排了2个小时，体验很差。
2024-01-19,5,positive,大滑梯超刺激，排队时间也在可接受范围内。
2024-01-19,5,positive,冰酒吧体验独特，零下30度喝热饮很特别。
2024-01-19,3,neutral,冰雕很美，但是餐厅价格偏高。
2024-01-19,1,negative,地上太滑了，差点摔倒好几次。
2024-01-19,3,neutral,票价有点贵，不过冰雕确实不错。
2024-01-19,3,neutral,园区很大，走得腿都酸了，建议多设休息点。
2024-01-19,3,neutral,人太多了，建议工作日去。
2024-01-19,1,negative,冰雕有些已经开始融化，维护不及时。
2024-01-19,5,positive,虽然冷但值得，哈尔滨的冬天名不虚传。
2024-01-19,2,negative,太冷了，园区取暖设施不够。
2024-01-19,2,negative,地上太滑了，差点摔倒好几次。
2024-01-19,1,negative,卫生间太少了，排队比看冰雕还久。
2024-01-19,2,negative,地上太滑了，差点摔倒好几次。
2024-01-19,3,neutral,票价有点贵，不过冰雕确实不错。
2024-01-19,2,negative,门票太贵了，性价比低。
2024-01-19,5,positive,冰酒吧体验独特，零下30度喝热饮很特别。
2024-01-19,5,positive,虽然冷但值得，哈尔滨的冬天名不虚传。
2024-01-19,2,negative,工作人员态度不好，问路都不理。
2024-01-19,4,positive,虽然人多但是氛围感很棒，冰雪的快乐。
2024-01-19,5,positive,极地馆的企鹅太可爱了，拍了好多照片。
2024-01-19,2,negative,停车费贵得离谱，而且不好找车位。
2024-01-19,3,neutral,总体还行，就是排队太久了。
2024-01-19,5,positive,冰酒吧体验独特，零下30度喝热饮很特别。
2024-01-20,5,positive,冰滑梯排队虽久但值得，尖叫声不断。
2024-01-20,1,negative,门票太贵了，性价比低。
2024-01-20,1,negative,排队排了2个小时，体验很差。
2024-01-20,5,positive,夜场的冰灯特别漂亮，像童话世界一样。
2024-01-20,4,positive,大滑梯超刺激，排队时间也在可接受范围内。
2024-01-20,5,positive,适合拍照打卡，随手一拍都是大片。
2024-01-20,5,positive,主办方今年安排得很用心，动线合理不绕路。
2024-01-20,1,negative,门票太贵了，性价比低。
2024-01-20,3,neutral,中规中矩的一次体验，和预期差不多。
2024-01-20,3,neutral,中规中矩的一次体验，和预期差不多。
2024-01-20,4,positive,太美了！冰雕非常震撼，下次还来。
2024-01-20,1,negative,餐饮又贵又难吃，建议自带食物。
2024-01-20,4,positive,虽然人多但是氛围感很棒，冰雪的快乐。
2024-01-20,5,positive,夜场的冰灯特别漂亮，像童话世界一样。
2024-01-20,5,positive,冰酒吧体验独特，零下30度喝热饮很特别。
2024-01-20,3,neutral,白天看一般，晚上亮灯后效果才好。
2024-01-20,3,neutral,票价有点贵，不过冰雕确实不错。
2024-01-20,3,neutral,人太多了，建议工作日去。
2024-01-20,5,positive,适合拍照打卡，随手一拍都是大片。
2024-01-20,1,negative,排队排了2个小时，体验很差。
2024-01-20,1,negative,太冷了，园区取暖设施不够。
2024-01-20,5,positive,适合拍照打卡，随手一拍都是大片。
2024-01-20,1,negative,卫生间太少了，排队比看冰雕还久。
2024-01-20,4,positive,虽然冷但值得，哈尔滨的冬天名不虚传。
2024-01-20,4,positive,服务态度很好，园区管理有序。
2024-01-20,3,neutral,白天看一般，晚上亮灯后效果才好。
2024-01-20,3,neutral,停车场离入口有点远，走了好久。
2024-01-20,5,positive,今年冰雕规模比去年更大了，很壮观。
2024-01-20,5,positive,夜场的冰灯特别漂亮，像童话世界一样。
2024-01-20,3,neutral,中规中矩的一次体验，和预期差不多。
2024-01-20,4,positive,大滑梯超刺激，排队时间也在可接受范围内。
2024-01-20,3,neutral,中规中矩的一次体验，和预期差不多。
2024-01-20,3,neutral,票价有点贵，不过冰雕确实不错。
2024-01-20,4,positive,冰滑梯排队虽久但值得，尖叫声不断。
2024-01-20,1,negative,排队排了2个小时，体验很差。
2024-01-20,3,neutral,人太多了，建议工作日去。
2024-01-20,3,neutral,人太多了，建议工作日去。
2024-01-20,5,positive,主办方今年安排得很用心，动线合理不绕路。
2024-01-20,4,positive,冰酒吧体验独特，零下30度喝热饮很特别。
2024-01-20,3,neutral,总体还行，就是排队太久了。
2024-01-20,3,neutral,票价有点贵，不过冰雕确实不错。
2024-01-20,5,positive,大滑梯超刺激，排队时间也在可接受范围内。
2024-01-20,3,neutral,停车场离入口有点远，走了好久。
2024-01-20,1,negative,工作人员态度不好，问路都不理。
2024-01-20,2,negative,冰雕有些已经开始融化，维护不及时。
2024-01-20,4,positive,冰酒吧体验独特，零下30度喝热饮很特别。
2024-01-20,5,positive,冰上龙舟很有创意，适合全家一起玩。
2024-01-20,5,positive,服务态度很好，园区管理有序。
2024-01-20,3,neutral,冰雕很美，但是餐厅价格偏高。
2024-01-20,4,positive,虽然冷但值得，哈尔滨的冬天名不虚传。
2024-01-20,5,positive,主办方今年安排得很用心，动线合理不绕路。
2024-01-20,5,positive,极地馆的企鹅太可爱了，拍了好多照片。
2024-01-20,3,neutral,票价有点贵，不过冰雕确实不错。
2024-01-20,4,positive,今年冰雕规模比去年更大了，很壮观。
2024-01-20,1,negative,工作人员态度不好，问路都不理。
2024-01-20,4,positive,带孩子来的，小朋友玩得很开心，推荐！
2024-01-20,5,positive,大滑梯超刺激，排队时间也在可接受范围内。
2024-01-20,3,neutral,停车场离入口有点远，走了好久。
2024-01-20,3,neutral,冰雕很美，但是餐厅价格偏高。
2024-01-20,4,positive,太美了！冰雕非常震撼，下次还来。
2024-01-20,3,neutral,园区很大，走得腿都酸了，建议多设休息点。
2024-01-20,1,negative,工作人员态度不好，问路都不理。
2024-01-20,1,negative,停车费贵得离谱，而且不好找车位。
2024-01-20,3,neutral,总体还行，就是排队太久了。
2024-01-20,3,neutral,总体还行，就是排队太久了。
2024-01-20,2,negative,人挤人，根本没心情看冰雕。
2024-01-20,5,positive,大滑梯超刺激，排队时间也在可接受范围内。
2024-01-20,3,neutral,园区很大，走得腿都酸了，建议多设休息点。
2024-01-20,1,negative,餐饮又贵又难吃，建议自带食物。
2024-01-20,3,neutral,冰雕很美，但是餐厅价格偏高。
2024-01-20,2,negative,门票太贵了，性价比低。
2024-01-20,5,positive,今年冰雕规模比去年更大了，很壮观。
2024-01-20,1,negative,太冷了，园区取暖设施不够。
2024-01-20,4,positive,太美了！冰雕非常震撼，下次还来。
2024-01-20,5,positive,冰上龙舟很有创意，适合全家一起玩。
2024-01-20,4,positive,适合拍照打卡，随手一拍都是大片。
2024-01-20,3,neutral,白天看一般，晚上亮灯后效果才好。
2024-01-20,2,negative,餐饮又贵又难吃，建议自带食物。
2024-01-20,1,negative,餐饮又贵又难吃，建议自带食物。
2024-01-20,4,positive,服务态度很好，园区管理有序。
2024-01-20,4,positive,极地馆的企鹅太可爱了，拍了好多照片。
2024-01-20,3,neutral,园区很大，走得腿都酸了，建议多设休息点。
2024-01-21,2,negative,卫生间太少了，排队比看冰雕还久。
2024-01-21,4,positive,极地馆的企鹅太可爱了，拍了好多照片。
2024-01-21,3,neutral,中规中矩的一次体验，和预期差不多。
2024-01-21,1,negative,太冷了，园区取暖设施不够。
2024-01-21,2,negative,工作人员态度不好，问路都不理。
2024-01-21,3,neutral,总体还行，就是排队太久了。
2024-01-21,4,positive,服务态度很好，园区管理有序。
2024-01-21,3,neutral,总体还行，就是排队太久了。
2024-01-21,5,positive,冰上龙舟很有创意，适合全家一起玩。
2024-01-21,3,neutral,票价有点贵，不过冰雕确实不错。
2024-01-21,4,positive,虽然人多但是氛围感很棒，冰雪的快乐。
2024-01-21,1,negative,地上太滑了，差点摔倒好几次。
2024-01-21,5,positive,冰酒吧体验独特，零下30度喝热饮很特别。
2024-01-21,5,positive,服务态度很好，园区管理有序。
2024-01-21,2,negative,停车费贵得离谱，而且不好找车位。
2024-01-21,5,positive,服务态度很好，园区管理有序。
2024-01-21,5,positive,适合拍照打卡，随手一拍都是大片。
2024-01-21,3,neutral,白天看一般，晚上亮灯后效果才好。
2024-01-21,5,positive,大滑梯超刺激，排队时间也在可接受范围内。
2024-01-21,5,positive,带孩子来的，小朋友玩得很开心，推荐！
2024-01-21,3,neutral,白天看一般，晚上亮灯后效果才好。
2024-01-21,5,positive,太美了！冰雕非常震撼，下次还来。
2024-01-21,5,positive,今年冰雕规模比去年更大了，很壮观。
2024-01-21,5,positive,夜场的冰灯特别漂亮，像童话世界一样。
2024-01-21,4,positive,主办方今年安排得很用心，动线合理不绕路。
2024-01-21,5,positive,冰酒吧体验独特，零下30度喝热饮很特别。
2024-01-21,1,negative,冰雕有些已经开始融化，维护不及时。
2024-01-21,3,neutral,中规中矩的一次体验，和预期差不多。
2024-01-21,5,positive,带孩子来的，小朋友玩得很开心，推荐！
2024-01-21,3,neutral,白天看一般，晚上亮灯后效果才好。
2024-01-21,3,neutral,票价有点贵，不过冰雕确实不错。
2024-01-21,3,neutral,园区很大，走得腿都酸了，建议多设休息点。
2024-01-21,5,positive,服务态度很好，园区管理有序。
2024-01-21,5,positive,冰酒吧体验独特，零下30度喝热饮很特别。
2024-01-21,3,neutral,白天看一般，晚上亮灯后效果才好。
2024-01-21,3,neutral,票价有点贵，不过冰雕确实不错。
2024-01-21,5,positive,服务态度很好，园区管理有序。
2024-01-21,5,positive,虽然人多但是氛围感很棒，冰雪的快乐。
2024-01-21,5,positive,大滑梯超刺激，排队时间也在可接受范围内。
2024-01-21,1,negative,地上太滑了，差点摔倒好几次。
2024-01-21,5,positive,虽然冷但值得，哈尔滨的冬天名不虚传。
2024-01-21,4,positive,今年冰雕规模比去年更大了，很壮观。
2024-01-21,1,negative,餐饮又贵又难吃，建议自带食物。
2024-01-21,5,positive,带孩子来的，小朋友玩得很开心，推荐！
2024-01-21,3,neutral,票价有点贵，不过冰雕确实不错。
2024-01-21,3,neutral,园区很大，走得腿都酸了，建议多设休息点。
2024-01-21,1,negative,地上太滑了，差点摔倒好几次。
2024-01-21,5,positive,今年冰雕规模比去年更大了，很壮观。
2024-01-21,2,negative,餐饮又贵又难吃，建议自带食物。
2024-01-21,5,positive,虽然冷但值得，哈尔滨的冬天名不虚传。
2024-01-21,4,positive,带孩子来的，小朋友玩得很开心，推荐！
2024-01-21,4,positive,夜场的冰灯特别漂亮，像童话世界一样。
2024-01-21,3,neutral,冰雕很美，但是餐厅价格偏高。
2024-01-21,5,positive,虽然冷但值得，哈尔滨的冬天名不虚传。
2024-01-21,3,neutral,人太多了，建议工作日去。
2024-01-21,5,positive,冰酒吧体验独特，零下30度喝热饮很特别。
2024-01-21,1,negative,餐饮又贵又难吃，建议自带食物。
2024-01-21,4,positive,主办方今年安排得很用心，动线合理不绕路。
2024-01-21,3,neutral,票价有点贵，不过冰雕确实不错。
2024-01-21,5,positive,夜场的冰灯特别漂亮，像童话世界一样。
2024-01-21,2,negative,冰雕有些已经开始融化，维护不及时。
2024-01-21,2,negative,冰雕有些已经开始融化，维护不及时。
2024-01-21,3,neutral,停车场离入口有点远，走了好久。
2024-01-21,2,negative,停车费贵得离谱，而且不好找车位。
2024-01-21,3,neutral,中规中矩的一次体验，和预期差不多。
2024-01-21,5,positive,虽然人多但是氛围感很棒，冰雪的快乐。
2024-01-21,3,neutral,中规中矩的一次体验，和预期差不多。
2024-01-21,4,positive,夜场的冰灯特别漂亮，像童话世界一样。
2024-01-21,4,positive,冰上龙舟很有创意，适合全家一起玩。
2024-01-21,5,positive,带孩子来的，小朋友玩得很开心，推荐！
2024-01-21,4,positive,冰上龙舟很有创意，适合全家一起玩。
2024-01-21,3,neutral,停车场离入口有点远，走了好久。
2024-01-21,3,neutral,冰雕很美，但是餐厅价格偏高。
2024-01-21,3,neutral,冰雕很美，但是餐厅价格偏高。
2024-01-21,2,negative,停车费贵得离谱，而且不好找车位。
2024-01-21,3,neutral,总体还行，就是排队太久了。
2024-01-21,3,neutral,中规中矩的一次体验，和预期差不多。
2024-01-21,3,neutral,票价有点贵，不过冰雕确实不错。
2024-01-21,1,negative,门票太贵了，性价比低。
2024-01-21,4,positive,冰上龙舟很有创意，适合全家一起玩。
2024-01-21,5,positive,冰上龙舟很有创意，适合全家一起玩。
2024-01-21,1,negative,排队排了2个小时，体验很差。
2024-01-21,3,neutral,总体还行，就是排队太久了。
2024-01-21,3,neutral,中规中矩的一次体验，和预期差不多。
2024-01-21,5,positive,虽然人多但是氛围感很棒，冰雪的快乐。
2024-01-21,4,positive,大滑梯超刺激，排队时间也在可接受范围内。
2024-01-21,2,negative,太冷了，园区取暖设施不够。
2024-01-21,3,neutral,票价有点贵，不过冰雕确实不错。
2024-01-21,4,positive,冰酒吧体验独特，零下30度喝热饮很特别。
2024-01-21,3,neutral,白天看一般，晚上亮灯后效果才好。
2024-01-21,5,positive,冰上龙舟很有创意，适合全家一起玩。
2024-01-21,5,positive,冰酒吧体验独特，零下30度喝热饮很特别。
2024-01-21,3,neutral,总体还行，就是排队太久了。
2024-01-21,5,positive,冰上龙舟很有创意，适合全家一起玩。
2024-01-21,2,negative,停车费贵得离谱，而且不好找车位。
2024-01-21,4,positive,冰雪大世界的灯光秀太震撼了，音乐配合得绝佳！
2024-01-21,3,neutral,园区很大，走得腿都酸了，建议多设休息点。
2024-01-22,4,positive,今年冰雕规模比去年更大了，很壮观。
2024-01-22,2,negative,停车费贵得离谱，而且不好找车位。
2024-01-22,1,negative,冰雕有些已经开始融化，维护不及时。
2024-01-22,4,positive,极地馆的企鹅太可爱了，拍了好多照片。
2024-01-22,4,positive,夜场的冰灯特别漂亮，像童话世界一样。
2024-01-22,4,positive,太美了！冰雕非常震撼，下次还来。
2024-01-22,2,negative,冰雕有些已经开始融化，维护不及时。
2024-01-22,3,neutral,票价有点贵，不过冰雕确实不错。
2024-01-22,4,positive,主办方今年安排得很用心，动线合理不绕路。
2024-01-22,4,positive,冰滑梯排队虽久但值得，尖叫声不断。
2024-01-22,5,positive,虽然人多但是氛围感很棒，冰雪的快乐。
2024-01-22,3,neutral,中规中矩的一次体验，和预期差不多。
2024-01-22,4,positive,适合拍照打卡，随手一拍都是大片。
2024-01-22,2,negative,太冷了，园区取暖设施不够。
2024-01-22,4,positive,极地馆的企鹅太可爱了，拍了好多照片。
2024-01-22,3,neutral,人太多了，建议工作日去。
2024-01-22,4,positive,太美了！冰雕非常震撼，下次还来。
2024-01-22,1,negative,人挤人，根本没心情看冰雕。
2024-01-22,4,positive,适合拍照打卡，随手一拍都是大片。
2024-01-22,3,neutral,停车场离入口有点远，走了好久。
2024-01-22,5,positive,冰上龙舟很有创意，适合全家一起玩。
2024-01-22,5,positive,极地馆的企鹅太可爱了，拍了好多照片。
2024-01-22,2,negative,卫生间太少了，排队比看冰雕还久。
2024-01-22,5,positive,冰酒吧体验独特，零下30度喝热饮很特别。
2024-01-22,5,positive,夜场的冰灯特别漂亮，像童话世界一样。
2024-01-22,3,neutral,中规中矩的一次体验，和预期差不多。
2024-01-22,2,negative,地上太滑了，差点摔倒好几次。
2024-01-22,1,negative,门票太贵了，性价比低。
2024-01-22,3,neutral,白天看一般，晚上亮灯后效果才好。
2024-01-22,3,neutral,白天看一般，晚上亮灯后效果才好。
2024-01-22,3,neutral,中规中矩的一次体验，和预期差不多。
2024-01-22,2,negative,停车费贵得离谱，而且不好找车位。
2024-01-22,1,negative,排队排了2个小时，体验很差。
2024-01-22,2,negative,地上太滑了，差点摔倒好几次。
2024-01-22,3,neutral,票价有点贵，不过冰雕确实不错。
2024-01-22,3,neutral,中规中矩的一次体验，和预期差不多。
2024-01-22,4,positive,带孩子来的，小朋友玩得很开心，推荐！
2024-01-22,4,positive,极地馆的企鹅太可爱了，拍了好多照片。
2024-01-22,2,negative,工作人员态度不好，问路都不理。
2024-01-23,3,neutral,冰雕很美，但是餐厅价格偏高。
2024-01-23,5,positive,大滑梯超刺激，排队时间也在可接受范围内。
2024-01-23,4,positive,适合拍照打卡，随手一拍都是大片。
2024-01-23,4,positive,虽然人多但是氛围感很棒，冰雪的快乐。
2024-01-23,2,negative,停车费贵得离谱，而且不好找车位。
2024-01-23,5,positive,虽然人多但是氛围感很棒，冰雪的快乐。
2024-01-23,2,negative,餐饮又贵又难吃，建议自带食物。
2024-01-23,5,positive,今年冰雕规模比去年更大了，很壮观。
2024-01-23,4,positive,带孩子来的，小朋友玩得很开心，推荐！
2024-01-23,3,neutral,人太多了，建议工作日去。
2024-01-23,4,positive,冰滑梯排队虽久但值得，尖叫声不断。
2024-01-23,3,neutral,中规中矩的一次体验，和预期差不多。
2024-01-23,3,neutral,冰雕很美，但是餐厅价格偏高。
2024-01-23,3,neutral,白天看一般，晚上亮灯后效果才好。
2024-01-23,2,negative,餐饮又贵又难吃，建议自带食物。
2024-01-23,4,positive,冰酒吧体验独特，零下30度喝热饮很特别。
2024-01-23,2,negative,太冷了，园区取暖设施不够。
2024-01-23,4,positive,大滑梯超刺激，排队时间也在可接受范围内。
2024-01-23,3,neutral,白天看一般，晚上亮灯后效果才好。
2024-01-23,4,positive,冰雪大世界的灯光秀太震撼了，音乐配合得绝佳！
2024-01-23,3,neutral,中规中矩的一次体验，和预期差不多。
2024-01-23,4,positive,虽然人多但是氛围感很棒，冰雪的快乐。
2024-01-23,3,neutral,人太多了，建议工作日去。
2024-01-23,3,neutral,票价有点贵，不过冰雕确实不错。
2024-01-23,4,positive,冰雪大世界的灯光秀太震撼了，音乐配合得绝佳！
2024-01-23,5,positive,冰雪大世界的灯光秀太震撼了，音乐配合得绝佳！
2024-01-23,4,positive,服务态度很好，园区管理有序。
2024-01-23,1,negative,卫生间太少了，排队比看冰雕还久。
2024-01-23,2,negative,地上太滑了，差点摔倒好几次。
2024-01-23,1,negative,排队排了2个小时，体验很差。
2024-01-23,3,neutral,中规中矩的一次体验，和预期差不多。
2024-01-23,3,neutral,冰雕很美，但是餐厅价格偏高。
2024-01-23,4,positive,夜场的冰灯特别漂亮，像童话世界一样。
2024-01-23,4,positive,虽然冷但值得，哈尔滨的冬天名不虚传。
2024-01-23,5,positive,今年冰雕规模比去年更大了，很壮观。
2024-01-23,1,negative,冰雕有些已经开始融化，维护不及时。
2024-01-23,3,neutral,园区很大，走得腿都酸了，建议多设休息点。
2024-01-23,5,positive,虽然冷但值得，哈尔滨的冬天名不虚传。
2024-01-23,4,positive,夜场的冰灯特别漂亮，像童话世界一样。
2024-01-23,3,neutral,人太多了，建议工作日去。
2024-01-23,4,positive,带孩子来的，小朋友玩得很开心，推荐！
2024-01-23,2,negative,门票太贵了，性价比低。
2024-01-23,1,negative,太冷了，园区取暖设施不够。
2024-01-23,5,positive,极地馆的企鹅太可爱了，拍了好多照片。
2024-01-23,3,neutral,总体还行，就是排队太久了。
2024-01-23,2,negative,地上太滑了，差点摔倒好几次。
2024-01-23,2,negative,停车费贵得离谱，而且不好找车位。
2024-01-23,4,positive,夜场的冰灯特别漂亮，像童话世界一样。
2024-01-23,4,positive,冰酒吧体验独特，零下30度喝热饮很特别。
2024-01-23,5,positive,服务态度很好，园区管理有序。
2024-01-23,5,positive,夜场的冰灯特别漂亮，像童话世界一样。
2024-01-23,3,neutral,人太多了，建议工作日去。
2024-01-23,5,positive,夜场的冰灯特别漂亮，像童话世界一样。
2024-01-23,1,negative,停车费贵得离谱，而且不好找车位。
2024-01-23,4,positive,主办方今年安排得很用心，动线合理不绕路。
2024-01-24,3,neutral,人太多了，建议工作日去。
2024-01-24,3,neutral,停车场离入口有点远，走了好久。
2024-01-24,3,neutral,总体还行，就是排队太久了。
2024-01-24,1,negative,工作人员态度不好，问路都不理。
2024-01-24,5,positive,今年冰雕规模比去年更大了，很壮观。
2024-01-24,4,positive,冰雪大世界的灯光秀太震撼了，音乐配合得绝佳！
2024-01-24,1,negative,人挤人，根本没心情看冰雕。
2024-01-24,5,positive,冰上龙舟很有创意，适合全家一起玩。
2024-01-24,3,neutral,冰雕很美，但是餐厅价格偏高。
2024-01-24,5,positive,主办方今年安排得很用心，动线合理不绕路。
2024-01-24,3,neutral,停车场离入口有点远，走了好久。
2024-01-24,4,positive,虽然冷但值得，哈尔滨的冬天名不虚传。
2024-01-24,1,negative,卫生间太少了，排队比看冰雕还久。
2024-01-24,5,positive,虽然冷但值得，哈尔滨的冬天名不虚传。
2024-01-24,1,negative,门票太贵了，性价比低。
2024-01-24,2,negative,冰雕有些已经开始融化，维护不及时。
2024-01-24,4,positive,冰滑梯排队虽久但值得，尖叫声不断。
2024-01-24,3,neutral,园区很大，走得腿都酸了，建议多设休息点。
2024-01-24,4,positive,今年冰雕规模比去年更大了，很壮观。
2024-01-24,2,negative,停车费贵得离谱，而且不好找车位。
2024-01-24,4,positive,冰上龙舟很有创意，适合全家一起玩。
2024-01-24,3,neutral,停车场离入口有点远，走了好久。
2024-01-24,2,negative,门票太贵了，性价比低。
2024-01-24,5,positive,主办方今年安排得很用心，动线合理不绕路。
2024-01-24,2,negative,工作人员态度不好，问路都不理。
2024-01-24,5,positive,极地馆的企鹅太可爱了，拍了好多照片。
2024-01-24,3,neutral,白天看一般，晚上亮灯后效果才好。
2024-01-24,4,positive,夜场的冰灯特别漂亮，像童话世界一样。
2024-01-24,5,positive,虽然人多但是氛围感很棒，冰雪的快乐。
2024-01-24,3,neutral,园区很大，走得腿都酸了，建议多设休息点。
2024-01-24,3,neutral,人太多了，建议工作日去。
2024-01-24,3,neutral,冰雕很美，但是餐厅价格偏高。
2024-01-24,2,negative,排队排了2个小时，体验很差。
2024-01-24,5,positive,冰雪大世界的灯光秀太震撼了，音乐配合得绝佳！
2024-01-24,5,positive,冰上龙舟很有创意，适合全家一起玩。
2024-01-24,1,negative,地上太滑了，差点摔倒好几次。
2024-01-24,4,positive,极地馆的企鹅太可爱了，拍了好多照片。
2024-01-24,4,positive,冰滑梯排队虽久但值得，尖叫声不断。
2024-01-24,5,positive,带孩子来的，小朋友玩得很开心，推荐！
2024-01-24,2,negative,卫生间太少了，排队比看冰雕还久。
2024-01-24,2,negative,太冷了，园区取暖设施不够。
2024-01-24,4,positive,大滑梯超刺激，排队时间也在可接受范围内。
2024-01-24,2,negative,太冷了，园区取暖设施不够。
2024-01-24,1,negative,餐饮又贵又难吃，建议自带食物。
2024-01-24,3,neutral,冰雕很美，但是餐厅价格偏高。
2024-01-24,5,positive,冰上龙舟很有创意，适合全家一起玩。
2024-01-24,5,positive,冰滑梯排队虽久但值得，尖叫声不断。
2024-01-24,5,positive,极地馆的企鹅太可爱了，拍了好多照片。
2024-01-24,2,negative,餐饮又贵又难吃，建议自带食物。
2024-01-24,4,positive,虽然人多但是氛围感很棒，冰雪的快乐。
2024-01-24,4,positive,服务态度很好，园区管理有序。
2024-01-24,4,positive,带孩子来的，小朋友玩得很开心，推荐！
2024-01-24,4,positive,冰滑梯排队虽久但值得，尖叫声不断。
2024-01-24,4,positive,虽然冷但值得，哈尔滨的冬天名不虚传。
2024-01-24,4,positive,虽然人多但是氛围感很棒，冰雪的快乐。
2024-01-24,5,positive,冰上龙舟很有创意，适合全家一起玩。
2024-01-24,4,positive,冰滑梯排队虽久但值得，尖叫声不断。
2024-01-24,3,neutral,中规中矩的一次体验，和预期差不多。
2024-01-24,2,negative,排队排了2个小时，体验很差。
2024-01-24,3,neutral,白天看一般，晚上亮灯后效果才好。
2024-01-24,3,neutral,总体还行，就是排队太久了。
2024-01-24,1,negative,工作人员态度不好，问路都不理。
2024-01-24,4,positive,极地馆的企鹅太可爱了，拍了好多照片。
2024-01-24,3,neutral,中规中矩的一次体验，和预期差不多。
2024-01-24,1,negative,人挤人，根本没心情看冰雕。
2024-01-24,1,negative,工作人员态度不好，问路都不理。
2024-01-24,5,positive,带孩子来的，小朋友玩得很开心，推荐！
2024-01-24,3,neutral,中规中矩的一次体验，和预期差不多。
2024-01-24,3,neutral,园区很大，走得腿都酸了，建议多设休息点。
2024-01-24,5,positive,太美了！冰雕非常震撼，下次还来。
2024-01-24,4,positive,今年冰雕规模比去年更大了，很壮观。
2024-01-24,1,negative,太冷了，园区取暖设施不够。
2024-01-24,3,neutral,中规中矩的一次体验，和预期差不多。
2024-01-24,4,positive,主办方今年安排得很用心，动线合理不绕路。
2024-01-24,1,negative,餐饮又贵又难吃，建议自带食物。
2024-01-24,3,neutral,人太多了，建议工作日去。
2024-01-24,1,negative,排队排了2个小时，体验很差。
2024-01-24,5,positive,大滑梯超刺激，排队时间也在可接受范围内。
2024-01-24,4,positive,冰滑梯排队虽久但值得，尖叫声不断。
2024-01-24,5,positive,虽然人多但是氛围感很棒，冰雪的快乐。
2024-01-24,3,neutral,停车场离入口有点远，走了好久。
2024-01-24,1,negative,餐饮又贵又难吃，建议自带食物。
2024-01-24,5,positive,主办方今年安排得很用心，动线合理不绕路。
2024-01-24,2,negative,冰雕有些已经开始融化，维护不及时。
2024-01-24,3,neutral,停车场离入口有点远，走了好久。
2024-01-24,2,negative,停车费贵得离谱，而且不好找车位。
2024-01-24,5,positive,太美了！冰雕非常震撼，下次还来。
2024-01-24,2,negative,太冷了，园区取暖设施不够。
2024-01-24,5,positive,太美了！冰雕非常震撼，下次还来。
2024-01-24,2,negative,门票太贵了，性价比低。
2024-01-24,4,positive,虽然冷但值得，哈尔滨的冬天名不虚传。
2024-01-24,1,negative,餐饮又贵又难吃，建议自带食物。
2024-01-24,5,positive,极地馆的企鹅太可爱了，拍了好多照片。
2024-01-24,4,positive,适合拍照打卡，随手一拍都是大片。
2024-01-24,3,neutral,白天看一般，晚上亮灯后效果才好。
2024-01-24,4,positive,带孩子来的，小朋友玩得很开心，推荐！
2024-01-24,3,neutral,冰雕很美，但是餐厅价格偏高。
2024-01-24,5,positive,虽然冷但值得，哈尔滨的冬天名不虚传。
2024-01-25,5,positive,大滑梯超刺激，排队时间也在可接受范围内。
2024-01-25,5,positive,带孩子来的，小朋友玩得很开心，推荐！
2024-01-25,3,neutral,总体还行，就是排队太久了。
2024-01-25,4,positive,虽然冷但值得，哈尔滨的冬天名不虚传。
2024-01-25,1,negative,工作人员态度不好，问路都不理。
2024-01-25,3,neutral,停车场离入口有点远，走了好久。
2024-01-25,4,positive,带孩子来的，小朋友玩得很开心，推荐！
2024-01-25,2,negative,太冷了，园区取暖设施不够。
2024-01-25,1,negative,冰雕有些已经开始融化，维护不及时。
2024-01-25,2,negative,停车费贵得离谱，而且不好找车位。
2024-01-25,3,neutral,总体还行，就是排队太久了。
2024-01-25,2,negative,卫生间太少了，排队比看冰雕还久。
2024-01-25,1,negative,停车费贵得离谱，而且不好找车位。
2024-01-25,5,positive,虽然冷但值得，哈尔滨的冬天名不虚传。
2024-01-25,4,positive,适合拍照打卡，随手一拍都是大片。
2024-01-25,5,positive,夜场的冰灯特别漂亮，像童话世界一样。
2024-01-25,3,neutral,冰雕很美，但是餐厅价格偏高。
2024-01-25,1,negative,工作人员态度不好，问路都不理。
2024-01-25,5,positive,太美了！冰雕非常震撼，下次还来。
2024-01-25,3,neutral,中规中矩的一次体验，和预期差不多。
2024-01-25,5,positive,虽然冷但值得，哈尔滨的冬天名不虚传。
2024-01-25,2,negative,停车费贵得离谱，而且不好找车位。
2024-01-25,3,neutral,白天看一般，晚上亮灯后效果才好。
2024-01-25,4,positive,夜场的冰灯特别漂亮，像童话世界一样。
2024-01-25,3,neutral,票价有点贵，不过冰雕确实不错。
2024-01-25,3,neutral,中规中矩的一次体验，和预期差不多。
2024-01-25,1,negative,太冷了，园区取暖设施不够。
2024-01-25,3,neutral,总体还行，就是排队太久了。
2024-01-25,4,positive,服务态度很好，园区管理有序。
2024-01-25,3,neutral,停车场离入口有点远，走了好久。
2024-01-25,3,neutral,总体还行，就是排队太久了。
2024-01-25,3,neutral,白天看一般，晚上亮灯后效果才好。
2024-01-25,3,neutral,中规中矩的一次体验，和预期差不多。
2024-01-25,3,neutral,冰雕很美，但是餐厅价格偏高。
2024-01-25,3,neutral,总体还行，就是排队太久了。
2024-01-25,3,neutral,中规中矩的一次体验，和预期差不多。
2024-01-25,3,neutral,票价有点贵，不过冰雕确实不错。
2024-01-25,3,neutral,中规中矩的一次体验，和预期差不多。
2024-01-25,3,neutral,园区很大，走得腿都酸了，建议多设休息点。
2024-01-25,3,neutral,票价有点贵，不过冰雕确实不错。
2024-01-25,5,positive,主办方今年安排得很用心，动线合理不绕路。
2024-01-25,1,negative,停车费贵得离谱，而且不好找车位。
2024-01-25,3,neutral,中规中矩的一次体验，和预期差不多。
2024-01-25,3,neutral,人太多了，建议工作日去。
2024-01-25,1,negative,排队排了2个小时，体验很差。
2024-01-25,3,neutral,中规中矩的一次体验，和预期差不多。
2024-01-25,4,positive,极地馆的企鹅太可爱了，拍了好多照片。
2024-01-25,4,positive,今年冰雕规模比去年更大了，很壮观。
2024-01-25,5,positive,虽然人多但是氛围感很棒，冰雪的快乐。
2024-01-25,3,neutral,人太多了，建议工作日去。
2024-01-25,3,neutral,停车场离入口有点远，走了好久。
2024-01-25,3,neutral,停车场离入口有点远，走了好久。
2024-01-25,2,negative,餐饮又贵又难吃，建议自带食物。
2024-01-25,4,positive,主办方今年安排得很用心，动线合理不绕路。
2024-01-25,2,negative,餐饮又贵又难吃，建议自带食物。
2024-01-25,1,negative,太冷了，园区取暖设施不够。
2024-01-25,4,positive,适合拍照打卡，随手一拍都是大片。
2024-01-25,2,negative,冰雕有些已经开始融化，维护不及时。
2024-01-25,2,negative,排队排了2个小时，体验很差。
2024-01-25,5,positive,大滑梯超刺激，排队时间也在可接受范围内。
2024-01-25,1,negative,人挤人，根本没心情看冰雕。
2024-01-25,2,negative,排队排了2个小时，体验很差。
2024-01-25,2,negative,人挤人，根本没心情看冰雕。
2024-01-25,4,positive,冰滑梯排队虽久但值得，尖叫声不断。
2024-01-25,3,neutral,总体还行，就是排队太久了。
2024-01-25,1,negative,地上太滑了，差点摔倒好几次。
2024-01-25,5,positive,冰滑梯排队虽久但值得，尖叫声不断。
2024-01-25,1,negative,门票太贵了，性价比低。
2024-01-25,3,neutral,白天看一般，晚上亮灯后效果才好。
2024-01-25,1,negative,卫生间太少了，排队比看冰雕还久。
2024-01-25,5,positive,冰上龙舟很有创意，适合全家一起玩。
2024-01-25,2,negative,门票太贵了，性价比低。
2024-01-25,3,neutral,总体还行，就是排队太久了。
2024-01-25,5,positive,主办方今年安排得很用心，动线合理不绕路。
2024-01-25,1,negative,人挤人，根本没心情看冰雕。
2024-01-25,4,positive,大滑梯超刺激，排队时间也在可接受范围内。
2024-01-25,1,negative,地上太滑了，差点摔倒好几次。
2024-01-25,3,neutral,总体还行，就是排队太久了。
2024-01-25,1,negative,地上太滑了，差点摔倒好几次。
2024-01-25,3,neutral,冰雕很美，但是餐厅价格偏高。
2024-01-25,2,negative,太冷了，园区取暖设施不够。
2024-01-25,3,neutral,中规中矩的一次体验，和预期差不多。
2024-01-25,4,positive,服务态度很好，园区管理有序。
2024-01-25,3,neutral,白天看一般，晚上亮灯后效果才好。
2024-01-25,1,negative,冰雕有些已经开始融化，维护不及时。
2024-01-25,5,positive,冰滑梯排队虽久但值得，尖叫声不断。
2024-01-25,4,positive,服务态度很好，园区管理有序。
2024-01-25,5,positive,今年冰雕规模比去年更大了，很壮观。
2024-01-26,5,positive,夜场的冰灯特别漂亮，像童话世界一样。
2024-01-26,5,positive,冰上龙舟很有创意，适合全家一起玩。
2024-01-26,4,positive,适合拍照打卡，随手一拍都是大片。
2024-01-26,3,neutral,停车场离入口有点远，走了好久。
2024-01-26,5,positive,今年冰雕规模比去年更大了，很壮观。
2024-01-26,4,positive,冰滑梯排队虽久但值得，尖叫声不断。
2024-01-26,1,negative,卫生间太少了，排队比看冰雕还久。
2024-01-26,5,positive,大滑梯超刺激，排队时间也在可接受范围内。
2024-01-26,5,positive,主办方今年安排得很用心，动线合理不绕路。
2024-01-26,4,positive,带孩子来的，小朋友玩得很开心，推荐！
2024-01-26,4,positive,适合拍照打卡，随手一拍都是大片。
2024-01-26,4,positive,服务态度很好，园区管理有序。
2024-01-26,3,neutral,票价有点贵，不过冰雕确实不错。
2024-01-26,5,positive,服务态度很好，园区管理有序。
2024-01-26,4,positive,冰酒吧体验独特，零下30度喝热饮很特别。
2024-01-26,5,positive,虽然人多但是氛围感很棒，冰雪的快乐。
2024-01-26,3,neutral,人太多了，建议工作日去。
2024-01-26,3,neutral,冰雕很美，但是餐厅价格偏高。
2024-01-26,4,positive,今年冰雕规模比去年更大了，很壮观。
2024-01-26,3,neutral,票价有点贵，不过冰雕确实不错。
2024-01-26,5,positive,带孩子来的，小朋友玩得很开心，推荐！
2024-01-26,5,positive,今年冰雕规模比去年更大了，很壮观。
2024-01-26,3,neutral,冰雕很美，但是餐厅价格偏高。
2024-01-26,3,neutral,冰雕很美，但是餐厅价格偏高。
2024-01-26,5,positive,冰上龙舟很有创意，适合全家一起玩。
2024-01-26,5,positive,冰酒吧体验独特，零下30度喝热饮很特别。
2024-01-26,4,positive,适合拍照打卡，随手一拍都是大片。
2024-01-26,5,positive,服务态度很好，园区管理有序。
2024-01-26,5,positive,夜场的冰灯特别漂亮，像童话世界一样。
2024-01-26,4,positive,适合拍照打卡，随手一拍都是大片。
2024-01-26,4,positive,冰上龙舟很有创意，适合全家一起玩。
2024-01-26,3,neutral,中规中矩的一次体验，和预期差不多。
2024-01-26,3,neutral,停车场离入口有点远，走了好久。
2024-01-26,2,negative,排队排了2个小时，体验很差。
2024-01-26,2,negative,地上太滑了，差点摔倒好几次。
2024-01-26,4,positive,冰酒吧体验独特，零下30度喝热饮很特别。
2024-01-26,5,positive,服务态度很好，园区管理有序。
2024-01-26,5,positive,大滑梯超刺激，排队时间也在可接受范围内。
2024-01-26,4,positive,冰雪大世界的灯光秀太震撼了，音乐配合得绝佳！
2024-01-26,5,positive,主办方今年安排得很用心，动线合理不绕路。
2024-01-26,3,neutral,总体还行，就是排队太久了。
2024-01-26,3,neutral,票价有点贵，不过冰雕确实不错。
2024-01-26,2,negative,工作人员态度不好，问路都不理。
2024-01-26,5,positive,今年冰雕规模比去年更大了，很壮观。
2024-01-26,4,positive,极地馆的企鹅太可爱了，拍了好多照片。
2024-01-26,4,positive,主办方今年安排得很用心，动线合理不绕路。
2024-01-26,2,negative,餐饮又贵又难吃，建议自带食物。
2024-01-26,5,positive,太美了！冰雕非常震撼，下次还来。
2024-01-26,5,positive,夜场的冰灯特别漂亮，像童话世界一样。
2024-01-26,4,positive,虽然人多但是氛围感很棒，冰雪的快乐。
2024-01-26,3,neutral,停车场离入口有点远，走了好久。
2024-01-26,4,positive,太美了！冰雕非常震撼，下次还来。
2024-01-26,3,neutral,人太多了，建议工作日去。
2024-01-26,4,positive,带孩子来的，小朋友玩得很开心，推荐！
2024-01-26,5,positive,虽然冷但值得，哈尔滨的冬天名不虚传。
2024-01-26,1,negative,地上太滑了，差点摔倒好几次。
2024-01-26,2,negative,地上太滑了，差点摔倒好几次。
2024-01-26,5,positive,服务态度很好，园区管理有序。
2024-01-26,5,positive,冰酒吧体验独特，零下30度喝热饮很特别。
2024-01-26,2,negative,排队排了2个小时，体验很差。
2024-01-26,1,negative,停车费贵得离谱，而且不好找车位。
2024-01-26,4,positive,夜场的冰灯特别漂亮，像童话世界一样。
2024-01-26,5,positive,冰雪大世界的灯光秀太震撼了，音乐配合得绝佳！
2024-01-26,4,positive,冰上龙舟很有创意，适合全家一起玩。
2024-01-26,4,positive,今年冰雕规模比去年更大了，很壮观。
2024-01-26,5,positive,今年冰雕规模比去年更大了，很壮观。
2024-01-26,5,positive,冰上龙舟很有创意，适合全家一起玩。
2024-01-26,2,negative,太冷了，园区取暖设施不够。
2024-01-26,5,positive,冰酒吧体验独特，零下30度喝热饮很特别。
2024-01-26,3,neutral,人太多了，建议工作日去。
2024-01-26,5,positive,极地馆的企鹅太可爱了，拍了好多照片。
2024-01-26,5,positive,今年冰雕规模比去年更大了，很壮观。
2024-01-26,5,positive,服务态度很好，园区管理有序。
2024-01-26,5,positive,今年冰雕规模比去年更大了，很壮观。
2024-01-27,3,neutral,冰雕很美，但是餐厅价格偏高。
2024-01-27,1,negative,人挤人，根本没心情看冰雕。
2024-01-27,3,neutral,票价有点贵，不过冰雕确实不错。
2024-01-27,5,positive,太美了！冰雕非常震撼，下次还来。
2024-01-27,4,positive,适合拍照打卡，随手一拍都是大片。
2024-01-27,4,positive,夜场的冰灯特别漂亮，像童话世界一样。
2024-01-27,4,positive,冰上龙舟很有创意，适合全家一起玩。
2024-01-27,5,positive,极地馆的企鹅太可爱了，拍了好多照片。
2024-01-27,3,neutral,白天看一般，晚上亮灯后效果才好。
2024-01-27,3,neutral,票价有点贵，不过冰雕确实不错。
2024-01-27,4,positive,大滑梯超刺激，排队时间也在可接受范围内。
2024-01-27,1,negative,门票太贵了，性价比低。
2024-01-27,2,negative,冰雕有些已经开始融化，维护不及时。
2024-01-27,2,negative,人挤人，根本没心情看冰雕。
2024-01-27,1,negative,停车费贵得离谱，而且不好找车位。
2024-01-27,5,positive,大滑梯超刺激，排队时间也在可接受范围内。
2024-01-27,4,positive,适合拍照打卡，随手一拍都是大片。
2024-01-27,5,positive,冰滑梯排队虽久但值得，尖叫声不断。
2024-01-27,5,positive,冰上龙舟很有创意，适合全家一起玩。
2024-01-27,3,neutral,园区很大，走得腿都酸了，建议多设休息点。
2024-01-27,4,positive,带孩子来的，小朋友玩得很开心，推荐！
2024-01-27,1,negative,餐饮又贵又难吃，建议自带食物。
2024-01-27,1,negative,太冷了，园区取暖设施不够。
2024-01-27,3,neutral,停车场离入口有点远，走了好久。
2024-01-27,5,positive,夜场的冰灯特别漂亮，像童话世界一样。
2024-01-27,4,positive,冰滑梯排队虽久但值得，尖叫声不断。
2024-01-27,3,neutral,停车场离入口有点远，走了好久。
2024-01-27,3,neutral,票价有点贵，不过冰雕确实不错。
2024-01-27,1,negative,地上太滑了，差点摔倒好几次。
2024-01-27,5,positive,冰雪大世界的灯光秀太震撼了，音乐配合得绝佳！
2024-01-27,1,negative,地上太滑了，差点摔倒好几次。
2024-01-27,3,neutral,票价有点贵，不过冰雕确实不错。
2024-01-27,3,neutral,冰雕很美，但是餐厅价格偏高。
2024-01-27,2,negative,门票太贵了，性价比低。
2024-01-27,2,negative,餐饮又贵又难吃，建议自带食物。
2024-01-27,3,neutral,人太多了，建议工作日去。
2024-01-27,1,negative,地上太滑了，差点摔倒好几次。
2024-01-27,3,neutral,园区很大，走得腿都酸了，建议多设休息点。
2024-01-27,3,neutral,票价有点贵，不过冰雕确实不错。
2024-01-27,3,neutral,园区很大，走得腿都酸了，建议多设休息点。
2024-01-27,5,positive,主办方今年安排得很用心，动线合理不绕路。
2024-01-27,3,neutral,人太多了，建议工作日去。
2024-01-27,5,positive,虽然冷但值得，哈尔滨的冬天名不虚传。
2024-01-27,4,positive,主办方今年安排得很用心，动线合理不绕路。
2024-01-27,3,neutral,停车场离入口有点远，走了好久。
2024-01-27,3,neutral,总体还行，就是排队太久了。
2024-01-27,3,neutral,中规中矩的一次体验，和预期差不多。
2024-01-27,4,positive,极地馆的企鹅太可爱了，拍了好多照片。
2024-01-27,3,neutral,中规中矩的一次体验，和预期差不多。
2024-01-27,4,positive,冰上龙舟很有创意，适合全家一起玩。
2024-01-27,5,positive,主办方今年安排得很用心，动线合理不绕路。
2024-01-27,5,positive,极地馆的企鹅太可爱了，拍了好多照片。
2024-01-27,1,negative,餐饮又贵又难吃，建议自带食物。
2024-01-27,3,neutral,票价有点贵，不过冰雕确实不错。
2024-01-27,3,neutral,票价有点贵，不过冰雕确实不错。
2024-01-27,2,negative,门票太贵了，性价比低。
2024-01-27,3,neutral,白天看一般，晚上亮灯后效果才好。
2024-01-27,3,neutral,停车场离入口有点远，走了好久。
2024-01-27,5,positive,极地馆的企鹅太可爱了，拍了好多照片。
2024-01-27,4,positive,服务态度很好，园区管理有序。
2024-01-27,4,positive,主办方今年安排得很用心，动线合理不绕路。
2024-01-27,3,neutral,白天看一般，晚上亮灯后效果才好。
2024-01-27,3,neutral,票价有点贵，不过冰雕确实不错。
2024-01-27,3,neutral,人太多了，建议工作日去。
2024-01-27,3,neutral,中规中矩的一次体验，和预期差不多。
2024-01-27,3,neutral,票价有点贵，不过冰雕确实不错。
2024-01-27,3,neutral,停车场离入口有点远，走了好久。
2024-01-27,3,neutral,停车场离入口有点远，走了好久。
2024-01-27,4,positive,冰雪大世界的灯光秀太震撼了，音乐配合得绝佳！
2024-01-27,2,negative,卫生间太少了，排队比看冰雕还久。
2024-01-27,5,positive,今年冰雕规模比去年更大了，很壮观。
2024-01-27,1,negative,餐饮又贵又难吃，建议自带食物。
2024-01-27,3,neutral,人太多了，建议工作日去。
2024-01-27,1,negative,餐饮又贵又难吃，建议自带食物。
2024-01-27,1,negative,工作人员态度不好，问路都不理。
2024-01-28,5,positive,极地馆的企鹅太可爱了，拍了好多照片。
2024-01-28,4,positive,冰滑梯排队虽久但值得，尖叫声不断。
2024-01-28,1,negative,排队排了2个小时，体验很差。
2024-01-28,3,neutral,票价有点贵，不过冰雕确实不错。
2024-01-28,5,positive,极地馆的企鹅太可爱了，拍了好多照片。
2024-01-28,2,negative,餐饮又贵又难吃，建议自带食物。
2024-01-28,2,negative,门票太贵了，性价比低。
2024-01-28,4,positive,夜场的冰灯特别漂亮，像童话世界一样。
2024-01-28,1,negative,餐饮又贵又难吃，建议自带食物。
2024-01-28,3,neutral,中规中矩的一次体验，和预期差不多。
2024-01-28,5,positive,冰滑梯排队虽久但值得，尖叫声不断。
2024-01-28,4,positive,适合拍照打卡，随手一拍都是大片。
2024-01-28,3,neutral,园区很大，走得腿都酸了，建议多设休息点。
2024-01-28,4,positive,今年冰雕规模比去年更大了，很壮观。
2024-01-28,1,negative,卫生间太少了，排队比看冰雕还久。
2024-01-28,5,positive,冰滑梯排队虽久但值得，尖叫声不断。
2024-01-28,4,positive,大滑梯超刺激，排队时间也在可接受范围内。
2024-01-28,3,neutral,票价有点贵，不过冰雕确实不错。
2024-01-28,1,negative,门票太贵了，性价比低。
2024-01-28,5,positive,虽然冷但值得，哈尔滨的冬天名不虚传。
2024-01-28,5,positive,冰雪大世界的灯光秀太震撼了，音乐配合得绝佳！
2024-01-28,1,negative,卫生间太少了，排队比看冰雕还久。
2024-01-28,3,neutral,冰雕很美，但是餐厅价格偏高。
2024-01-28,4,positive,夜场的冰灯特别漂亮，像童话世界一样。
2024-01-28,1,negative,门票太贵了，性价比低。
2024-01-28,5,positive,冰酒吧体验独特，零下30度喝热饮很特别。
2024-01-28,4,positive,极地馆的企鹅太可爱了，拍了好多照片。
2024-01-28,4,positive,带孩子来的，小朋友玩得很开心，推荐！
2024-01-28,4,positive,极地馆的企鹅太可爱了，拍了好多照片。
2024-01-28,5,positive,冰雪大世界的灯光秀太震撼了，音乐配合得绝佳！
2024-01-28,2,negative,餐饮又贵又难吃，建议自带食物。
2024-01-28,3,neutral,人太多了，建议工作日去。
2024-01-28,5,positive,夜场的冰灯特别漂亮，像童话世界一样。
2024-01-28,1,negative,停车费贵得离谱，而且不好找车位。
2024-01-28,3,neutral,中规中矩的一次体验，和预期差不多。
2024-01-28,3,neutral,总体还行，就是排队太久了。
2024-01-28,4,positive,虽然人多但是氛围感很棒，冰雪的快乐。
2024-01-28,3,neutral,总体还行，就是排队太久了。
2024-01-28,2,negative,太冷了，园区取暖设施不够。
2024-01-28,1,negative,排队排了2个小时，体验很差。
2024-01-28,5,positive,冰雪大世界的灯光秀太震撼了，音乐配合得绝佳！
2024-01-28,3,neutral,冰雕很美，但是餐厅价格偏高。
2024-01-28,5,positive,冰雪大世界的灯光秀太震撼了，音乐配合得绝佳！
2024-01-28,5,positive,虽然冷但值得，哈尔滨的冬天名不虚传。
2024-01-28,4,positive,主办方今年安排得很用心，动线合理不绕路。
2024-01-28,5,positive,冰酒吧体验独特，零下30度喝热饮很特别。
2024-01-28,3,neutral,白天看一般，晚上亮灯后效果才好。
2024-01-28,3,neutral,总体还行，就是排队太久了。
2024-01-28,3,neutral,停车场离入口有点远，走了好久。
2024-01-28,2,negative,卫生间太少了，排队比看冰雕还久。
2024-01-28,4,positive,大滑梯超刺激，排队时间也在可接受范围内。
2024-01-28,3,neutral,冰雕很美，但是餐厅价格偏高。
2024-01-28,5,positive,冰上龙舟很有创意，适合全家一起玩。
2024-01-28,5,positive,虽然冷但值得，哈尔滨的冬天名不虚传。
2024-01-28,4,positive,主办方今年安排得很用心，动线合理不绕路。
2024-01-28,4,positive,主办方今年安排得很用心，动线合理不绕路。
2024-01-28,3,neutral,白天看一般，晚上亮灯后效果才好。
2024-01-28,5,positive,大滑梯超刺激，排队时间也在可接受范围内。
2024-01-28,2,negative,冰雕有些已经开始融化，维护不及时。
2024-01-28,3,neutral,票价有点贵，不过冰雕确实不错。
2024-01-28,5,positive,适合拍照打卡，随手一拍都是大片。
2024-01-28,3,neutral,总体还行，就是排队太久了。
2024-01-28,2,negative,餐饮又贵又难吃，建议自带食物。
2024-01-28,4,positive,冰上龙舟很有创意，适合全家一起玩。
2024-01-28,3,neutral,白天看一般，晚上亮灯后效果才好。
2024-01-28,3,neutral,停车场离入口有点远，走了好久。
2024-01-28,1,negative,冰雕有些已经开始融化，维护不及时。
2024-01-28,2,negative,人挤人，根本没心情看冰雕。
2024-01-28,5,positive,今年冰雕规模比去年更大了，很壮观。
2024-01-28,4,positive,冰酒吧体验独特，零下30度喝热饮很特别。
2024-01-28,5,positive,夜场的冰灯特别漂亮，像童话世界一样。
2024-01-28,3,neutral,中规中矩的一次体验，和预期差不多。
2024-01-28,2,negative,地上太滑了，差点摔倒好几次。
2024-01-28,5,positive,适合拍照打卡，随手一拍都是大片。
2024-01-28,3,neutral,中规中矩的一次体验，和预期差不多。
2024-01-28,4,positive,服务态度很好，园区管理有序。
2024-01-28,5,positive,夜场的冰灯特别漂亮，像童话世界一样。
2024-01-28,3,neutral,中规中矩的一次体验，和预期差不多。
2024-01-28,3,neutral,票价有点贵，不过冰雕确实不错。
2024-01-28,5,positive,今年冰雕规模比去年更大了，很壮观。
2024-01-28,4,positive,虽然冷但值得，哈尔滨的冬天名不虚传。
2024-01-28,3,neutral,停车场离入口有点远，走了好久。
2024-01-28,3,neutral,票价有点贵，不过冰雕确实不错。
2024-01-28,5,positive,大滑梯超刺激，排队时间也在可接受范围内。
2024-01-28,5,positive,冰上龙舟很有创意，适合全家一起玩。
2024-01-28,4,positive,虽然冷但值得，哈尔滨的冬天名不虚传。
2024-01-28,4,positive,夜场的冰灯特别漂亮，像童话世界一样。
2024-01-28,5,positive,带孩子来的，小朋友玩得很开心，推荐！
2024-01-28,4,positive,太美了！冰雕非常震撼，下次还来。
2024-01-28,5,positive,大滑梯超刺激，排队时间也在可接受范围内。
2024-01-28,3,neutral,白天看一般，晚上亮灯后效果才好。
2024-01-28,5,positive,虽然人多但是氛围感很棒，冰雪的快乐。
2024-01-28,5,positive,冰酒吧体验独特，零下30度喝热饮很特别。
2024-01-28,5,positive,服务态度很好，园区管理有序。
2024-01-28,3,neutral,园区很大，走得腿都酸了，建议多设休息点。
2024-01-28,3,neutral,人太多了，建议工作日去。
2024-01-28,3,neutral,中规中矩的一次体验，和预期差不多。
2024-01-28,5,positive,冰滑梯排队虽久但值得，尖叫声不断。
2024-01-28,3,neutral,中规中矩的一次体验，和预期差不多。
2024-01-28,3,neutral,园区很大，走得腿都酸了，建议多设休息点。
2024-01-28,4,positive,主办方今年安排得很用心，动线合理不绕路。
2024-01-28,3,neutral,人太多了，建议工作日去。
2024-01-28,3,neutral,停车场离入口有点远，走了好久。
2024-01-28,3,neutral,停车场离入口有点远，走了好久。
2024-01-28,4,positive,冰上龙舟很有创意，适合全家一起玩。
2024-01-28,2,negative,门票太贵了，性价比低。
2024-01-28,1,negative,冰雕有些已经开始融化，维护不及时。
2024-01-28,3,neutral,总体还行，就是排队太久了。
2024-01-28,1,negative,太冷了，园区取暖设施不够。
2024-01-28,4,positive,服务态度很好，园区管理有序。
2024-01-28,5,positive,极地馆的企鹅太可爱了，拍了好多照片。
2024-01-28,5,positive,冰上龙舟很有创意，适合全家一起玩。
2024-01-28,3,neutral,园区很大，走得腿都酸了，建议多设休息点。
2024-01-28,5,positive,虽然冷但值得，哈尔滨的冬天名不虚传。
2024-01-28,3,neutral,中规中矩的一次体验，和预期差不多。
2024-01-28,4,positive,太美了！冰雕非常震撼，下次还来。
2024-01-28,3,neutral,总体还行，就是排队太久了。
2024-01-29,4,positive,大滑梯超刺激，排队时间也在可接受范围内。
2024-01-29,3,neutral,停车场离入口有点远，走了好久。
2024-01-29,4,positive,冰酒吧体验独特，零下30度喝热饮很特别。
2024-01-29,1,negative,冰雕有些已经开始融化，维护不及时。
2024-01-29,2,negative,门票太贵了，性价比低。
2024-01-29,5,positive,极地馆的企鹅太可爱了，拍了好多照片。
2024-01-29,3,neutral,总体还行，就是排队太久了。
2024-01-29,3,neutral,票价有点贵，不过冰雕确实不错。
2024-01-29,5,positive,服务态度很好，园区管理有序。
2024-01-29,3,neutral,人太多了，建议工作日去。
2024-01-29,2,negative,门票太贵了，性价比低。
2024-01-29,3,neutral,中规中矩的一次体验，和预期差不多。
2024-01-29,5,positive,主办方今年安排得很用心，动线合理不绕路。
2024-01-29,3,neutral,白天看一般，晚上亮灯后效果才好。
2024-01-29,3,neutral,中规中矩的一次体验，和预期差不多。
2024-01-29,3,neutral,总体还行，就是排队太久了。
2024-01-29,1,negative,工作人员态度不好，问路都不理。
2024-01-29,5,positive,太美了！冰雕非常震撼，下次还来。
2024-01-29,3,neutral,园区很大，走得腿都酸了，建议多设休息点。
2024-01-29,2,negative,地上太滑了，差点摔倒好几次。
2024-01-29,5,positive,极地馆的企鹅太可爱了，拍了好多照片。
2024-01-29,2,negative,门票太贵了，性价比低。
2024-01-29,5,positive,带孩子来的，小朋友玩得很开心，推荐！
2024-01-29,4,positive,服务态度很好，园区管理有序。
2024-01-29,4,positive,极地馆的企鹅太可爱了，拍了好多照片。
2024-01-29,2,negative,冰雕有些已经开始融化，维护不及时。
2024-01-29,5,positive,主办方今年安排得很用心，动线合理不绕路。
2024-01-29,3,neutral,冰雕很美，但是餐厅价格偏高。
2024-01-29,4,positive,虽然人多但是氛围感很棒，冰雪的快乐。
2024-01-29,2,negative,停车费贵得离谱，而且不好找车位。
2024-01-29,4,positive,冰雪大世界的灯光秀太震撼了，音乐配合得绝佳！
2024-01-29,4,positive,冰酒吧体验独特，零下30度喝热饮很特别。
2024-01-29,3,neutral,票价有点贵，不过冰雕确实不错。
2024-01-29,4,positive,夜场的冰灯特别漂亮，像童话世界一样。
2024-01-29,3,neutral,票价有点贵，不过冰雕确实不错。
2024-01-29,5,positive,服务态度很好，园区管理有序。
2024-01-29,3,neutral,中规中矩的一次体验，和预期差不多。
2024-01-29,3,neutral,中规中矩的一次体验，和预期差不多。
2024-01-29,4,positive,极地馆的企鹅太可爱了，拍了好多照片。
2024-01-29,3,neutral,中规中矩的一次体验，和预期差不多。
2024-01-29,2,negative,餐饮又贵又难吃，建议自带食物。
2024-01-29,5,positive,虽然冷但值得，哈尔滨的冬天名不虚传。
2024-01-29,5,positive,冰酒吧体验独特，零下30度喝热饮很特别。
2024-01-29,3,neutral,白天看一般，晚上亮灯后效果才好。
2024-01-29,5,positive,极地馆的企鹅太可爱了，拍了好多照片。
2024-01-29,5,positive,太美了！冰雕非常震撼，下次还来。
2024-01-29,3,neutral,总体还行，就是排队太久了。
2024-01-29,3,neutral,总体还行，就是排队太久了。
2024-01-29,5,positive,夜场的冰灯特别漂亮，像童话世界一样。
2024-01-29,3,neutral,中规中矩的一次体验，和预期差不多。
2024-01-29,4,positive,主办方今年安排得很用心，动线合理不绕路。
2024-01-29,3,neutral,停车场离入口有点远，走了好久。
2024-01-29,3,neutral,停车场离入口有点远，走了好久。
2024-01-29,3,neutral,人太多了，建议工作日去。
2024-01-29,5,positive,冰酒吧体验独特，零下30度喝热饮很特别。
2024-01-29,3,neutral,人太多了，建议工作日去。
2024-01-29,1,negative,地上太滑了，差点摔倒好几次。
2024-01-29,2,negative,停车费贵得离谱，而且不好找车位。
2024-01-29,4,positive,今年冰雕规模比去年更大了，很壮观。
2024-01-29,1,negative,餐饮又贵又难吃，建议自带食物。
2024-01-29,1,negative,工作人员态度不好，问路都不理。
2024-01-29,3,neutral,冰雕很美，但是餐厅价格偏高。
2024-01-29,1,negative,停车费贵得离谱，而且不好找车位。
2024-01-29,3,neutral,中规中矩的一次体验，和预期差不多。
2024-01-29,3,neutral,停车场离入口有点远，走了好久。
2024-01-29,4,positive,适合拍照打卡，随手一拍都是大片。
2024-01-29,4,positive,冰酒吧体验独特，零下30度喝热饮很特别。
2024-01-29,4,positive,大滑梯超刺激，排队时间也在可接受范围内。
2024-01-29,5,positive,冰上龙舟很有创意，适合全家一起玩。
2024-01-29,5,positive,虽然人多但是氛围感很棒，冰雪的快乐。
2024-01-29,4,positive,太美了！冰雕非常震撼，下次还来。
2024-01-29,1,negative,地上太滑了，差点摔倒好几次。
2024-01-30,2,negative,地上太滑了，差点摔倒好几次。
2024-01-30,5,positive,冰雪大世界的灯光秀太震撼了，音乐配合得绝佳！
2024-01-30,5,positive,带孩子来的，小朋友玩得很开心，推荐！
2024-01-30,1,negative,工作人员态度不好，问路都不理。
2024-01-30,5,positive,冰酒吧体验独特，零下30度喝热饮很特别。
2024-01-30,3,neutral,冰雕很美，但是餐厅价格偏高。
2024-01-30,1,negative,排队排了2个小时，体验很差。
2024-01-30,5,positive,冰酒吧体验独特，零下30度喝热饮很特别。
2024-01-30,2,negative,冰雕有些已经开始融化，维护不及时。
2024-01-30,3,neutral,冰雕很美，但是餐厅价格偏高。
2024-01-30,1,negative,停车费贵得离谱，而且不好找车位。
2024-01-30,2,negative,停车费贵得离谱，而且不好找车位。
2024-01-30,4,positive,虽然冷但值得，哈尔滨的冬天名不虚传。
2024-01-30,3,neutral,总体还行，就是排队太久了。
2024-01-30,3,neutral,停车场离入口有点远，走了好久。
2024-01-30,3,neutral,人太多了，建议工作日去。
2024-01-30,5,positive,极地馆的企鹅太可爱了，拍了好多照片。
2024-01-30,5,positive,冰雪大世界的灯光秀太震撼了，音乐配合得绝佳！
2024-01-30,4,positive,适合拍照打卡，随手一拍都是大片。
2024-01-30,3,neutral,白天看一般，晚上亮灯后效果才好。
2024-01-30,3,neutral,人太多了，建议工作日去。
2024-01-30,2,negative,人挤人，根本没心情看冰雕。
2024-01-30,1,negative,排队排了2个小时，体验很差。
2024-01-30,2,negative,停车费贵得离谱，而且不好找车位。
2024-01-30,4,positive,适合拍照打卡，随手一拍都是大片。
2024-01-30,1,negative,太冷了，园区取暖设施不够。
2024-01-30,3,neutral,园区很大，走得腿都酸了，建议多设休息点。
2024-01-30,5,positive,太美了！冰雕非常震撼，下次还来。
2024-01-30,2,negative,冰雕有些已经开始融化，维护不及时。
2024-01-30,1,negative,地上太滑了，差点摔倒好几次。
2024-01-30,4,positive,服务态度很好，园区管理有序。
2024-01-30,4,positive,夜场的冰灯特别漂亮，像童话世界一样。
2024-01-30,4,positive,服务态度很好，园区管理有序。
2024-01-30,2,negative,人挤人，根本没心情看冰雕。
2024-01-30,3,neutral,白天看一般，晚上亮灯后效果才好。
2024-01-30,1,negative,卫生间太少了，排队比看冰雕还久。
2024-01-30,2,negative,停车费贵得离谱，而且不好找车位。
2024-01-30,3,neutral,停车场离入口有点远，走了好久。
2024-01-30,3,neutral,总体还行，就是排队太久了。
2024-01-30,3,neutral,人太多了，建议工作日去。
2024-01-30,4,positive,极地馆的企鹅太可爱了，拍了好多照片。
2024-01-30,3,neutral,园区很大，走得腿都酸了，建议多设休息点。
2024-01-30,4,positive,极地馆的企鹅太可爱了，拍了好多照片。
2024-01-30,3,neutral,中规中矩的一次体验，和预期差不多。
2024-01-30,5,positive,冰雪大世界的灯光秀太震撼了，音乐配合得绝佳！
2024-01-30,4,positive,冰上龙舟很有创意，适合全家一起玩。
2024-01-30,2,negative,卫生间太少了，排队比看冰雕还久。
2024-01-30,4,positive,服务态度很好，园区管理有序。
2024-01-30,3,neutral,中规中矩的一次体验，和预期差不多。
2024-01-30,4,positive,夜场的冰灯特别漂亮，像童话世界一样。
2024-01-30,5,positive,冰上龙舟很有创意，适合全家一起玩。
2024-01-30,2,negative,卫生间太少了，排队比看冰雕还久。
2024-01-30,5,positive,今年冰雕规模比去年更大了，很壮观。
2024-01-30,5,positive,极地馆的企鹅太可爱了，拍了好多照片。
2024-01-30,3,neutral,中规中矩的一次体验，和预期差不多。
2024-01-30,5,positive,冰雪大世界的灯光秀太震撼了，音乐配合得绝佳！
2024-01-30,2,negative,门票太贵了，性价比低。
2024-01-30,2,negative,停车费贵得离谱，而且不好找车位。
2024-01-30,3,neutral,停车场离入口有点远，走了好久。
2024-01-30,1,negative,人挤人，根本没心情看冰雕。
2024-01-30,5,positive,虽然冷但值得，哈尔滨的冬天名不虚传。
2024-01-30,5,positive,大滑梯超刺激，排队时间也在可接受范围内。
2024-01-30,5,positive,极地馆的企鹅太可爱了，拍了好多照片。
2024-01-30,4,positive,大滑梯超刺激，排队时间也在可接受范围内。
2024-01-30,5,positive,虽然冷但值得，哈尔滨的冬天名不虚传。
2024-01-30,3,neutral,冰雕很美，但是餐厅价格偏高。
2024-01-30,2,negative,门票太贵了，性价比低。
2024-01-30,4,positive,适合拍照打卡，随手一拍都是大片。
2024-01-30,1,negative,人挤人，根本没心情看冰雕。
2024-01-30,4,positive,适合拍照打卡，随手一拍都是大片。
2024-01-30,4,positive,适合拍照打卡，随手一拍都是大片。
2024-01-30,4,positive,冰上龙舟很有创意，适合全家一起玩。
2024-01-30,4,positive,今年冰雕规模比去年更大了，很壮观。
2024-01-30,3,neutral,停车场离入口有点远，走了好久。
2024-01-30,3,neutral,中规中矩的一次体验，和预期差不多。
2024-01-30,3,neutral,冰雕很美，但是餐厅价格偏高。
2024-01-30,3,neutral,冰雕很美，但是餐厅价格偏高。
2024-01-30,2,negative,太冷了，园区取暖设施不够。
2024-01-30,3,neutral,白天看一般，晚上亮灯后效果才好。
2024-01-30,1,negative,工作人员态度不好，问路都不理。
2024-01-30,4,positive,虽然人多但是氛围感很棒，冰雪的快乐。
2024-01-30,3,neutral,中规中矩的一次体验，和预期差不多。
2024-01-31,3,neutral,人太多了，建议工作日去。
2024-01-31,4,positive,大滑梯超刺激，排队时间也在可接受范围内。
2024-01-31,1,negative,排队排了2个小时，体验很差。
2024-01-31,4,positive,大滑梯超刺激，排队时间也在可接受范围内。
2024-01-31,4,positive,适合拍照打卡，随手一拍都是大片。
2024-01-31,5,positive,带孩子来的，小朋友玩得很开心，推荐！
2024-01-31,5,positive,今年冰雕规模比去年更大了，很壮观。
2024-01-31,3,neutral,停车场离入口有点远，走了好久。
2024-01-31,3,neutral,冰雕很美，但是餐厅价格偏高。
2024-01-31,4,positive,适合拍照打卡，随手一拍都是大片。
2024-01-31,3,neutral,停车场离入口有点远，走了好久。
2024-01-31,4,positive,虽然冷但值得，哈尔滨的冬天名不虚传。
2024-01-31,3,neutral,园区很大，走得腿都酸了，建议多设休息点。
2024-01-31,5,positive,虽然人多但是氛围感很棒，冰雪的快乐。
2024-01-31,4,positive,极地馆的企鹅太可爱了，拍了好多照片。
2024-01-31,3,neutral,冰雕很美，但是餐厅价格偏高。
2024-01-31,5,positive,冰滑梯排队虽久但值得，尖叫声不断。
2024-01-31,3,neutral,冰雕很美，但是餐厅价格偏高。
2024-01-31,1,negative,餐饮又贵又难吃，建议自带食物。
2024-01-31,4,positive,带孩子来的，小朋友玩得很开心，推荐！
2024-01-31,5,positive,冰酒吧体验独特，零下30度喝热饮很特别。
2024-01-31,5,positive,适合拍照打卡，随手一拍都是大片。
2024-01-31,5,positive,冰酒吧体验独特，零下30度喝热饮很特别。
2024-01-31,5,positive,虽然冷但值得，哈尔滨的冬天名不虚传。
2024-01-31,3,neutral,园区很大，走得腿都酸了，建议多设休息点。
2024-01-31,4,positive,太美了！冰雕非常震撼，下次还来。
2024-01-31,5,positive,冰雪大世界的灯光秀太震撼了，音乐配合得绝佳！
2024-01-31,1,negative,卫生间太少了，排队比看冰雕还久。
2024-01-31,4,positive,虽然冷但值得，哈尔滨的冬天名不虚传。
2024-01-31,1,negative,人挤人，根本没心情看冰雕。
2024-01-31,5,positive,太美了！冰雕非常震撼，下次还来。
2024-01-31,4,positive,带孩子来的，小朋友玩得很开心，推荐！
2024-01-31,4,positive,服务态度很好，园区管理有序。
2024-01-31,3,neutral,中规中矩的一次体验，和预期差不多。
2024-01-31,3,neutral,停车场离入口有点远，走了好久。
2024-01-31,4,positive,带孩子来的，小朋友玩得很开心，推荐！
2024-01-31,5,positive,冰雪大世界的灯光秀太震撼了，音乐配合得绝佳！
2024-01-31,3,neutral,人太多了，建议工作日去。
2024-01-31,5,positive,太美了！冰雕非常震撼，下次还来。
2024-01-31,5,positive,极地馆的企鹅太可爱了，拍了好多照片。
2024-01-31,2,negative,餐饮又贵又难吃，建议自带食物。
2024-01-31,5,positive,服务态度很好，园区管理有序。
2024-01-31,3,neutral,停车场离入口有点远，走了好久。
2024-01-31,3,neutral,停车场离入口有点远，走了好久。
2024-01-31,3,neutral,园区很大，走得腿都酸了，建议多设休息点。
2024-01-31,5,positive,主办方今年安排得很用心，动线合理不绕路。
2024-01-31,4,positive,大滑梯超刺激，排队时间也在可接受范围内。
2024-01-31,3,neutral,中规中矩的一次体验，和预期差不多。
2024-01-31,3,neutral,冰雕很美，但是餐厅价格偏高。
2024-01-31,3,neutral,总体还行，就是排队太久了。
2024-01-31,3,neutral,票价有点贵，不过冰雕确实不错。
2024-01-31,4,positive,冰雪大世界的灯光秀太震撼了，音乐配合得绝佳！
2024-01-31,4,positive,冰酒吧体验独特，零下30度喝热饮很特别。
2024-01-31,5,positive,虽然冷但值得，哈尔滨的冬天名不虚传。
2024-01-31,4,positive,极地馆的企鹅太可爱了，拍了好多照片。
2024-01-31,4,positive,适合拍照打卡，随手一拍都是大片。
2024-01-31,1,negative,排队排了2个小时，体验很差。
2024-01-31,3,neutral,人太多了，建议工作日去。
2024-01-31,5,positive,服务态度很好，园区管理有序。
2024-01-31,4,positive,冰滑梯排队虽久但值得，尖叫声不断。
2024-01-31,4,positive,虽然人多但是氛围感很棒，冰雪的快乐。
2024-01-31,3,neutral,人太多了，建议工作日去。
2024-01-31,1,negative,排队排了2个小时，体验很差。
2024-01-31,1,negative,工作人员态度不好，问路都不理。
2024-01-31,3,neutral,停车场离入口有点远，走了好久。
2024-01-31,3,neutral,人太多了，建议工作日去。
2024-01-31,5,positive,冰滑梯排队虽久但值得，尖叫声不断。
2024-01-31,4,positive,适合拍照打卡，随手一拍都是大片。
2024-01-31,3,neutral,冰雕很美，但是餐厅价格偏高。
2024-01-31,3,neutral,总体还行，就是排队太久了。
2024-01-31,4,positive,太美了！冰雕非常震撼，下次还来。
2024-01-31,4,positive,大滑梯超刺激，排队时间也在可接受范围内。
2024-01-31,4,positive,冰酒吧体验独特，零下30度喝热饮很特别。
2024-01-31,5,positive,冰酒吧体验独特，零下30度喝热饮很特别。
2024-01-31,3,neutral,票价有点贵，不过冰雕确实不错。
2024-01-31,3,neutral,中规中矩的一次体验，和预期差不多。
2024-01-31,3,neutral,冰雕很美，但是餐厅价格偏高。
2024-01-31,3,neutral,停车场离入口有点远，走了好久。
2024-01-31,5,positive,冰雪大世界的灯光秀太震撼了，音乐配合得绝佳！
2024-02-01,2,negative,卫生间太少了，排队比看冰雕还久。
2024-02-01,4,positive,极地馆的企鹅太可爱了，拍了好多照片。
2024-02-01,1,negative,冰雕有些已经开始融化，维护不及时。
2024-02-01,3,neutral,人太多了，建议工作日去。
2024-02-01,1,negative,卫生间太少了，排队比看冰雕还久。
2024-02-01,1,negative,冰雕有些已经开始融化，维护不及时。
2024-02-01,5,positive,大滑梯超刺激，排队时间也在可接受范围内。
2024-02-01,5,positive,虽然冷但值得，哈尔滨的冬天名不虚传。
2024-02-01,5,positive,主办方今年安排得很用心，动线合理不绕路。
2024-02-01,4,positive,带孩子来的，小朋友玩得很开心，推荐！
2024-02-01,5,positive,今年冰雕规模比去年更大了，很壮观。
2024-02-01,4,positive,夜场的冰灯特别漂亮，像童话世界一样。
2024-02-01,2,negative,冰雕有些已经开始融化，维护不及时。
2024-02-01,4,positive,冰雪大世界的灯光秀太震撼了，音乐配合得绝佳！
2024-02-01,2,negative,门票太贵了，性价比低。
2024-02-01,3,neutral,人太多了，建议工作日去。
2024-02-01,4,positive,太美了！冰雕非常震撼，下次还来。
2024-02-01,3,neutral,中规中矩的一次体验，和预期差不多。
2024-02-01,2,negative,门票太贵了，性价比低。
2024-02-01,1,negative,停车费贵得离谱，而且不好找车位。
2024-02-01,4,positive,冰雪大世界的灯光秀太震撼了，音乐配合得绝佳！
2024-02-01,4,positive,主办方今年安排得很用心，动线合理不绕路。
2024-02-01,3,neutral,园区很大，走得腿都酸了，建议多设休息点。
2024-02-01,4,positive,夜场的冰灯特别漂亮，像童话世界一样。
2024-02-01,5,positive,冰酒吧体验独特，零下30度喝热饮很特别。
2024-02-01,3,neutral,白天看一般，晚上亮灯后效果才好。
2024-02-01,5,positive,虽然人多但是氛围感很棒，冰雪的快乐。
2024-02-01,5,positive,服务态度很好，园区管理有序。
2024-02-01,2,negative,卫生间太少了，排队比看冰雕还久。
2024-02-01,3,neutral,中规中矩的一次体验，和预期差不多。
2024-02-01,5,positive,带孩子来的，小朋友玩得很开心，推荐！
2024-02-01,2,negative,工作人员态度不好，问路都不理。
2024-02-01,4,positive,冰雪大世界的灯光秀太震撼了，音乐配合得绝佳！
2024-02-01,5,positive,带孩子来的，小朋友玩得很开心，推荐！
2024-02-01,5,positive,夜场的冰灯特别漂亮，像童话世界一样。
2024-02-01,4,positive,夜场的冰灯特别漂亮，像童话世界一样。
2024-02-01,5,positive,冰上龙舟很有创意，适合全家一起玩。
2024-02-01,1,negative,地上太滑了，差点摔倒好几次。
2024-02-01,4,positive,冰滑梯排队虽久但值得，尖叫声不断。
2024-02-01,2,negative,人挤人，根本没心情看冰雕。
2024-02-01,1,negative,排队排了2个小时，体验很差。
2024-02-01,2,negative,门票太贵了，性价比低。
2024-02-01,3,neutral,白天看一般，晚上亮灯后效果才好。
2024-02-01,3,neutral,园区很大，走得腿都酸了，建议多设休息点。
2024-02-01,4,positive,冰上龙舟很有创意，适合全家一起玩。
2024-02-01,4,positive,主办方今年安排得很用心，动线合理不绕路。
2024-02-01,4,positive,大滑梯超刺激，排队时间也在可接受范围内。
2024-02-01,5,positive,今年冰雕规模比去年更大了，很壮观。
2024-02-01,4,positive,大滑梯超刺激，排队时间也在可接受范围内。
2024-02-01,2,negative,停车费贵得离谱，而且不好找车位。
2024-02-01,5,positive,适合拍照打卡，随手一拍都是大片。
2024-02-01,4,positive,冰酒吧体验独特，零下30度喝热饮很特别。
2024-02-01,1,negative,排队排了2个小时，体验很差。
2024-02-01,4,positive,大滑梯超刺激，排队时间也在可接受范围内。
2024-02-01,2,negative,地上太滑了，差点摔倒好几次。
2024-02-01,4,positive,适合拍照打卡，随手一拍都是大片。
2024-02-01,3,neutral,园区很大，走得腿都酸了，建议多设休息点。
2024-02-01,5,positive,太美了！冰雕非常震撼，下次还来。
2024-02-01,2,negative,太冷了，园区取暖设施不够。
2024-02-01,3,neutral,停车场离入口有点远，走了好久。
2024-02-01,5,positive,大滑梯超刺激，排队时间也在可接受范围内。
2024-02-01,1,negative,餐饮又贵又难吃，建议自带食物。
2024-02-01,4,positive,服务态度很好，园区管理有序。
2024-02-01,5,positive,冰雪大世界的灯光秀太震撼了，音乐配合得绝佳！
2024-02-01,4,positive,极地馆的企鹅太可爱了，拍了好多照片。
2024-02-01,4,positive,冰滑梯排队虽久但值得，尖叫声不断。
2024-02-01,1,negative,门票太贵了，性价比低。
2024-02-01,4,positive,适合拍照打卡，随手一拍都是大片。
2024-02-01,4,positive,带孩子来的，小朋友玩得很开心，推荐！
2024-02-01,5,positive,冰雪大世界的灯光秀太震撼了，音乐配合得绝佳！
2024-02-01,5,positive,冰滑梯排队虽久但值得，尖叫声不断。
2024-02-01,4,positive,大滑梯超刺激，排队时间也在可接受范围内。
2024-02-01,3,neutral,中规中矩的一次体验，和预期差不多。
2024-02-01,4,positive,冰酒吧体验独特，零下30度喝热饮很特别。
2024-02-01,2,negative,人挤人，根本没心情看冰雕。
2024-02-01,3,neutral,园区很大，走得腿都酸了，建议多设休息点。
2024-02-01,2,negative,餐饮又贵又难吃，建议自带食物。
2024-02-01,2,negative,冰雕有些已经开始融化，维护不及时。
2024-02-01,4,positive,夜场的冰灯特别漂亮，像童话世界一样。
2024-02-01,3,neutral,停车场离入口有点远，走了好久。
2024-02-01,5,positive,适合拍照打卡，随手一拍都是大片。
2024-02-01,1,negative,停车费贵得离谱，而且不好找车位。
2024-02-01,4,positive,今年冰雕规模比去年更大了，很壮观。
2024-02-01,1,negative,工作人员态度不好，问路都不理。
2024-02-01,1,negative,卫生间太少了，排队比看冰雕还久。
2024-02-01,5,positive,冰滑梯排队虽久但值得，尖叫声不断。
2024-02-01,5,positive,冰上龙舟很有创意，适合全家一起玩。
2024-02-01,2,negative,卫生间太少了，排队比看冰雕还久。
2024-02-01,3,neutral,园区很大，走得腿都酸了，建议多设休息点。
2024-02-01,3,neutral,园区很大，走得腿都酸了，建议多设休息点。
2024-02-01,2,negative,停车费贵得离谱，而且不好找车位。
2024-02-01,5,positive,虽然人多但是氛围感很棒，冰雪的快乐。
2024-02-01,1,negative,太冷了，园区取暖设施不够。
2024-02-01,4,positive,极地馆的企鹅太可爱了，拍了好多照片。
2024-02-01,3,neutral,停车场离入口有点远，走了好久。
2024-02-01,4,positive,极地馆的企鹅太可爱了，拍了好多照片。
2024-02-02,3,neutral,中规中矩的一次体验，和预期差不多。
2024-02-02,3,neutral,票价有点贵，不过冰雕确实不错。
2024-02-02,3,neutral,票价有点贵，不过冰雕确实不错。
2024-02-02,4,positive,太美了！冰雕非常震撼，下次还来。
2024-02-02,4,positive,虽然人多但是氛围感很棒，冰雪的快乐。
2024-02-02,1,negative,卫生间太少了，排队比看冰雕还久。
2024-02-02,5,positive,冰滑梯排队虽久但值得，尖叫声不断。
2024-02-02,5,positive,极地馆的企鹅太可爱了，拍了好多照片。
2024-02-02,1,negative,人挤人，根本没心情看冰雕。
2024-02-02,1,negative,停车费贵得离谱，而且不好找车位。
2024-02-02,3,neutral,人太多了，建议工作日去。
2024-02-02,5,positive,夜场的冰灯特别漂亮，像童话世界一样。
2024-02-02,2,negative,地上太滑了，差点摔倒好几次。
2024-02-02,4,positive,虽然人多但是氛围感很棒，冰雪的快乐。
2024-02-02,3,neutral,停车场离入口有点远，走了好久。
2024-02-02,2,negative,太冷了，园区取暖设施不够。
2024-02-02,3,neutral,园区很大，走得腿都酸了，建议多设休息点。
2024-02-02,4,positive,适合拍照打卡，随手一拍都是大片。
2024-02-02,1,negative,停车费贵得离谱，而且不好找车位。
2024-02-02,2,negative,冰雕有些已经开始融化，维护不及时。
2024-02-02,3,neutral,票价有点贵，不过冰雕确实不错。
2024-02-02,5,positive,冰滑梯排队虽久但值得，尖叫声不断。
2024-02-02,3,neutral,停车场离入口有点远，走了好久。
2024-02-02,3,neutral,总体还行，就是排队太久了。
2024-02-02,4,positive,冰上龙舟很有创意，适合全家一起玩。
2024-02-02,1,negative,餐饮又贵又难吃，建议自带食物。
2024-02-02,3,neutral,白天看一般，晚上亮灯后效果才好。
2024-02-02,2,negative,冰雕有些已经开始融化，维护不及时。
2024-02-02,5,positive,冰酒吧体验独特，零下30度喝热饮很特别。
2024-02-02,1,negative,排队排了2个小时，体验很差。
2024-02-02,4,positive,极地馆的企鹅太可爱了，拍了好多照片。
2024-02-02,5,positive,冰上龙舟很有创意，适合全家一起玩。
2024-02-02,2,negative,门票太贵了，性价比低。
2024-02-02,3,neutral,总体还行，就是排队太久了。
2024-02-02,2,negative,工作人员态度不好，问路都不理。
2024-02-02,4,positive,大滑梯超刺激，排队时间也在可接受范围内。
2024-02-02,2,negative,排队排了2个小时，体验很差。
2024-02-02,4,positive,适合拍照打卡，随手一拍都是大片。
2024-02-02,4,positive,虽然冷但值得，哈尔滨的冬天名不虚传。
2024-02-02,5,positive,冰酒吧体验独特，零下30度喝热饮很特别。
2024-02-02,3,neutral,票价有点贵，不过冰雕确实不错。
2024-02-02,5,positive,太美了！冰雕非常震撼，下次还来。
2024-02-02,1,negative,工作人员态度不好，问路都不理。
2024-02-02,2,negative,地上太滑了，差点摔倒好几次。
2024-02-02,2,negative,太冷了，园区取暖设施不够。
2024-02-02,5,positive,极地馆的企鹅太可爱了，拍了好多照片。
2024-02-02,3,neutral,总体还行，就是排队太久了。
2024-02-02,1,negative,太冷了，园区取暖设施不够。
2024-02-02,3,neutral,停车场离入口有点远，走了好久。
2024-02-02,3,neutral,总体还行，就是排队太久了。
2024-02-02,2,negative,门票太贵了，性价比低。
2024-02-02,4,positive,服务态度很好，园区管理有序。
2024-02-02,5,positive,夜场的冰灯特别漂亮，像童话世界一样。
2024-02-02,4,positive,主办方今年安排得很用心，动线合理不绕路。
2024-02-02,5,positive,夜场的冰灯特别漂亮，像童话世界一样。
2024-02-02,4,positive,主办方今年安排得很用心，动线合理不绕路。
2024-02-02,2,negative,工作人员态度不好，问路都不理。
2024-02-02,3,neutral,中规中矩的一次体验，和预期差不多。
2024-02-02,5,positive,冰滑梯排队虽久但值得，尖叫声不断。
2024-02-02,3,neutral,白天看一般，晚上亮灯后效果才好。
2024-02-02,3,neutral,停车场离入口有点远，走了好久。
2024-02-02,5,positive,虽然人多但是氛围感很棒，冰雪的快乐。
2024-02-02,3,neutral,白天看一般，晚上亮灯后效果才好。
2024-02-02,2,negative,工作人员态度不好，问路都不理。
2024-02-02,3,neutral,票价有点贵，不过冰雕确实不错。
2024-02-02,1,negative,卫生间太少了，排队比看冰雕还久。
2024-02-02,1,negative,餐饮又贵又难吃，建议自带食物。
2024-02-02,2,negative,地上太滑了，差点摔倒好几次。
2024-02-02,4,positive,带孩子来的，小朋友玩得很开心，推荐！
2024-02-02,4,positive,夜场的冰灯特别漂亮，像童话世界一样。
2024-02-02,4,positive,极地馆的企鹅太可爱了，拍了好多照片。
2024-02-02,3,neutral,白天看一般，晚上亮灯后效果才好。
2024-02-02,3,neutral,人太多了，建议工作日去。
2024-02-02,4,positive,适合拍照打卡，随手一拍都是大片。
2024-02-02,4,positive,虽然冷但值得，哈尔滨的冬天名不虚传。
2024-02-02,5,positive,虽然人多但是氛围感很棒，冰雪的快乐。
2024-02-02,4,positive,太美了！冰雕非常震撼，下次还来。
2024-02-02,4,positive,主办方今年安排得很用心，动线合理不绕路。
2024-02-03,3,neutral,总体还行，就是排队太久了。
2024-02-03,4,positive,大滑梯超刺激，排队时间也在可接受范围内。
2024-02-03,4,positive,冰上龙舟很有创意，适合全家一起玩。
2024-02-03,4,positive,冰雪大世界的灯光秀太震撼了，音乐配合得绝佳！
2024-02-03,3,neutral,白天看一般，晚上亮灯后效果才好。
2024-02-03,2,negative,卫生间太少了，排队比看冰雕还久。
2024-02-03,5,positive,服务态度很好，园区管理有序。
2024-02-03,2,negative,人挤人，根本没心情看冰雕。
2024-02-03,3,neutral,园区很大，走得腿都酸了，建议多设休息点。
2024-02-03,3,neutral,停车场离入口有点远，走了好久。
2024-02-03,3,neutral,中规中矩的一次体验，和预期差不多。
2024-02-03,4,positive,夜场的冰灯特别漂亮，像童话世界一样。
2024-02-03,4,positive,大滑梯超刺激，排队时间也在可接受范围内。
2024-02-03,5,positive,虽然冷但值得，哈尔滨的冬天名不虚传。
2024-02-03,3,neutral,票价有点贵，不过冰雕确实不错。
2024-02-03,3,neutral,总体还行，就是排队太久了。
2024-02-03,2,negative,工作人员态度不好，问路都不理。
2024-02-03,4,positive,冰酒吧体验独特，零下30度喝热饮很特别。
2024-02-03,5,positive,主办方今年安排得很用心，动线合理不绕路。
2024-02-03,4,positive,冰滑梯排队虽久但值得，尖叫声不断。
2024-02-03,2,negative,排队排了2个小时，体验很差。
2024-02-03,4,positive,虽然冷但值得，哈尔滨的冬天名不虚传。
2024-02-03,5,positive,虽然冷但值得，哈尔滨的冬天名不虚传。
2024-02-03,4,positive,带孩子来的，小朋友玩得很开心，推荐！
2024-02-03,3,neutral,票价有点贵，不过冰雕确实不错。
2024-02-03,3,neutral,总体还行，就是排队太久了。
2024-02-03,5,positive,冰上龙舟很有创意，适合全家一起玩。
2024-02-03,2,negative,停车费贵得离谱，而且不好找车位。
2024-02-03,4,positive,冰雪大世界的灯光秀太震撼了，音乐配合得绝佳！
2024-02-03,5,positive,适合拍照打卡，随手一拍都是大片。
2024-02-03,5,positive,虽然人多但是氛围感很棒，冰雪的快乐。
2024-02-03,3,neutral,总体还行，就是排队太久了。
2024-02-03,1,negative,人挤人，根本没心情看冰雕。
2024-02-03,2,negative,排队排了2个小时，体验很差。
2024-02-03,5,positive,服务态度很好，园区管理有序。
2024-02-03,3,neutral,停车场离入口有点远，走了好久。
2024-02-03,5,positive,虽然冷但值得，哈尔滨的冬天名不虚传。
2024-02-03,1,negative,卫生间太少了，排队比看冰雕还久。
2024-02-03,5,positive,虽然冷但值得，哈尔滨的冬天名不虚传。
2024-02-03,3,neutral,总体还行，就是排队太久了。
2024-02-03,1,negative,餐饮又贵又难吃，建议自带食物。
2024-02-03,1,negative,卫生间太少了，排队比看冰雕还久。
2024-02-03,5,positive,大滑梯超刺激，排队时间也在可接受范围内。
2024-02-03,3,neutral,园区很大，走得腿都酸了，建议多设休息点。
2024-02-03,5,positive,虽然人多但是氛围感很棒，冰雪的快乐。
2024-02-03,5,positive,冰滑梯排队虽久但值得，尖叫声不断。
2024-02-03,5,positive,适合拍照打卡，随手一拍都是大片。
2024-02-03,2,negative,停车费贵得离谱，而且不好找车位。
2024-02-03,2,negative,地上太滑了，差点摔倒好几次。
2024-02-03,3,neutral,中规中矩的一次体验，和预期差不多。
2024-02-03,5,positive,虽然冷但值得，哈尔滨的冬天名不虚传。
2024-02-03,1,negative,门票太贵了，性价比低。
2024-02-03,5,positive,冰滑梯排队虽久但值得，尖叫声不断。
2024-02-03,3,neutral,人太多了，建议工作日去。
2024-02-03,4,positive,冰雪大世界的灯光秀太震撼了，音乐配合得绝佳！
2024-02-03,1,negative,卫生间太少了，排队比看冰雕还久。
2024-02-03,4,positive,虽然冷但值得，哈尔滨的冬天名不虚传。
2024-02-03,3,neutral,白天看一般，晚上亮灯后效果才好。
2024-02-03,3,neutral,冰雕很美，但是餐厅价格偏高。
2024-02-03,1,negative,门票太贵了，性价比低。
2024-02-03,2,negative,排队排了2个小时，体验很差。
2024-02-03,2,negative,卫生间太少了，排队比看冰雕还久。
2024-02-03,4,positive,冰酒吧体验独特，零下30度喝热饮很特别。
2024-02-03,2,negative,餐饮又贵又难吃，建议自带食物。
2024-02-03,5,positive,冰雪大世界的灯光秀太震撼了，音乐配合得绝佳！
2024-02-03,3,neutral,白天看一般，晚上亮灯后效果才好。
2024-02-03,5,positive,极地馆的企鹅太可爱了，拍了好多照片。
2024-02-03,3,neutral,停车场离入口有点远，走了好久。
2024-02-03,3,neutral,总体还行，就是排队太久了。
2024-02-03,2,negative,地上太滑了，差点摔倒好几次。
2024-02-03,3,neutral,白天看一般，晚上亮灯后效果才好。
2024-02-03,4,positive,主办方今年安排得很用心，动线合理不绕路。
2024-02-03,5,positive,极地馆的企鹅太可爱了，拍了好多照片。
2024-02-03,4,positive,今年冰雕规模比去年更大了，很壮观。
2024-02-03,5,positive,适合拍照打卡，随手一拍都是大片。
2024-02-03,3,neutral,白天看一般，晚上亮灯后效果才好。
2024-02-03,5,positive,服务态度很好，园区管理有序。
2024-02-03,4,positive,夜场的冰灯特别漂亮，像童话世界一样。
2024-02-03,5,positive,大滑梯超刺激，排队时间也在可接受范围内。
2024-02-03,2,negative,工作人员态度不好，问路都不理。
2024-02-03,4,positive,夜场的冰灯特别漂亮，像童话世界一样。
2024-02-03,4,positive,主办方今年安排得很用心，动线合理不绕路。
2024-02-03,1,negative,卫生间太少了，排队比看冰雕还久。
2024-02-03,5,positive,冰上龙舟很有创意，适合全家一起玩。
2024-02-04,5,positive,虽然冷但值得，哈尔滨的冬天名不虚传。
2024-02-04,5,positive,虽然人多但是氛围感很棒，冰雪的快乐。
2024-02-04,5,positive,虽然冷但值得，哈尔滨的冬天名不虚传。
2024-02-04,3,neutral,冰雕很美，但是餐厅价格偏高。
2024-02-04,5,positive,虽然人多但是氛围感很棒，冰雪的快乐。
2024-02-04,3,neutral,人太多了，建议工作日去。
2024-02-04,4,positive,主办方今年安排得很用心，动线合理不绕路。
2024-02-04,4,positive,冰上龙舟很有创意，适合全家一起玩。
2024-02-04,4,positive,冰滑梯排队虽久但值得，尖叫声不断。
2024-02-04,4,positive,太美了！冰雕非常震撼，下次还来。
2024-02-04,1,negative,卫生间太少了，排队比看冰雕还久。
2024-02-04,5,positive,服务态度很好，园区管理有序。
2024-02-04,3,neutral,白天看一般，晚上亮灯后效果才好。
2024-02-04,5,positive,极地馆的企鹅太可爱了，拍了好多照片。
2024-02-04,2,negative,卫生间太少了，排队比看冰雕还久。
2024-02-04,1,negative,餐饮又贵又难吃，建议自带食物。
2024-02-04,5,positive,服务态度很好，园区管理有序。
2024-02-04,1,negative,人挤人，根本没心情看冰雕。
2024-02-04,4,positive,大滑梯超刺激，排队时间也在可接受范围内。
2024-02-04,3,neutral,园区很大，走得腿都酸了，建议多设休息点。
2024-02-04,1,negative,地上太滑了，差点摔倒好几次。
2024-02-04,1,negative,太冷了，园区取暖设施不够。
2024-02-04,3,neutral,停车场离入口有点远，走了好久。
2024-02-04,5,positive,虽然人多但是氛围感很棒，冰雪的快乐。
2024-02-04,4,positive,今年冰雕规模比去年更大了，很壮观。
2024-02-04,1,negative,太冷了，园区取暖设施不够。
2024-02-04,5,positive,极地馆的企鹅太可爱了，拍了好多照片。
2024-02-04,4,positive,适合拍照打卡，随手一拍都是大片。
2024-02-04,4,positive,虽然人多但是氛围感很棒，冰雪的快乐。
2024-02-04,3,neutral,园区很大，走得腿都酸了，建议多设休息点。
2024-02-04,5,positive,太美了！冰雕非常震撼，下次还来。
2024-02-04,5,positive,大滑梯超刺激，排队时间也在可接受范围内。
2024-02-04,4,positive,服务态度很好，园区管理有序。
2024-02-04,4,positive,冰雪大世界的灯光秀太震撼了，音乐配合得绝佳！
2024-02-04,1,negative,停车费贵得离谱，而且不好找车位。
2024-02-04,2,negative,停车费贵得离谱，而且不好找车位。
2024-02-04,3,neutral,总体还行，就是排队太久了。
2024-02-04,3,neutral,票价有点贵，不过冰雕确实不错。
2024-02-04,5,positive,虽然冷但值得，哈尔滨的冬天名不虚传。
2024-02-04,5,positive,主办方今年安排得很用心，动线合理不绕路。
2024-02-04,3,neutral,园区很大，走得腿都酸了，建议多设休息点。
2024-02-04,5,positive,冰上龙舟很有创意，适合全家一起玩。
2024-02-04,2,negative,人挤人，根本没心情看冰雕。
2024-02-04,4,positive,虽然人多但是氛围感很棒，冰雪的快乐。
2024-02-04,5,positive,冰滑梯排队虽久但值得，尖叫声不断。
2024-02-04,1,negative,地上太滑了，差点摔倒好几次。
2024-02-04,5,positive,大滑梯超刺激，排队时间也在可接受范围内。
2024-02-04,5,positive,冰滑梯排队虽久但值得，尖叫声不断。
2024-02-04,5,positive,太美了！冰雕非常震撼，下次还来。
2024-02-04,4,positive,虽然冷但值得，哈尔滨的冬天名不虚传。
2024-02-04,5,positive,冰滑梯排队虽久但值得，尖叫声不断。
2024-02-04,3,neutral,园区很大，走得腿都酸了，建议多设休息点。
2024-02-04,3,neutral,票价有点贵，不过冰雕确实不错。
2024-02-04,5,positive,适合拍照打卡，随手一拍都是大片。
2024-02-04,5,positive,主办方今年安排得很用心，动线合理不绕路。
2024-02-04,1,negative,冰雕有些已经开始融化，维护不及时。
2024-02-04,3,neutral,园区很大，走得腿都酸了，建议多设休息点。
2024-02-04,5,positive,适合拍照打卡，随手一拍都是大片。
2024-02-04,3,neutral,园区很大，走得腿都酸了，建议多设休息点。
2024-02-04,5,positive,服务态度很好，园区管理有序。
2024-02-04,3,neutral,园区很大，走得腿都酸了，建议多设休息点。
2024-02-04,4,positive,极地馆的企鹅太可爱了，拍了好多照片。
2024-02-04,1,negative,地上太滑了，差点摔倒好几次。
2024-02-04,5,positive,主办方今年安排得很用心，动线合理不绕路。
2024-02-04,1,negative,门票太贵了，性价比低。
2024-02-04,5,positive,服务态度很好，园区管理有序。
2024-02-04,4,positive,冰上龙舟很有创意，适合全家一起玩。
2024-02-04,3,neutral,中规中矩的一次体验，和预期差不多。
2024-02-04,3,neutral,冰雕很美，但是餐厅价格偏高。
2024-02-04,4,positive,大滑梯超刺激，排队时间也在可接受范围内。
2024-02-04,4,positive,今年冰雕规模比去年更大了，很壮观。
2024-02-04,4,positive,极地馆的企鹅太可爱了，拍了好多照片。
2024-02-04,3,neutral,停车场离入口有点远，走了好久。
2024-02-04,3,neutral,停车场离入口有点远，走了好久。
2024-02-04,5,positive,带孩子来的，小朋友玩得很开心，推荐！
2024-02-04,5,positive,主办方今年安排得很用心，动线合理不绕路。
2024-02-04,3,neutral,停车场离入口有点远，走了好久。
2024-02-04,4,positive,主办方今年安排得很用心，动线合理不绕路。
2024-02-04,4,positive,虽然人多但是氛围感很棒，冰雪的快乐。
2024-02-04,5,positive,今年冰雕规模比去年更大了，很壮观。
2024-02-04,5,positive,冰滑梯排队虽久但值得，尖叫声不断。
2024-02-04,5,positive,虽然冷但值得，哈尔滨的冬天名不虚传。
2024-02-04,3,neutral,中规中矩的一次体验，和预期差不多。
2024-02-04,5,positive,今年冰雕规模比去年更大了，很壮观。
2024-02-04,3,neutral,白天看一般，晚上亮灯后效果才好。
2024-02-04,4,positive,太美了！冰雕非常震撼，下次还来。
2024-02-04,5,positive,冰酒吧体验独特，零下30度喝热饮很特别。
2024-02-04,5,positive,虽然人多但是氛围感很棒，冰雪的快乐。
2024-02-04,4,positive,虽然冷但值得，哈尔滨的冬天名不虚传。
2024-02-04,2,negative,餐饮又贵又难吃，建议自带食物。
2024-02-04,3,neutral,总体还行，就是排队太久了。
2024-02-04,4,positive,大滑梯超刺激，排队时间也在可接受范围内。
2024-02-04,5,positive,极地馆的企鹅太可爱了，拍了好多照片。
2024-02-04,5,positive,冰滑梯排队虽久但值得，尖叫声不断。
2024-02-04,4,positive,冰酒吧体验独特，零下30度喝热饮很特别。
2024-02-04,4,positive,冰酒吧体验独特，零下30度喝热饮很特别。
2024-02-04,2,negative,工作人员态度不好，问路都不理。
2024-02-04,2,negative,门票太贵了，性价比低。
2024-02-04,2,negative,餐饮又贵又难吃，建议自带食物。
2024-02-04,1,negative,人挤人，根本没心情看冰雕。
2024-02-04,5,positive,今年冰雕规模比去年更大了，很壮观。
2024-02-04,5,positive,虽然冷但值得，哈尔滨的冬天名不虚传。
2024-02-04,5,positive,服务态度很好，园区管理有序。
2024-02-04,5,positive,冰酒吧体验独特，零下30度喝热饮很特别。
2024-02-04,5,positive,虽然人多但是氛围感很棒，冰雪的快乐。
2024-02-04,4,positive,虽然冷但值得，哈尔滨的冬天名不虚传。
2024-02-04,2,negative,冰雕有些已经开始融化，维护不及时。
2024-02-04,4,positive,极地馆的企鹅太可爱了，拍了好多照片。
2024-02-04,4,positive,冰雪大世界的灯光秀太震撼了，音乐配合得绝佳！
2024-02-04,5,positive,冰雪大世界的灯光秀太震撼了，音乐配合得绝佳！
2024-02-04,5,positive,今年冰雕规模比去年更大了，很壮观。
2024-02-04,5,positive,大滑梯超刺激，排队时间也在可接受范围内。
2024-02-04,4,positive,主办方今年安排得很用心，动线合理不绕路。
2024-02-04,5,positive,虽然人多但是氛围感很棒，冰雪的快乐。
2024-02-04,1,negative,冰雕有些已经开始融化，维护不及时。
2024-02-04,3,neutral,停车场离入口有点远，走了好久。
2024-02-04,3,neutral,停车场离入口有点远，走了好久。
2024-02-04,4,positive,夜场的冰灯特别漂亮，像童话世界一样。
2024-02-04,4,positive,适合拍照打卡，随手一拍都是大片。
2024-02-04,4,positive,主办方今年安排得很用心，动线合理不绕路。
2024-02-04,5,positive,今年冰雕规模比去年更大了，很壮观。
2024-02-04,3,neutral,人太多了，建议工作日去。
2024-02-04,1,negative,餐饮又贵又难吃，建议自带食物。
2024-02-04,4,positive,适合拍照打卡，随手一拍都是大片。
2024-02-04,4,positive,极地馆的企鹅太可爱了，拍了好多照片。
2024-02-04,5,positive,冰上龙舟很有创意，适合全家一起玩。
2024-02-04,5,positive,夜场的冰灯特别漂亮，像童话世界一样。
2024-02-04,4,positive,冰滑梯排队虽久但值得，尖叫声不断。
2024-02-04,4,positive,冰滑梯排队虽久但值得，尖叫声不断。
2024-02-04,2,negative,卫生间太少了，排队比看冰雕还久。
2024-02-04,4,positive,冰雪大世界的灯光秀太震撼了，音乐配合得绝佳！
2024-02-05,2,negative,排队排了2个小时，体验很差。
2024-02-05,3,neutral,总体还行，就是排队太久了。
2024-02-05,5,positive,虽然人多但是氛围感很棒，冰雪的快乐。
2024-02-05,4,positive,虽然人多但是氛围感很棒，冰雪的快乐。
2024-02-05,4,positive,带孩子来的，小朋友玩得很开心，推荐！
2024-02-05,2,negative,排队排了2个小时，体验很差。
2024-02-05,5,positive,主办方今年安排得很用心，动线合理不绕路。
2024-02-05,1,negative,排队排了2个小时，体验很差。
2024-02-05,5,positive,服务态度很好，园区管理有序。
2024-02-05,5,positive,夜场的冰灯特别漂亮，像童话世界一样。
2024-02-05,4,positive,虽然人多但是氛围感很棒，冰雪的快乐。
2024-02-05,4,positive,冰雪大世界的灯光秀太震撼了，音乐配合得绝佳！
2024-02-05,4,positive,虽然冷但值得，哈尔滨的冬天名不虚传。
2024-02-05,1,negative,太冷了，园区取暖设施不够。
2024-02-05,1,negative,餐饮又贵又难吃，建议自带食物。
2024-02-05,3,neutral,总体还行，就是排队太久了。
2024-02-05,3,neutral,园区很大，走得腿都酸了，建议多设休息点。
2024-02-05,5,positive,极地馆的企鹅太可爱了，拍了好多照片。
2024-02-05,3,neutral,停车场离入口有点远，走了好久。
2024-02-05,2,negative,地上太滑了，差点摔倒好几次。
2024-02-05,3,neutral,总体还行，就是排队太久了。
2024-02-05,5,positive,冰酒吧体验独特，零下30度喝热饮很特别。
2024-02-05,4,positive,冰雪大世界的灯光秀太震撼了，音乐配合得绝佳！
2024-02-05,3,neutral,停车场离入口有点远，走了好久。
2024-02-05,3,neutral,停车场离入口有点远，走了好久。
2024-02-05,4,positive,太美了！冰雕非常震撼，下次还来。
2024-02-05,4,positive,太美了！冰雕非常震撼，下次还来。
2024-02-05,3,neutral,白天看一般，晚上亮灯后效果才好。
2024-02-05,5,positive,太美了！冰雕非常震撼，下次还来。
2024-02-05,4,positive,太美了！冰雕非常震撼，下次还来。
2024-02-05,1,negative,卫生间太少了，排队比看冰雕还久。
2024-02-05,3,neutral,冰雕很美，但是餐厅价格偏高。
2024-02-05,3,neutral,冰雕很美，但是餐厅价格偏高。
2024-02-05,4,positive,太美了！冰雕非常震撼，下次还来。
2024-02-05,5,positive,极地馆的企鹅太可爱了，拍了好多照片。
2024-02-05,4,positive,虽然人多但是氛围感很棒，冰雪的快乐。
2024-02-05,3,neutral,白天看一般，晚上亮灯后效果才好。
2024-02-05,4,positive,主办方今年安排得很用心，动线合理不绕路。
2024-02-05,3,neutral,人太多了，建议工作日去。
2024-02-05,3,neutral,票价有点贵，不过冰雕确实不错。
2024-02-05,1,negative,太冷了，园区取暖设施不够。
2024-02-05,5,positive,极地馆的企鹅太可爱了，拍了好多照片。
2024-02-05,5,positive,夜场的冰灯特别漂亮，像童话世界一样。
2024-02-05,4,positive,虽然冷但值得，哈尔滨的冬天名不虚传。
2024-02-05,3,neutral,园区很大，走得腿都酸了，建议多设休息点。
2024-02-05,5,positive,冰酒吧体验独特，零下30度喝热饮很特别。
2024-02-05,3,neutral,冰雕很美，但是餐厅价格偏高。
2024-02-05,4,positive,虽然人多但是氛围感很棒，冰雪的快乐。
2024-02-05,4,positive,今年冰雕规模比去年更大了，很壮观。
2024-02-05,5,positive,大滑梯超刺激，排队时间也在可接受范围内。
2024-02-05,4,positive,主办方今年安排得很用心，动线合理不绕路。
2024-02-05,3,neutral,白天看一般，晚上亮灯后效果才好。
2024-02-05,4,positive,带孩子来的，小朋友玩得很开心，推荐！
2024-02-05,4,positive,今年冰雕规模比去年更大了，很壮观。
2024-02-05,1,negative,工作人员态度不好，问路都不理。
2024-02-05,4,positive,冰上龙舟很有创意，适合全家一起玩。
2024-02-05,2,negative,停车费贵得离谱，而且不好找车位。
2024-02-05,5,positive,虽然冷但值得，哈尔滨的冬天名不虚传。
2024-02-05,5,positive,适合拍照打卡，随手一拍都是大片。
2024-02-05,4,positive,虽然冷但值得，哈尔滨的冬天名不虚传。
2024-02-05,3,neutral,冰雕很美，但是餐厅价格偏高。
2024-02-05,2,negative,太冷了，园区取暖设施不够。
2024-02-05,4,positive,冰雪大世界的灯光秀太震撼了，音乐配合得绝佳！
2024-02-05,5,positive,虽然人多但是氛围感很棒，冰雪的快乐。
2024-02-05,3,neutral,总体还行，就是排队太久了。
2024-02-05,5,positive,带孩子来的，小朋友玩得很开心，推荐！
2024-02-05,5,positive,服务态度很好，园区管理有序。
2024-02-05,3,neutral,白天看一般，晚上亮灯后效果才好。
2024-02-05,4,positive,服务态度很好，园区管理有序。
2024-02-05,1,negative,卫生间太少了，排队比看冰雕还久。
2024-02-05,1,negative,冰雕有些已经开始融化，维护不及时。
2024-02-05,3,neutral,总体还行，就是排队太久了。
2024-02-05,3,neutral,总体还行，就是排队太久了。
2024-02-05,2,negative,餐饮又贵又难吃，建议自带食物。
2024-02-05,5,positive,带孩子来的，小朋友玩得很开心，推荐！
2024-02-05,4,positive,冰上龙舟很有创意，适合全家一起玩。
2024-02-05,5,positive,虽然人多但是氛围感很棒，冰雪的快乐。
2024-02-05,4,positive,服务态度很好，园区管理有序。
2024-02-05,4,positive,冰雪大世界的灯光秀太震撼了，音乐配合得绝佳！
2024-02-05,4,positive,主办方今年安排得很用心，动线合理不绕路。
2024-02-05,4,positive,今年冰雕规模比去年更大了，很壮观。
2024-02-05,4,positive,冰酒吧体验独特，零下30度喝热饮很特别。
2024-02-05,4,positive,虽然人多但是氛围感很棒，冰雪的快乐。
2024-02-06,3,neutral,票价有点贵，不过冰雕确实不错。
2024-02-06,4,positive,冰滑梯排队虽久但值得，尖叫声不断。
2024-02-06,2,negative,卫生间太少了，排队比看冰雕还久。
2024-02-06,5,positive,冰滑梯排队虽久但值得，尖叫声不断。
2024-02-06,4,positive,太美了！冰雕非常震撼，下次还来。
2024-02-06,2,negative,人挤人，根本没心情看冰雕。
2024-02-06,4,positive,虽然冷但值得，哈尔滨的冬天名不虚传。
2024-02-06,4,positive,冰滑梯排队虽久但值得，尖叫声不断。
2024-02-06,4,positive,虽然人多但是氛围感很棒，冰雪的快乐。
2024-02-06,5,positive,适合拍照打卡，随手一拍都是大片。
2024-02-06,3,neutral,停车场离入口有点远，走了好久。
2024-02-06,5,positive,大滑梯超刺激，排队时间也在可接受范围内。
2024-02-06,4,positive,太美了！冰雕非常震撼，下次还来。
2024-02-06,2,negative,太冷了，园区取暖设施不够。
2024-02-06,4,positive,冰雪大世界的灯光秀太震撼了，音乐配合得绝佳！
2024-02-06,3,neutral,冰雕很美，但是餐厅价格偏高。
2024-02-06,4,positive,冰滑梯排队虽久但值得，尖叫声不断。
2024-02-06,4,positive,极地馆的企鹅太可爱了，拍了好多照片。
2024-02-06,5,positive,冰酒吧体验独特，零下30度喝热饮很特别。
2024-02-06,1,negative,排队排了2个小时，体验很差。
2024-02-06,4,positive,夜场的冰灯特别漂亮，像童话世界一样。
2024-02-06,5,positive,冰滑梯排队虽久但值得，尖叫声不断。
2024-02-06,5,positive,虽然人多但是氛围感很棒，冰雪的快乐。
2024-02-06,2,negative,地上太滑了，差点摔倒好几次。
2024-02-06,5,positive,太美了！冰雕非常震撼，下次还来。
2024-02-06,4,positive,虽然冷但值得，哈尔滨的冬天名不虚传。
2024-02-06,5,positive,冰酒吧体验独特，零下30度喝热饮很特别。
2024-02-06,3,neutral,人太多了，建议工作日去。
2024-02-06,5,positive,主办方今年安排得很用心，动线合理不绕路。
2024-02-06,5,positive,虽然人多但是氛围感很棒，冰雪的快乐。
2024-02-06,5,positive,适合拍照打卡，随手一拍都是大片。
2024-02-06,5,positive,虽然人多但是氛围感很棒，冰雪的快乐。
2024-02-06,1,negative,工作人员态度不好，问路都不理。
2024-02-06,3,neutral,票价有点贵，不过冰雕确实不错。
2024-02-06,4,positive,大滑梯超刺激，排队时间也在可接受范围内。
2024-02-06,1,negative,餐饮又贵又难吃，建议自带食物。
2024-02-06,5,positive,冰酒吧体验独特，零下30度喝热饮很特别。
2024-02-06,3,neutral,园区很大，走得腿都酸了，建议多设休息点。
2024-02-06,4,positive,冰酒吧体验独特，零下30度喝热饮很特别。
2024-02-06,5,positive,虽然人多但是氛围感很棒，冰雪的快乐。
2024-02-06,4,positive,虽然人多但是氛围感很棒，冰雪的快乐。
2024-02-06,5,positive,服务态度很好，园区管理有序。
2024-02-06,4,positive,冰雪大世界的灯光秀太震撼了，音乐配合得绝佳！
2024-02-06,2,negative,卫生间太少了，排队比看冰雕还久。
2024-02-06,4,positive,今年冰雕规模比去年更大了，很壮观。
2024-02-06,3,neutral,白天看一般，晚上亮灯后效果才好。
2024-02-06,3,neutral,人太多了，建议工作日去。
2024-02-06,1,negative,太冷了，园区取暖设施不够。
2024-02-06,4,positive,极地馆的企鹅太可爱了，拍了好多照片。
2024-02-06,5,positive,适合拍照打卡，随手一拍都是大片。
2024-02-06,5,positive,今年冰雕规模比去年更大了，很壮观。
2024-02-06,3,neutral,总体还行，就是排队太久了。
2024-02-06,4,positive,带孩子来的，小朋友玩得很开心，推荐！
2024-02-06,3,neutral,白天看一般，晚上亮灯后效果才好。
2024-02-06,1,negative,人挤人，根本没心情看冰雕。
2024-02-06,2,negative,太冷了，园区取暖设施不够。
2024-02-06,3,neutral,中规中矩的一次体验，和预期差不多。
2024-02-06,5,positive,冰酒吧体验独特，零下30度喝热饮很特别。
2024-02-06,2,negative,停车费贵得离谱，而且不好找车位。
2024-02-06,4,positive,冰酒吧体验独特，零下30度喝热饮很特别。
2024-02-06,4,positive,服务态度很好，园区管理有序。
2024-02-06,4,positive,主办方今年安排得很用心，动线合理不绕路。
2024-02-06,4,positive,今年冰雕规模比去年更大了，很壮观。
2024-02-06,3,neutral,总体还行，就是排队太久了。
2024-02-06,4,positive,冰雪大世界的灯光秀太震撼了，音乐配合得绝佳！
2024-02-06,3,neutral,冰雕很美，但是餐厅价格偏高。
2024-02-06,4,positive,主办方今年安排得很用心，动线合理不绕路。
2024-02-06,3,neutral,停车场离入口有点远，走了好久。
2024-02-06,5,positive,冰上龙舟很有创意，适合全家一起玩。
2024-02-06,3,neutral,园区很大，走得腿都酸了，建议多设休息点。
2024-02-06,1,negative,地上太滑了，差点摔倒好几次。
2024-02-06,4,positive,极地馆的企鹅太可爱了，拍了好多照片。
2024-02-06,1,negative,工作人员态度不好，问路都不理。
2024-02-06,4,positive,服务态度很好，园区管理有序。
2024-02-06,4,positive,夜场的冰灯特别漂亮，像童话世界一样。
2024-02-07,4,positive,冰雪大世界的灯光秀太震撼了，音乐配合得绝佳！
2024-02-07,5,positive,冰酒吧体验独特，零下30度喝热饮很特别。
2024-02-07,3,neutral,白天看一般，晚上亮灯后效果才好。
2024-02-07,5,positive,带孩子来的，小朋友玩得很开心，推荐！
2024-02-07,5,positive,主办方今年安排得很用心，动线合理不绕路。
2024-02-07,4,positive,冰酒吧体验独特，零下30度喝热饮很特别。
2024-02-07,4,positive,大滑梯超刺激，排队时间也在可接受范围内。
2024-02-07,4,positive,主办方今年安排得很用心，动线合理不绕路。
2024-02-07,3,neutral,园区很大，走得腿都酸了，建议多设休息点。
2024-02-07,1,negative,太冷了，园区取暖设施不够。
2024-02-07,2,negative,太冷了，园区取暖设施不够。
2024-02-07,1,negative,门票太贵了，性价比低。
2024-02-07,2,negative,餐饮又贵又难吃，建议自带食物。
2024-02-07,3,neutral,白天看一般，晚上亮灯后效果才好。
2024-02-07,5,positive,适合拍照打卡，随手一拍都是大片。
2024-02-07,1,negative,餐饮又贵又难吃，建议自带食物。
2024-02-07,5,positive,适合拍照打卡，随手一拍都是大片。
2024-02-07,5,positive,服务态度很好，园区管理有序。
2024-02-07,2,negative,地上太滑了，差点摔倒好几次。
2024-02-07,4,positive,今年冰雕规模比去年更大了，很壮观。
2024-02-07,3,neutral,票价有点贵，不过冰雕确实不错。
2024-02-07,4,positive,带孩子来的，小朋友玩得很开心，推荐！
2024-02-07,1,negative,排队排了2个小时，体验很差。
2024-02-07,3,neutral,冰雕很美，但是餐厅价格偏高。
2024-02-07,2,negative,冰雕有些已经开始融化，维护不及时。
2024-02-07,3,neutral,中规中矩的一次体验，和预期差不多。
2024-02-07,4,positive,主办方今年安排得很用心，动线合理不绕路。
2024-02-07,4,positive,大滑梯超刺激，排队时间也在可接受范围内。
2024-02-07,2,negative,太冷了，园区取暖设施不够。
2024-02-07,2,negative,餐饮又贵又难吃，建议自带食物。
2024-02-07,3,neutral,票价有点贵，不过冰雕确实不错。
2024-02-07,5,positive,夜场的冰灯特别漂亮，像童话世界一样。
2024-02-07,3,neutral,白天看一般，晚上亮灯后效果才好。
2024-02-07,4,positive,冰上龙舟很有创意，适合全家一起玩。
2024-02-07,5,positive,极地馆的企鹅太可爱了，拍了好多照片。
2024-02-07,4,positive,极地馆的企鹅太可爱了，拍了好多照片。
2024-02-07,1,negative,卫生间太少了，排队比看冰雕还久。
2024-02-07,4,positive,服务态度很好，园区管理有序。
2024-02-07,4,positive,带孩子来的，小朋友玩得很开心，推荐！
2024-02-07,3,neutral,总体还行，就是排队太久了。
2024-02-07,1,negative,太冷了，园区取暖设施不够。
2024-02-07,5,positive,今年冰雕规模比去年更大了，很壮观。
2024-02-07,3,neutral,票价有点贵，不过冰雕确实不错。
2024-02-07,1,negative,停车费贵得离谱，而且不好找车位。
2024-02-07,5,positive,冰酒吧体验独特，零下30度喝热饮很特别。
2024-02-07,4,positive,主办方今年安排得很用心，动线合理不绕路。
2024-02-07,3,neutral,中规中矩的一次体验，和预期差不多。
2024-02-07,4,positive,虽然人多但是氛围感很棒，冰雪的快乐。
2024-02-07,2,negative,工作人员态度不好，问路都不理。
2024-02-07,2,negative,排队排了2个小时，体验很差。
2024-02-07,5,positive,大滑梯超刺激，排队时间也在可接受范围内。
2024-02-07,5,positive,服务态度很好，园区管理有序。
2024-02-07,1,negative,工作人员态度不好，问路都不理。
2024-02-07,3,neutral,票价有点贵，不过冰雕确实不错。
2024-02-07,3,neutral,园区很大，走得腿都酸了，建议多设休息点。
2024-02-07,5,positive,冰酒吧体验独特，零下30度喝热饮很特别。
2024-02-07,5,positive,极地馆的企鹅太可爱了，拍了好多照片。
2024-02-08,2,negative,餐饮又贵又难吃，建议自带食物。
2024-02-08,4,positive,冰雪大世界的灯光秀太震撼了，音乐配合得绝佳！
2024-02-08,1,negative,工作人员态度不好，问路都不理。
2024-02-08,4,positive,夜场的冰灯特别漂亮，像童话世界一样。
2024-02-08,1,negative,餐饮又贵又难吃，建议自带食物。
2024-02-08,4,positive,大滑梯超刺激，排队时间也在可接受范围内。
2024-02-08,4,positive,大滑梯超刺激，排队时间也在可接受范围内。
2024-02-08,4,positive,大滑梯超刺激，排队时间也在可接受范围内。
2024-02-08,5,positive,冰上龙舟很有创意，适合全家一起玩。
2024-02-08,5,positive,夜场的冰灯特别漂亮，像童话世界一样。
2024-02-08,4,positive,带孩子来的，小朋友玩得很开心，推荐！
2024-02-08,3,neutral,人太多了，建议工作日去。
2024-02-08,3,neutral,白天看一般，晚上亮灯后效果才好。
2024-02-08,1,negative,门票太贵了，性价比低。
2024-02-08,5,positive,服务态度很好，园区管理有序。
2024-02-08,3,neutral,冰雕很美，但是餐厅价格偏高。
2024-02-08,3,neutral,停车场离入口有点远，走了好久。
2024-02-08,3,neutral,票价有点贵，不过冰雕确实不错。
2024-02-08,3,neutral,中规中矩的一次体验，和预期差不多。
2024-02-08,5,positive,大滑梯超刺激，排队时间也在可接受范围内。
2024-02-08,1,negative,人挤人，根本没心情看冰雕。
2024-02-08,5,positive,适合拍照打卡，随手一拍都是大片。
2024-02-08,4,positive,冰雪大世界的灯光秀太震撼了，音乐配合得绝佳！
2024-02-08,4,positive,冰上龙舟很有创意，适合全家一起玩。
2024-02-08,5,positive,冰酒吧体验独特，零下30度喝热饮很特别。
2024-02-08,3,neutral,园区很大，走得腿都酸了，建议多设休息点。
2024-02-08,5,positive,冰上龙舟很有创意，适合全家一起玩。
2024-02-08,5,positive,带孩子来的，小朋友玩得很开心，推荐！
2024-02-08,5,positive,夜场的冰灯特别漂亮，像童话世界一样。
2024-02-08,5,positive,大滑梯超刺激，排队时间也在可接受范围内。
2024-02-08,5,positive,太美了！冰雕非常震撼，下次还来。
2024-02-08,5,positive,服务态度很好，园区管理有序。
2024-02-08,3,neutral,中规中矩的一次体验，和预期差不多。
2024-02-08,1,negative,停车费贵得离谱，而且不好找车位。
2024-02-08,5,positive,服务态度很好，园区管理有序。
2024-02-08,3,neutral,中规中矩的一次体验，和预期差不多。
2024-02-08,3,neutral,停车场离入口有点远，走了好久。
2024-02-08,1,negative,地上太滑了，差点摔倒好几次。
2024-02-08,2,negative,工作人员态度不好，问路都不理。
2024-02-08,5,positive,虽然人多但是氛围感很棒，冰雪的快乐。
2024-02-08,4,positive,虽然人多但是氛围感很棒，冰雪的快乐。
2024-02-08,3,neutral,人太多了，建议工作日去。
2024-02-08,5,positive,大滑梯超刺激，排队时间也在可接受范围内。
2024-02-08,3,neutral,中规中矩的一次体验，和预期差不多。
2024-02-08,4,positive,冰酒吧体验独特，零下30度喝热饮很特别。
2024-02-08,3,neutral,园区很大，走得腿都酸了，建议多设休息点。
2024-02-08,4,positive,冰上龙舟很有创意，适合全家一起玩。
2024-02-08,5,positive,今年冰雕规模比去年更大了，很壮观。
2024-02-08,4,positive,夜场的冰灯特别漂亮，像童话世界一样。
2024-02-08,2,negative,工作人员态度不好，问路都不理。
2024-02-08,4,positive,今年冰雕规模比去年更大了，很壮观。
2024-02-08,5,positive,大滑梯超刺激，排队时间也在可接受范围内。
2024-02-08,2,negative,冰雕有些已经开始融化，维护不及时。
2024-02-08,4,positive,冰酒吧体验独特，零下30度喝热饮很特别。
2024-02-08,3,neutral,园区很大，走得腿都酸了，建议多设休息点。
2024-02-08,4,positive,今年冰雕规模比去年更大了，很壮观。
2024-02-08,5,positive,服务态度很好，园区管理有序。
2024-02-08,3,neutral,冰雕很美，但是餐厅价格偏高。
2024-02-08,4,positive,虽然人多但是氛围感很棒，冰雪的快乐。
2024-02-08,4,positive,主办方今年安排得很用心，动线合理不绕路。
2024-02-08,4,positive,服务态度很好，园区管理有序。
2024-02-08,3,neutral,中规中矩的一次体验，和预期差不多。
2024-02-08,5,positive,带孩子来的，小朋友玩得很开心，推荐！
2024-02-08,2,negative,停车费贵得离谱，而且不好找车位。
2024-02-08,2,negative,人挤人，根本没心情看冰雕。
2024-02-08,3,neutral,人太多了，建议工作日去。
2024-02-08,4,positive,冰雪大世界的灯光秀太震撼了，音乐配合得绝佳！
2024-02-08,4,positive,主办方今年安排得很用心，动线合理不绕路。
2024-02-08,4,positive,极地馆的企鹅太可爱了，拍了好多照片。
2024-02-08,4,positive,太美了！冰雕非常震撼，下次还来。
2024-02-08,3,neutral,停车场离入口有点远，走了好久。
2024-02-08,5,positive,适合拍照打卡，随手一拍都是大片。
2024-02-08,3,neutral,园区很大，走得腿都酸了，建议多设休息点。
2024-02-08,5,positive,冰上龙舟很有创意，适合全家一起玩。
2024-02-08,5,positive,主办方今年安排得很用心，动线合理不绕路。
2024-02-08,5,positive,大滑梯超刺激，排队时间也在可接受范围内。
2024-02-08,4,positive,虽然人多但是氛围感很棒，冰雪的快乐。
2024-02-08,5,positive,适合拍照打卡，随手一拍都是大片。
2024-02-08,3,neutral,票价有点贵，不过冰雕确实不错。
2024-02-08,3,neutral,白天看一般，晚上亮灯后效果才好。
2024-02-08,5,positive,冰雪大世界的灯光秀太震撼了，音乐配合得绝佳！
2024-02-08,1,negative,冰雕有些已经开始融化，维护不及时。
2024-02-08,3,neutral,人太多了，建议工作日去。
2024-02-08,5,positive,冰雪大世界的灯光秀太震撼了，音乐配合得绝佳！
2024-02-08,3,neutral,冰雕很美，但是餐厅价格偏高。
2024-02-08,5,positive,虽然冷但值得，哈尔滨的冬天名不虚传。
2024-02-08,5,positive,大滑梯超刺激，排队时间也在可接受范围内。
2024-02-08,5,positive,冰雪大世界的灯光秀太震撼了，音乐配合得绝佳！
2024-02-08,2,negative,餐饮又贵又难吃，建议自带食物。
2024-02-08,4,positive,适合拍照打卡，随手一拍都是大片。
2024-02-08,2,negative,工作人员态度不好，问路都不理。
2024-02-08,3,neutral,白天看一般，晚上亮灯后效果才好。
2024-02-08,4,positive,带孩子来的，小朋友玩得很开心，推荐！
2024-02-08,3,neutral,停车场离入口有点远，走了好久。
2024-02-08,5,positive,冰酒吧体验独特，零下30度喝热饮很特别。
2024-02-08,3,neutral,停车场离入口有点远，走了好久。
2024-02-08,4,positive,冰酒吧体验独特，零下30度喝热饮很特别。
2024-02-08,4,positive,服务态度很好，园区管理有序。
2024-02-08,5,positive,极地馆的企鹅太可爱了，拍了好多照片。
2024-02-08,3,neutral,白天看一般，晚上亮灯后效果才好。
2024-02-08,4,positive,极地馆的企鹅太可爱了，拍了好多照片。
2024-02-08,3,neutral,总体还行，就是排队太久了。
2024-02-08,4,positive,主办方今年安排得很用心，动线合理不绕路。
2024-02-08,3,neutral,中规中矩的一次体验，和预期差不多。
2024-02-08,3,neutral,票价有点贵，不过冰雕确实不错。
2024-02-08,4,positive,带孩子来的，小朋友玩得很开心，推荐！
2024-02-08,3,neutral,园区很大，走得腿都酸了，建议多设休息点。
2024-02-08,1,negative,地上太滑了，差点摔倒好几次。
2024-02-08,3,neutral,人太多了，建议工作日去。
2024-02-08,1,negative,停车费贵得离谱，而且不好找车位。
2024-02-08,3,neutral,总体还行，就是排队太久了。
2024-02-08,3,neutral,白天看一般，晚上亮灯后效果才好。
2024-02-08,5,positive,主办方今年安排得很用心，动线合理不绕路。
2024-02-08,1,negative,地上太滑了，差点摔倒好几次。
2024-02-08,4,positive,主办方今年安排得很用心，动线合理不绕路。
2024-02-08,5,positive,服务态度很好，园区管理有序。
2024-02-08,5,positive,带孩子来的，小朋友玩得很开心，推荐！
2024-02-08,5,positive,太美了！冰雕非常震撼，下次还来。
2024-02-08,4,positive,带孩子来的，小朋友玩得很开心，推荐！
2024-02-08,5,positive,大滑梯超刺激，排队时间也在可接受范围内。
2024-02-08,4,positive,虽然冷但值得，哈尔滨的冬天名不虚传。
2024-02-08,4,positive,极地馆的企鹅太可爱了，拍了好多照片。
2024-02-08,3,neutral,园区很大，走得腿都酸了，建议多设休息点。
2024-02-08,3,neutral,停车场离入口有点远，走了好久。
2024-02-08,5,positive,今年冰雕规模比去年更大了，很壮观。
2024-02-08,3,neutral,白天看一般，晚上亮灯后效果才好。
2024-02-08,5,positive,冰上龙舟很有创意，适合全家一起玩。
2024-02-08,5,positive,主办方今年安排得很用心，动线合理不绕路。
2024-02-08,3,neutral,人太多了，建议工作日去。
2024-02-08,4,positive,今年冰雕规模比去年更大了，很壮观。
2024-02-08,5,positive,太美了！冰雕非常震撼，下次还来。
2024-02-08,3,neutral,停车场离入口有点远，走了好久。
2024-02-08,3,neutral,票价有点贵，不过冰雕确实不错。
2024-02-08,5,positive,大滑梯超刺激，排队时间也在可接受范围内。
2024-02-08,5,positive,服务态度很好，园区管理有序。
2024-02-08,5,positive,冰滑梯排队虽久但值得，尖叫声不断。
2024-02-08,3,neutral,票价有点贵，不过冰雕确实不错。
2024-02-08,3,neutral,票价有点贵，不过冰雕确实不错。
2024-02-08,4,positive,虽然人多但是氛围感很棒，冰雪的快乐。
2024-02-08,2,negative,餐饮又贵又难吃，建议自带食物。
2024-02-08,5,positive,今年冰雕规模比去年更大了，很壮观。
2024-02-08,5,positive,大滑梯超刺激，排队时间也在可接受范围内。
2024-02-08,2,negative,地上太滑了，差点摔倒好几次。
2024-02-08,3,neutral,停车场离入口有点远，走了好久。
2024-02-08,1,negative,人挤人，根本没心情看冰雕。
2024-02-08,4,positive,极地馆的企鹅太可爱了，拍了好多照片。
2024-02-08,4,positive,冰上龙舟很有创意，适合全家一起玩。
2024-02-08,4,positive,今年冰雕规模比去年更大了，很壮观。
2024-02-08,5,positive,冰上龙舟很有创意，适合全家一起玩。
2024-02-08,2,negative,太冷了，园区取暖设施不够。
2024-02-08,2,negative,冰雕有些已经开始融化，维护不及时。
2024-02-08,5,positive,适合拍照打卡，随手一拍都是大片。
2024-02-08,5,positive,适合拍照打卡，随手一拍都是大片。
2024-02-08,5,positive,冰上龙舟很有创意，适合全家一起玩。
2024-02-08,4,positive,今年冰雕规模比去年更大了，很壮观。
2024-02-08,2,negative,太冷了，园区取暖设施不够。
2024-02-08,5,positive,大滑梯超刺激，排队时间也在可接受范围内。
2024-02-08,2,negative,排队排了2个小时，体验很差。
2024-02-08,2,negative,太冷了，园区取暖设施不够。
2024-02-08,4,positive,太美了！冰雕非常震撼，下次还来。
2024-02-08,4,positive,虽然人多但是氛围感很棒，冰雪的快乐。
2024-02-08,4,positive,今年冰雕规模比去年更大了，很壮观。
2024-02-08,3,neutral,票价有点贵，不过冰雕确实不错。
2024-02-08,5,positive,冰雪大世界的灯光秀太震撼了，音乐配合得绝佳！
2024-02-08,3,neutral,人太多了，建议工作日去。
2024-02-08,5,positive,冰滑梯排队虽久但值得，尖叫声不断。
2024-02-08,4,positive,适合拍照打卡，随手一拍都是大片。
2024-02-08,3,neutral,园区很大，走得腿都酸了，建议多设休息点。
2024-02-08,1,negative,卫生间太少了，排队比看冰雕还久。
2024-02-08,3,neutral,人太多了，建议工作日去。
2024-02-08,3,neutral,人太多了，建议工作日去。
2024-02-08,3,neutral,中规中矩的一次体验，和预期差不多。
2024-02-08,5,positive,极地馆的企鹅太可爱了，拍了好多照片。
2024-02-08,5,positive,服务态度很好，园区管理有序。
2024-02-08,5,positive,冰上龙舟很有创意，适合全家一起玩。
2024-02-08,4,positive,虽然冷但值得，哈尔滨的冬天名不虚传。
2024-02-08,3,neutral,白天看一般，晚上亮灯后效果才好。
2024-02-08,4,positive,冰雪大世界的灯光秀太震撼了，音乐配合得绝佳！
2024-02-08,3,neutral,人太多了，建议工作日去。
2024-02-08,5,positive,夜场的冰灯特别漂亮，像童话世界一样。
2024-02-08,4,positive,冰雪大世界的灯光秀太震撼了，音乐配合得绝佳！
2024-02-08,5,positive,冰雪大世界的灯光秀太震撼了，音乐配合得绝佳！
2024-02-08,3,neutral,白天看一般，晚上亮灯后效果才好。
2024-02-08,3,neutral,白天看一般，晚上亮灯后效果才好。
2024-02-08,2,negative,排队排了2个小时，体验很差。
2024-02-08,5,positive,适合拍照打卡，随手一拍都是大片。
2024-02-08,3,neutral,园区很大，走得腿都酸了，建议多设休息点。
2024-02-08,4,positive,冰上龙舟很有创意，适合全家一起玩。
2024-02-08,5,positive,冰酒吧体验独特，零下30度喝热饮很特别。
2024-02-08,4,positive,服务态度很好，园区管理有序。
2024-02-09,4,positive,服务态度很好，园区管理有序。
2024-02-09,4,positive,太美了！冰雕非常震撼，下次还来。
2024-02-09,4,positive,适合拍照打卡，随手一拍都是大片。
2024-02-09,1,negative,人挤人，根本没心情看冰雕。
2024-02-09,4,positive,虽然冷但值得，哈尔滨的冬天名不虚传。
2024-02-09,2,negative,门票太贵了，性价比低。
2024-02-09,5,positive,主办方今年安排得很用心，动线合理不绕路。
2024-02-09,3,neutral,票价有点贵，不过冰雕确实不错。
2024-02-09,5,positive,冰酒吧体验独特，零下30度喝热饮很特别。
2024-02-09,3,neutral,票价有点贵，不过冰雕确实不错。
2024-02-09,2,negative,卫生间太少了，排队比看冰雕还久。
2024-02-09,3,neutral,人太多了，建议工作日去。
2024-02-09,1,negative,地上太滑了，差点摔倒好几次。
2024-02-09,4,positive,今年冰雕规模比去年更大了，很壮观。
2024-02-09,5,positive,虽然冷但值得，哈尔滨的冬天名不虚传。
2024-02-09,4,positive,冰上龙舟很有创意，适合全家一起玩。
2024-02-09,5,positive,带孩子来的，小朋友玩得很开心，推荐！
2024-02-09,1,negative,门票太贵了，性价比低。
2024-02-09,1,negative,冰雕有些已经开始融化，维护不及时。
2024-02-09,5,positive,极地馆的企鹅太可爱了，拍了好多照片。
2024-02-09,5,positive,冰雪大世界的灯光秀太震撼了，音乐配合得绝佳！
2024-02-09,5,positive,今年冰雕规模比去年更大了，很壮观。
2024-02-09,3,neutral,白天看一般，晚上亮灯后效果才好。
2024-02-09,5,positive,冰酒吧体验独特，零下30度喝热饮很特别。
2024-02-09,1,negative,工作人员态度不好，问路都不理。
2024-02-09,3,neutral,票价有点贵，不过冰雕确实不错。
2024-02-09,1,negative,地上太滑了，差点摔倒好几次。
2024-02-09,5,positive,今年冰雕规模比去年更大了，很壮观。
2024-02-09,2,negative,冰雕有些已经开始融化，维护不及时。
2024-02-09,4,positive,冰酒吧体验独特，零下30度喝热饮很特别。
2024-02-09,5,positive,夜场的冰灯特别漂亮，像童话世界一样。
2024-02-09,5,positive,虽然人多但是氛围感很棒，冰雪的快乐。
2024-02-09,5,positive,冰雪大世界的灯光秀太震撼了，音乐配合得绝佳！
2024-02-09,4,positive,适合拍照打卡，随手一拍都是大片。
2024-02-09,3,neutral,冰雕很美，但是餐厅价格偏高。
2024-02-09,3,neutral,票价有点贵，不过冰雕确实不错。
2024-02-09,3,neutral,人太多了，建议工作日去。
2024-02-09,5,positive,今年冰雕规模比去年更大了，很壮观。
2024-02-09,5,positive,带孩子来的，小朋友玩得很开心，推荐！
2024-02-09,4,positive,虽然冷但值得，哈尔滨的冬天名不虚传。
2024-02-09,3,neutral,冰雕很美，但是餐厅价格偏高。
2024-02-09,2,negative,太冷了，园区取暖设施不够。
2024-02-09,5,positive,夜场的冰灯特别漂亮，像童话世界一样。
2024-02-09,4,positive,今年冰雕规模比去年更大了，很壮观。
2024-02-09,1,negative,餐饮又贵又难吃，建议自带食物。
2024-02-09,3,neutral,白天看一般，晚上亮灯后效果才好。
2024-02-09,5,positive,服务态度很好，园区管理有序。
2024-02-09,4,positive,冰酒吧体验独特，零下30度喝热饮很特别。
2024-02-09,4,positive,夜场的冰灯特别漂亮，像童话世界一样。
2024-02-09,5,positive,冰酒吧体验独特，零下30度喝热饮很特别。
2024-02-09,4,positive,服务态度很好，园区管理有序。
2024-02-09,4,positive,服务态度很好，园区管理有序。
2024-02-09,3,neutral,人太多了，建议工作日去。
2024-02-09,3,neutral,停车场离入口有点远，走了好久。
2024-02-09,5,positive,冰雪大世界的灯光秀太震撼了，音乐配合得绝佳！
2024-02-09,1,negative,卫生间太少了，排队比看冰雕还久。
2024-02-09,3,neutral,人太多了，建议工作日去。
2024-02-09,2,negative,卫生间太少了，排队比看冰雕还久。
2024-02-09,4,positive,夜场的冰灯特别漂亮，像童话世界一样。
2024-02-09,5,positive,冰上龙舟很有创意，适合全家一起玩。
2024-02-09,3,neutral,冰雕很美，但是餐厅价格偏高。
2024-02-09,2,negative,餐饮又贵又难吃，建议自带食物。
2024-02-09,5,positive,夜场的冰灯特别漂亮，像童话世界一样。
2024-02-09,5,positive,今年冰雕规模比去年更大了，很壮观。
2024-02-09,1,negative,冰雕有些已经开始融化，维护不及时。
2024-02-09,5,positive,冰酒吧体验独特，零下30度喝热饮很特别。
2024-02-09,5,positive,太美了！冰雕非常震撼，下次还来。
2024-02-09,4,positive,虽然人多但是氛围感很棒，冰雪的快乐。
2024-02-09,5,positive,今年冰雕规模比去年更大了，很壮观。
2024-02-09,3,neutral,总体还行，就是排队太久了。
2024-02-09,3,neutral,停车场离入口有点远，走了好久。
2024-02-09,5,positive,夜场的冰灯特别漂亮，像童话世界一样。
2024-02-09,4,positive,虽然冷但值得，哈尔滨的冬天名不虚传。
2024-02-09,3,neutral,白天看一般，晚上亮灯后效果才好。
2024-02-09,3,neutral,停车场离入口有点远，走了好久。
2024-02-09,5,positive,服务态度很好，园区管理有序。
2024-02-09,3,neutral,停车场离入口有点远，走了好久。
2024-02-09,5,positive,服务态度很好，园区管理有序。
2024-02-09,3,neutral,停车场离入口有点远，走了好久。
2024-02-09,5,positive,冰上龙舟很有创意，适合全家一起玩。
2024-02-09,3,neutral,人太多了，建议工作日去。
2024-02-09,4,positive,带孩子来的，小朋友玩得很开心，推荐！
2024-02-09,3,neutral,总体还行，就是排队太久了。
2024-02-09,4,positive,主办方今年安排得很用心，动线合理不绕路。
2024-02-09,3,neutral,园区很大，走得腿都酸了，建议多设休息点。
2024-02-09,3,neutral,冰雕很美，但是餐厅价格偏高。
2024-02-09,4,positive,太美了！冰雕非常震撼，下次还来。
2024-02-09,1,negative,门票太贵了，性价比低。
2024-02-09,4,positive,虽然冷但值得，哈尔滨的冬天名不虚传。
2024-02-09,3,neutral,冰雕很美，但是餐厅价格偏高。
2024-02-09,1,negative,餐饮又贵又难吃，建议自带食物。
2024-02-09,5,positive,主办方今年安排得很用心，动线合理不绕路。
2024-02-09,3,neutral,停车场离入口有点远，走了好久。
2024-02-09,3,neutral,停车场离入口有点远，走了好久。
2024-02-09,3,neutral,票价有点贵，不过冰雕确实不错。
2024-02-09,5,positive,冰酒吧体验独特，零下30度喝热饮很特别。
2024-02-09,3,neutral,票价有点贵，不过冰雕确实不错。
2024-02-09,4,positive,大滑梯超刺激，排队时间也在可接受范围内。
2024-02-09,2,negative,卫生间太少了，排队比看冰雕还久。
2024-02-09,5,positive,虽然人多但是氛围感很棒，冰雪的快乐。
2024-02-09,4,positive,今年冰雕规模比去年更大了，很壮观。
2024-02-09,4,positive,极地馆的企鹅太可爱了，拍了好多照片。
2024-02-09,5,positive,虽然人多但是氛围感很棒，冰雪的快乐。
2024-02-09,5,positive,主办方今年安排得很用心，动线合理不绕路。
2024-02-09,5,positive,太美了！冰雕非常震撼，下次还来。
2024-02-09,4,positive,主办方今年安排得很用心，动线合理不绕路。
2024-02-09,5,positive,适合拍照打卡，随手一拍都是大片。
2024-02-09,3,neutral,停车场离入口有点远，走了好久。
2024-02-09,4,positive,极地馆的企鹅太可爱了，拍了好多照片。
2024-02-09,4,positive,虽然冷但值得，哈尔滨的冬天名不虚传。
2024-02-09,4,positive,服务态度很好，园区管理有序。
2024-02-09,3,neutral,票价有点贵，不过冰雕确实不错。
2024-02-09,5,positive,适合拍照打卡，随手一拍都是大片。
2024-02-09,4,positive,虽然人多但是氛围感很棒，冰雪的快乐。
2024-02-09,5,positive,冰雪大世界的灯光秀太震撼了，音乐配合得绝佳！
2024-02-09,3,neutral,园区很大，走得腿都酸了，建议多设休息点。
2024-02-09,5,positive,大滑梯超刺激，排队时间也在可接受范围内。
2024-02-09,4,positive,虽然人多但是氛围感很棒，冰雪的快乐。
2024-02-09,2,negative,排队排了2个小时，体验很差。
2024-02-09,5,positive,冰上龙舟很有创意，适合全家一起玩。
2024-02-09,4,positive,大滑梯超刺激，排队时间也在可接受范围内。
2024-02-09,5,positive,今年冰雕规模比去年更大了，很壮观。
2024-02-09,3,neutral,票价有点贵，不过冰雕确实不错。
2024-02-10,1,negative,冰雕有些已经开始融化，维护不及时。
2024-02-10,5,positive,虽然人多但是氛围感很棒，冰雪的快乐。
2024-02-10,3,neutral,票价有点贵，不过冰雕确实不错。
2024-02-10,5,positive,主办方今年安排得很用心，动线合理不绕路。
2024-02-10,3,neutral,园区很大，走得腿都酸了，建议多设休息点。
2024-02-10,3,neutral,园区很大，走得腿都酸了，建议多设休息点。
2024-02-10,4,positive,主办方今年安排得很用心，动线合理不绕路。
2024-02-10,4,positive,适合拍照打卡，随手一拍都是大片。
2024-02-10,3,neutral,中规中矩的一次体验，和预期差不多。
2024-02-10,4,positive,虽然人多但是氛围感很棒，冰雪的快乐。
2024-02-10,5,positive,适合拍照打卡，随手一拍都是大片。
2024-02-10,5,positive,冰酒吧体验独特，零下30度喝热饮很特别。
2024-02-10,4,positive,冰雪大世界的灯光秀太震撼了，音乐配合得绝佳！
2024-02-10,5,positive,服务态度很好，园区管理有序。
2024-02-10,1,negative,餐饮又贵又难吃，建议自带食物。
2024-02-10,3,neutral,人太多了，建议工作日去。
2024-02-10,2,negative,人挤人，根本没心情看冰雕。
2024-02-10,5,positive,虽然人多但是氛围感很棒，冰雪的快乐。
2024-02-10,1,negative,人挤人，根本没心情看冰雕。
2024-02-10,3,neutral,总体还行，就是排队太久了。
2024-02-10,5,positive,冰酒吧体验独特，零下30度喝热饮很特别。
2024-02-10,4,positive,今年冰雕规模比去年更大了，很壮观。
2024-02-10,5,positive,极地馆的企鹅太可爱了，拍了好多照片。
2024-02-10,1,negative,门票太贵了，性价比低。
2024-02-10,5,positive,冰酒吧体验独特，零下30度喝热饮很特别。
2024-02-10,4,positive,极地馆的企鹅太可爱了，拍了好多照片。
2024-02-10,3,neutral,人太多了，建议工作日去。
2024-02-10,5,positive,今年冰雕规模比去年更大了，很壮观。
2024-02-10,5,positive,适合拍照打卡，随手一拍都是大片。
2024-02-10,2,negative,门票太贵了，性价比低。
2024-02-10,4,positive,大滑梯超刺激，排队时间也在可接受范围内。
2024-02-10,4,positive,冰酒吧体验独特，零下30度喝热饮很特别。
2024-02-10,4,positive,大滑梯超刺激，排队时间也在可接受范围内。
2024-02-10,4,positive,虽然人多但是氛围感很棒，冰雪的快乐。
2024-02-10,5,positive,极地馆的企鹅太可爱了，拍了好多照片。
2024-02-10,5,positive,冰滑梯排队虽久但值得，尖叫声不断。
2024-02-10,1,negative,太冷了，园区取暖设施不够。
2024-02-10,3,neutral,人太多了，建议工作日去。
2024-02-10,5,positive,主办方今年安排得很用心，动线合理不绕路。
2024-02-10,3,neutral,白天看一般，晚上亮灯后效果才好。
2024-02-10,5,positive,冰滑梯排队虽久但值得，尖叫声不断。
2024-02-10,4,positive,太美了！冰雕非常震撼，下次还来。
2024-02-10,4,positive,大滑梯超刺激，排队时间也在可接受范围内。
2024-02-10,1,negative,餐饮又贵又难吃，建议自带食物。
2024-02-10,4,positive,适合拍照打卡，随手一拍都是大片。
2024-02-10,5,positive,虽然人多但是氛围感很棒，冰雪的快乐。
2024-02-10,5,positive,夜场的冰灯特别漂亮，像童话世界一样。
2024-02-10,5,positive,虽然冷但值得，哈尔滨的冬天名不虚传。
2024-02-10,1,negative,餐饮又贵又难吃，建议自带食物。
2024-02-10,5,positive,适合拍照打卡，随手一拍都是大片。
2024-02-10,5,positive,今年冰雕规模比去年更大了，很壮观。
2024-02-10,5,positive,虽然人多但是氛围感很棒，冰雪的快乐。
2024-02-10,4,positive,虽然冷但值得，哈尔滨的冬天名不虚传。
2024-02-10,5,positive,主办方今年安排得很用心，动线合理不绕路。
2024-02-10,3,neutral,白天看一般，晚上亮灯后效果才好。
2024-02-10,2,negative,冰雕有些已经开始融化，维护不及时。
2024-02-10,3,neutral,人太多了，建议工作日去。
2024-02-10,3,neutral,冰雕很美，但是餐厅价格偏高。
2024-02-10,4,positive,冰雪大世界的灯光秀太震撼了，音乐配合得绝佳！
2024-02-10,5,positive,服务态度很好，园区管理有序。
2024-02-10,4,positive,服务态度很好，园区管理有序。
2024-02-10,5,positive,冰上龙舟很有创意，适合全家一起玩。
2024-02-10,3,neutral,票价有点贵，不过冰雕确实不错。
2024-02-10,3,neutral,票价有点贵，不过冰雕确实不错。
2024-02-10,1,negative,工作人员态度不好，问路都不理。
2024-02-10,3,neutral,冰雕很美，但是餐厅价格偏高。
2024-02-10,3,neutral,中规中矩的一次体验，和预期差不多。
2024-02-10,4,positive,冰上龙舟很有创意，适合全家一起玩。
2024-02-10,1,negative,冰雕有些已经开始融化，维护不及时。
2024-02-10,5,positive,今年冰雕规模比去年更大了，很壮观。
2024-02-10,1,negative,停车费贵得离谱，而且不好找车位。
2024-02-10,5,positive,太美了！冰雕非常震撼，下次还来。
2024-02-10,2,negative,太冷了，园区取暖设施不够。
2024-02-10,3,neutral,停车场离入口有点远，走了好久。
2024-02-10,3,neutral,中规中矩的一次体验，和预期差不多。
2024-02-10,5,positive,虽然人多但是氛围感很棒，冰雪的快乐。
2024-02-10,5,positive,带孩子来的，小朋友玩得很开心，推荐！
2024-02-10,4,positive,主办方今年安排得很用心，动线合理不绕路。
2024-02-10,3,neutral,白天看一般，晚上亮灯后效果才好。
2024-02-10,1,negative,人挤人，根本没心情看冰雕。
2024-02-10,3,neutral,白天看一般，晚上亮灯后效果才好。
2024-02-10,2,negative,人挤人，根本没心情看冰雕。
2024-02-10,5,positive,冰上龙舟很有创意，适合全家一起玩。
2024-02-10,2,negative,门票太贵了，性价比低。
2024-02-10,5,positive,今年冰雕规模比去年更大了，很壮观。
2024-02-10,4,positive,虽然人多但是氛围感很棒，冰雪的快乐。
2024-02-10,5,positive,大滑梯超刺激，排队时间也在可接受范围内。
2024-02-10,4,positive,今年冰雕规模比去年更大了，很壮观。
2024-02-10,3,neutral,人太多了，建议工作日去。
2024-02-10,4,positive,冰酒吧体验独特，零下30度喝热饮很特别。
2024-02-10,2,negative,冰雕有些已经开始融化，维护不及时。
2024-02-10,4,positive,主办方今年安排得很用心，动线合理不绕路。
2024-02-10,4,positive,今年冰雕规模比去年更大了，很壮观。
2024-02-10,3,neutral,总体还行，就是排队太久了。
2024-02-10,5,positive,太美了！冰雕非常震撼，下次还来。
2024-02-10,4,positive,带孩子来的，小朋友玩得很开心，推荐！
2024-02-10,3,neutral,停车场离入口有点远，走了好久。
2024-02-10,5,positive,太美了！冰雕非常震撼，下次还来。
2024-02-10,5,positive,带孩子来的，小朋友玩得很开心，推荐！
2024-02-10,3,neutral,人太多了，建议工作日去。
2024-02-10,4,positive,冰上龙舟很有创意，适合全家一起玩。
2024-02-10,5,positive,冰上龙舟很有创意，适合全家一起玩。
2024-02-10,3,neutral,总体还行，就是排队太久了。
2024-02-10,2,negative,工作人员态度不好，问路都不理。
2024-02-10,1,negative,人挤人，根本没心情看冰雕。
2024-02-10,4,positive,适合拍照打卡，随手一拍都是大片。
2024-02-10,4,positive,冰滑梯排队虽久但值得，尖叫声不断。
2024-02-10,3,neutral,人太多了，建议工作日去。
2024-02-10,1,negative,门票太贵了，性价比低。
2024-02-10,3,neutral,人太多了，建议工作日去。
2024-02-10,3,neutral,冰雕很美，但是餐厅价格偏高。
2024-02-10,1,negative,太冷了，园区取暖设施不够。
2024-02-10,5,positive,冰雪大世界的灯光秀太震撼了，音乐配合得绝佳！
2024-02-10,5,positive,今年冰雕规模比去年更大了，很壮观。
2024-02-10,3,neutral,冰雕很美，但是餐厅价格偏高。
2024-02-10,1,negative,太冷了，园区取暖设施不够。
2024-02-10,4,positive,今年冰雕规模比去年更大了，很壮观。
2024-02-10,3,neutral,人太多了，建议工作日去。
2024-02-10,4,positive,太美了！冰雕非常震撼，下次还来。
2024-02-10,4,positive,服务态度很好，园区管理有序。
2024-02-10,5,positive,冰雪大世界的灯光秀太震撼了，音乐配合得绝佳！
2024-02-10,4,positive,大滑梯超刺激，排队时间也在可接受范围内。
2024-02-10,4,positive,适合拍照打卡，随手一拍都是大片。
2024-02-10,3,neutral,园区很大，走得腿都酸了，建议多设休息点。
2024-02-10,4,positive,服务态度很好，园区管理有序。
2024-02-10,4,positive,冰雪大世界的灯光秀太震撼了，音乐配合得绝佳！
2024-02-10,1,negative,太冷了，园区取暖设施不够。
2024-02-10,5,positive,适合拍照打卡，随手一拍都是大片。
2024-02-10,1,negative,太冷了，园区取暖设施不够。
2024-02-10,3,neutral,总体还行，就是排队太久了。
2024-02-10,4,positive,虽然冷但值得，哈尔滨的冬天名不虚传。
2024-02-10,5,positive,冰上龙舟很有创意，适合全家一起玩。
2024-02-10,4,positive,带孩子来的，小朋友玩得很开心，推荐！
2024-02-10,5,positive,夜场的冰灯特别漂亮，像童话世界一样。
2024-02-10,4,positive,冰酒吧体验独特，零下30度喝热饮很特别。
2024-02-10,3,neutral,园区很大，走得腿都酸了，建议多设休息点。
2024-02-10,5,positive,极地馆的企鹅太可爱了，拍了好多照片。
2024-02-10,5,positive,冰雪大世界的灯光秀太震撼了，音乐配合得绝佳！
2024-02-10,4,positive,冰上龙舟很有创意，适合全家一起玩。
2024-02-10,4,positive,太美了！冰雕非常震撼，下次还来。
2024-02-10,4,positive,太美了！冰雕非常震撼，下次还来。
2024-02-10,1,negative,地上太滑了，差点摔倒好几次。
2024-02-10,2,negative,太冷了，园区取暖设施不够。
2024-02-10,3,neutral,白天看一般，晚上亮灯后效果才好。
2024-02-11,5,positive,适合拍照打卡，随手一拍都是大片。
2024-02-11,3,neutral,人太多了，建议工作日去。
2024-02-11,2,negative,冰雕有些已经开始融化，维护不及时。
2024-02-11,4,positive,带孩子来的，小朋友玩得很开心，推荐！
2024-02-11,5,positive,虽然冷但值得，哈尔滨的冬天名不虚传。
2024-02-11,5,positive,服务态度很好，园区管理有序。
2024-02-11,5,positive,带孩子来的，小朋友玩得很开心，推荐！
2024-02-11,5,positive,适合拍照打卡，随手一拍都是大片。
2024-02-11,5,positive,主办方今年安排得很用心，动线合理不绕路。
2024-02-11,4,positive,带孩子来的，小朋友玩得很开心，推荐！
2024-02-11,4,positive,带孩子来的，小朋友玩得很开心，推荐！
2024-02-11,3,neutral,中规中矩的一次体验，和预期差不多。
2024-02-11,4,positive,今年冰雕规模比去年更大了，很壮观。
2024-02-11,4,positive,冰滑梯排队虽久但值得，尖叫声不断。
2024-02-11,4,positive,大滑梯超刺激，排队时间也在可接受范围内。
2024-02-11,3,neutral,人太多了，建议工作日去。
2024-02-11,5,positive,服务态度很好，园区管理有序。
2024-02-11,4,positive,主办方今年安排得很用心，动线合理不绕路。
2024-02-11,5,positive,虽然人多但是氛围感很棒，冰雪的快乐。
2024-02-11,4,positive,主办方今年安排得很用心，动线合理不绕路。
2024-02-11,4,positive,虽然人多但是氛围感很棒，冰雪的快乐。
2024-02-11,3,neutral,人太多了，建议工作日去。
2024-02-11,4,positive,冰雪大世界的灯光秀太震撼了，音乐配合得绝佳！
2024-02-11,2,negative,餐饮又贵又难吃，建议自带食物。
2024-02-11,4,positive,带孩子来的，小朋友玩得很开心，推荐！
2024-02-11,5,positive,极地馆的企鹅太可爱了，拍了好多照片。
2024-02-11,5,positive,冰酒吧体验独特，零下30度喝热饮很特别。
2024-02-11,5,positive,太美了！冰雕非常震撼，下次还来。
2024-02-11,4,positive,冰酒吧体验独特，零下30度喝热饮很特别。
2024-02-11,2,negative,餐饮又贵又难吃，建议自带食物。
2024-02-11,5,positive,冰上龙舟很有创意，适合全家一起玩。
2024-02-11,5,positive,今年冰雕规模比去年更大了，很壮观。
2024-02-11,4,positive,适合拍照打卡，随手一拍都是大片。
2024-02-11,3,neutral,园区很大，走得腿都酸了，建议多设休息点。
2024-02-11,5,positive,冰雪大世界的灯光秀太震撼了，音乐配合得绝佳！
2024-02-11,5,positive,适合拍照打卡，随手一拍都是大片。
2024-02-11,4,positive,夜场的冰灯特别漂亮，像童话世界一样。
2024-02-11,5,positive,冰滑梯排队虽久但值得，尖叫声不断。
2024-02-11,3,neutral,白天看一般，晚上亮灯后效果才好。
2024-02-11,1,negative,停车费贵得离谱，而且不好找车位。
2024-02-11,5,positive,冰雪大世界的灯光秀太震撼了，音乐配合得绝佳！
2024-02-11,4,positive,冰上龙舟很有创意，适合全家一起玩。
2024-02-11,4,positive,虽然人多但是氛围感很棒，冰雪的快乐。
2024-02-11,5,positive,虽然冷但值得，哈尔滨的冬天名不虚传。
2024-02-11,4,positive,带孩子来的，小朋友玩得很开心，推荐！
2024-02-11,5,positive,冰滑梯排队虽久但值得，尖叫声不断。
2024-02-11,5,positive,带孩子来的，小朋友玩得很开心，推荐！
2024-02-11,1,negative,餐饮又贵又难吃，建议自带食物。
2024-02-11,4,positive,主办方今年安排得很用心，动线合理不绕路。
2024-02-11,4,positive,带孩子来的，小朋友玩得很开心，推荐！
2024-02-11,4,positive,冰酒吧体验独特，零下30度喝热饮很特别。
2024-02-11,4,positive,适合拍照打卡，随手一拍都是大片。
2024-02-11,3,neutral,白天看一般，晚上亮灯后效果才好。
2024-02-11,3,neutral,中规中矩的一次体验，和预期差不多。
2024-02-11,4,positive,服务态度很好，园区管理有序。
2024-02-11,5,positive,今年冰雕规模比去年更大了，很壮观。
2024-02-11,5,positive,主办方今年安排得很用心，动线合理不绕路。
2024-02-11,5,positive,夜场的冰灯特别漂亮，像童话世界一样。
2024-02-11,1,negative,人挤人，根本没心情看冰雕。
2024-02-11,3,neutral,冰雕很美，但是餐厅价格偏高。
2024-02-11,1,negative,太冷了，园区取暖设施不够。
2024-02-11,4,positive,虽然冷但值得，哈尔滨的冬天名不虚传。
2024-02-11,4,positive,极地馆的企鹅太可爱了，拍了好多照片。
2024-02-11,2,negative,停车费贵得离谱，而且不好找车位。
2024-02-11,3,neutral,冰雕很美，但是餐厅价格偏高。
2024-02-11,5,positive,主办方今年安排得很用心，动线合理不绕路。
2024-02-11,1,negative,排队排了2个小时，体验很差。
2024-02-11,4,positive,虽然人多但是氛围感很棒，冰雪的快乐。
2024-02-11,5,positive,虽然人多但是氛围感很棒，冰雪的快乐。
2024-02-11,4,positive,冰雪大世界的灯光秀太震撼了，音乐配合得绝佳！
2024-02-11,5,positive,冰滑梯排队虽久但值得，尖叫声不断。
2024-02-11,5,positive,大滑梯超刺激，排队时间也在可接受范围内。
2024-02-11,5,positive,虽然冷但值得，哈尔滨的冬天名不虚传。
2024-02-11,3,neutral,园区很大，走得腿都酸了，建议多设休息点。
2024-02-11,2,negative,工作人员态度不好，问路都不理。
2024-02-11,5,positive,大滑梯超刺激，排队时间也在可接受范围内。
2024-02-11,4,positive,冰雪大世界的灯光秀太震撼了，音乐配合得绝佳！
2024-02-11,2,negative,排队排了2个小时，体验很差。
2024-02-11,5,positive,主办方今年安排得很用心，动线合理不绕路。
2024-02-11,5,positive,冰滑梯排队虽久但值得，尖叫声不断。
2024-02-11,5,positive,主办方今年安排得很用心，动线合理不绕路。
2024-02-11,4,positive,虽然冷但值得，哈尔滨的冬天名不虚传。
2024-02-11,1,negative,冰雕有些已经开始融化，维护不及时。
2024-02-11,3,neutral,白天看一般，晚上亮灯后效果才好。
2024-02-11,5,positive,带孩子来的，小朋友玩得很开心，推荐！
2024-02-11,2,negative,人挤人，根本没心情看冰雕。
2024-02-11,3,neutral,停车场离入口有点远，走了好久。
2024-02-11,5,positive,冰雪大世界的灯光秀太震撼了，音乐配合得绝佳！
2024-02-11,3,neutral,票价有点贵，不过冰雕确实不错。
2024-02-11,5,positive,极地馆的企鹅太可爱了，拍了好多照片。
2024-02-11,3,neutral,总体还行，就是排队太久了。
2024-02-11,2,negative,地上太滑了，差点摔倒好几次。
2024-02-11,4,positive,冰滑梯排队虽久但值得，尖叫声不断。
2024-02-11,4,positive,今年冰雕规模比去年更大了，很壮观。
2024-02-11,3,neutral,人太多了，建议工作日去。
2024-02-11,1,negative,工作人员态度不好，问路都不理。
2024-02-11,2,negative,停车费贵得离谱，而且不好找车位。
2024-02-11,5,positive,服务态度很好，园区管理有序。
2024-02-11,4,positive,今年冰雕规模比去年更大了，很壮观。
2024-02-11,5,positive,极地馆的企鹅太可爱了，拍了好多照片。
2024-02-11,4,positive,冰雪大世界的灯光秀太震撼了，音乐配合得绝佳！
2024-02-11,5,positive,夜场的冰灯特别漂亮，像童话世界一样。
2024-02-11,1,negative,冰雕有些已经开始融化，维护不及时。
2024-02-11,5,positive,主办方今年安排得很用心，动线合理不绕路。
2024-02-11,5,positive,带孩子来的，小朋友玩得很开心，推荐！
2024-02-11,5,positive,太美了！冰雕非常震撼，下次还来。
2024-02-11,4,positive,冰酒吧体验独特，零下30度喝热饮很特别。
2024-02-11,3,neutral,票价有点贵，不过冰雕确实不错。
2024-02-11,1,negative,排队排了2个小时，体验很差。
2024-02-11,3,neutral,冰雕很美，但是餐厅价格偏高。
2024-02-11,5,positive,虽然冷但值得，哈尔滨的冬天名不虚传。
2024-02-11,5,positive,太美了！冰雕非常震撼，下次还来。
2024-02-11,4,positive,冰滑梯排队虽久但值得，尖叫声不断。
2024-02-11,5,positive,太美了！冰雕非常震撼，下次还来。
2024-02-11,3,neutral,白天看一般，晚上亮灯后效果才好。
2024-02-11,5,positive,极地馆的企鹅太可爱了，拍了好多照片。
2024-02-11,2,negative,门票太贵了，性价比低。
2024-02-11,2,negative,卫生间太少了，排队比看冰雕还久。
2024-02-11,2,negative,工作人员态度不好，问路都不理。
2024-02-11,2,negative,工作人员态度不好，问路都不理。
2024-02-11,5,positive,适合拍照打卡，随手一拍都是大片。
2024-02-11,2,negative,工作人员态度不好，问路都不理。
2024-02-11,5,positive,带孩子来的，小朋友玩得很开心，推荐！
2024-02-11,4,positive,冰雪大世界的灯光秀太震撼了，音乐配合得绝佳！
2024-02-11,1,negative,卫生间太少了，排队比看冰雕还久。
2024-02-11,4,positive,极地馆的企鹅太可爱了，拍了好多照片。
2024-02-11,5,positive,冰酒吧体验独特，零下30度喝热饮很特别。
2024-02-11,4,positive,夜场的冰灯特别漂亮，像童话世界一样。
2024-02-11,5,positive,大滑梯超刺激，排队时间也在可接受范围内。
2024-02-11,3,neutral,票价有点贵，不过冰雕确实不错。
2024-02-11,2,negative,门票太贵了，性价比低。
2024-02-11,5,positive,带孩子来的，小朋友玩得很开心，推荐！
2024-02-11,2,negative,卫生间太少了，排队比看冰雕还久。
2024-02-11,3,neutral,园区很大，走得腿都酸了，建议多设休息点。
2024-02-11,3,neutral,人太多了，建议工作日去。
2024-02-11,4,positive,极地馆的企鹅太可爱了，拍了好多照片。
2024-02-11,2,negative,地上太滑了，差点摔倒好几次。
2024-02-11,4,positive,服务态度很好，园区管理有序。
2024-02-11,5,positive,冰酒吧体验独特，零下30度喝热饮很特别。
2024-02-11,5,positive,冰雪大世界的灯光秀太震撼了，音乐配合得绝佳！
2024-02-11,4,positive,主办方今年安排得很用心，动线合理不绕路。
2024-02-11,3,neutral,票价有点贵，不过冰雕确实不错。
2024-02-11,5,positive,大滑梯超刺激，排队时间也在可接受范围内。
2024-02-11,5,positive,适合拍照打卡，随手一拍都是大片。
2024-02-11,5,positive,服务态度很好，园区管理有序。
2024-02-11,5,positive,适合拍照打卡，随手一拍都是大片。
2024-02-11,2,negative,人挤人，根本没心情看冰雕。
2024-02-11,1,negative,排队排了2个小时，体验很差。
2024-02-11,4,positive,虽然冷但值得，哈尔滨的冬天名不虚传。
2024-02-11,3,neutral,票价有点贵，不过冰雕确实不错。
2024-02-11,4,positive,冰滑梯排队虽久但值得，尖叫声不断。
2024-02-11,4,positive,服务态度很好，园区管理有序。
2024-02-12,4,positive,带孩子来的，小朋友玩得很开心，推荐！
2024-02-12,2,negative,冰雕有些已经开始融化，维护不及时。
2024-02-12,4,positive,冰酒吧体验独特，零下30度喝热饮很特别。
2024-02-12,4,positive,冰酒吧体验独特，零下30度喝热饮很特别。
2024-02-12,3,neutral,总体还行，就是排队太久了。
2024-02-12,3,neutral,冰雕很美，但是餐厅价格偏高。
2024-02-12,1,negative,餐饮又贵又难吃，建议自带食物。
2024-02-12,5,positive,带孩子来的，小朋友玩得很开心，推荐！
2024-02-12,5,positive,太美了！冰雕非常震撼，下次还来。
2024-02-12,1,negative,餐饮又贵又难吃，建议自带食物。
2024-02-12,4,positive,适合拍照打卡，随手一拍都是大片。
2024-02-12,5,positive,太美了！冰雕非常震撼，下次还来。
2024-02-12,4,positive,夜场的冰灯特别漂亮，像童话世界一样。
2024-02-12,3,neutral,停车场离入口有点远，走了好久。
2024-02-12,5,positive,今年冰雕规模比去年更大了，很壮观。
2024-02-12,4,positive,极地馆的企鹅太可爱了，拍了好多照片。
2024-02-12,3,neutral,冰雕很美，但是餐厅价格偏高。
2024-02-12,5,positive,夜场的冰灯特别漂亮，像童话世界一样。
2024-02-12,3,neutral,中规中矩的一次体验，和预期差不多。
2024-02-12,3,neutral,人太多了，建议工作日去。
2024-02-12,3,neutral,冰雕很美，但是餐厅价格偏高。
2024-02-12,3,neutral,票价有点贵，不过冰雕确实不错。
2024-02-12,4,positive,主办方今年安排得很用心，动线合理不绕路。
2024-02-12,5,positive,冰滑梯排队虽久但值得，尖叫声不断。
2024-02-12,5,positive,太美了！冰雕非常震撼，下次还来。
2024-02-12,2,negative,地上太滑了，差点摔倒好几次。
2024-02-12,1,negative,工作人员态度不好，问路都不理。
2024-02-12,5,positive,大滑梯超刺激，排队时间也在可接受范围内。
2024-02-12,1,negative,卫生间太少了，排队比看冰雕还久。
2024-02-12,3,neutral,票价有点贵，不过冰雕确实不错。
2024-02-12,5,positive,大滑梯超刺激，排队时间也在可接受范围内。
2024-02-12,4,positive,适合拍照打卡，随手一拍都是大片。
2024-02-12,5,positive,冰酒吧体验独特，零下30度喝热饮很特别。
2024-02-12,4,positive,冰雪大世界的灯光秀太震撼了，音乐配合得绝佳！
2024-02-12,2,negative,太冷了，园区取暖设施不够。
2024-02-12,4,positive,冰上龙舟很有创意，适合全家一起玩。
2024-02-12,2,negative,冰雕有些已经开始融化，维护不及时。
2024-02-12,2,negative,卫生间太少了，排队比看冰雕还久。
2024-02-12,4,positive,今年冰雕规模比去年更大了，很壮观。
2024-02-12,3,neutral,总体还行，就是排队太久了。
2024-02-12,5,positive,冰上龙舟很有创意，适合全家一起玩。
2024-02-12,2,negative,停车费贵得离谱，而且不好找车位。
2024-02-12,2,negative,餐饮又贵又难吃，建议自带食物。
2024-02-12,5,positive,今年冰雕规模比去年更大了，很壮观。
2024-02-12,4,positive,夜场的冰灯特别漂亮，像童话世界一样。
2024-02-12,5,positive,大滑梯超刺激，排队时间也在可接受范围内。
2024-02-12,3,neutral,票价有点贵，不过冰雕确实不错。
2024-02-12,1,negative,停车费贵得离谱，而且不好找车位。
2024-02-12,5,positive,冰雪大世界的灯光秀太震撼了，音乐配合得绝佳！
2024-02-12,2,negative,太冷了，园区取暖设施不够。
2024-02-12,5,positive,虽然冷但值得，哈尔滨的冬天名不虚传。
2024-02-12,2,negative,卫生间太少了，排队比看冰雕还久。
2024-02-12,4,positive,太美了！冰雕非常震撼，下次还来。
2024-02-12,4,positive,太美了！冰雕非常震撼，下次还来。
2024-02-12,4,positive,虽然人多但是氛围感很棒，冰雪的快乐。
2024-02-12,3,neutral,总体还行，就是排队太久了。
2024-02-12,5,positive,虽然冷但值得，哈尔滨的冬天名不虚传。
2024-02-12,3,neutral,总体还行，就是排队太久了。
2024-02-12,3,neutral,停车场离入口有点远，走了好久。
2024-02-12,5,positive,今年冰雕规模比去年更大了，很壮观。
2024-02-12,3,neutral,白天看一般，晚上亮灯后效果才好。
2024-02-12,3,neutral,人太多了，建议工作日去。
2024-02-12,5,positive,夜场的冰灯特别漂亮，像童话世界一样。
2024-02-12,5,positive,冰滑梯排队虽久但值得，尖叫声不断。
2024-02-12,4,positive,虽然人多但是氛围感很棒，冰雪的快乐。
2024-02-12,3,neutral,总体还行，就是排队太久了。
2024-02-12,2,negative,卫生间太少了，排队比看冰雕还久。
2024-02-12,3,neutral,白天看一般，晚上亮灯后效果才好。
2024-02-12,4,positive,虽然冷但值得，哈尔滨的冬天名不虚传。
2024-02-12,5,positive,今年冰雕规模比去年更大了，很壮观。
2024-02-12,1,negative,人挤人，根本没心情看冰雕。
2024-02-12,5,positive,服务态度很好，园区管理有序。
2024-02-12,5,positive,冰滑梯排队虽久但值得，尖叫声不断。
2024-02-12,5,positive,适合拍照打卡，随手一拍都是大片。
2024-02-12,2,negative,地上太滑了，差点摔倒好几次。
2024-02-12,3,neutral,冰雕很美，但是餐厅价格偏高。
2024-02-12,5,positive,虽然人多但是氛围感很棒，冰雪的快乐。
2024-02-12,4,positive,带孩子来的，小朋友玩得很开心，推荐！
2024-02-13,3,neutral,中规中矩的一次体验，和预期差不多。
2024-02-13,4,positive,带孩子来的，小朋友玩得很开心，推荐！
2024-02-13,2,negative,卫生间太少了，排队比看冰雕还久。
2024-02-13,1,negative,排队排了2个小时，体验很差。
2024-02-13,1,negative,餐饮又贵又难吃，建议自带食物。
2024-02-13,4,positive,虽然冷但值得，哈尔滨的冬天名不虚传。
2024-02-13,4,positive,主办方今年安排得很用心，动线合理不绕路。
2024-02-13,1,negative,卫生间太少了，排队比看冰雕还久。
2024-02-13,5,positive,太美了！冰雕非常震撼，下次还来。
2024-02-13,1,negative,工作人员态度不好，问路都不理。
2024-02-13,5,positive,带孩子来的，小朋友玩得很开心，推荐！
2024-02-13,1,negative,冰雕有些已经开始融化，维护不及时。
2024-02-13,5,positive,虽然人多但是氛围感很棒，冰雪的快乐。
2024-02-13,4,positive,大滑梯超刺激，排队时间也在可接受范围内。
2024-02-13,3,neutral,冰雕很美，但是餐厅价格偏高。
2024-02-13,4,positive,今年冰雕规模比去年更大了，很壮观。
2024-02-13,5,positive,带孩子来的，小朋友玩得很开心，推荐！
2024-02-13,4,positive,极地馆的企鹅太可爱了，拍了好多照片。
2024-02-13,5,positive,冰上龙舟很有创意，适合全家一起玩。
2024-02-13,3,neutral,总体还行，就是排队太久了。
2024-02-13,1,negative,地上太滑了，差点摔倒好几次。
2024-02-13,2,negative,人挤人，根本没心情看冰雕。
2024-02-13,3,neutral,冰雕很美，但是餐厅价格偏高。
2024-02-13,5,positive,冰酒吧体验独特，零下30度喝热饮很特别。
2024-02-13,4,positive,主办方今年安排得很用心，动线合理不绕路。
2024-02-13,2,negative,门票太贵了，性价比低。
2024-02-13,2,negative,停车费贵得离谱，而且不好找车位。
2024-02-13,2,negative,人挤人，根本没心情看冰雕。
2024-02-13,4,positive,冰上龙舟很有创意，适合全家一起玩。
2024-02-13,3,neutral,中规中矩的一次体验，和预期差不多。
2024-02-13,5,positive,冰酒吧体验独特，零下30度喝热饮很特别。
2024-02-13,3,neutral,停车场离入口有点远，走了好久。
2024-02-13,3,neutral,园区很大，走得腿都酸了，建议多设休息点。
2024-02-13,5,positive,适合拍照打卡，随手一拍都是大片。
2024-02-13,3,neutral,园区很大，走得腿都酸了，建议多设休息点。
2024-02-13,1,negative,餐饮又贵又难吃，建议自带食物。
2024-02-13,3,neutral,总体还行，就是排队太久了。
2024-02-13,3,neutral,白天看一般，晚上亮灯后效果才好。
2024-02-13,4,positive,太美了！冰雕非常震撼，下次还来。
2024-02-13,2,negative,人挤人，根本没心情看冰雕。
2024-02-13,5,positive,极地馆的企鹅太可爱了，拍了好多照片。
2024-02-13,4,positive,今年冰雕规模比去年更大了，很壮观。
2024-02-13,3,neutral,总体还行，就是排队太久了。
2024-02-13,5,positive,今年冰雕规模比去年更大了，很壮观。
2024-02-13,4,positive,太美了！冰雕非常震撼，下次还来。
2024-02-13,4,positive,主办方今年安排得很用心，动线合理不绕路。
2024-02-13,5,positive,冰雪大世界的灯光秀太震撼了，音乐配合得绝佳！
2024-02-13,1,negative,工作人员态度不好，问路都不理。
2024-02-13,5,positive,虽然人多但是氛围感很棒，冰雪的快乐。
2024-02-13,4,positive,适合拍照打卡，随手一拍都是大片。
2024-02-13,4,positive,适合拍照打卡，随手一拍都是大片。
2024-02-13,2,negative,门票太贵了，性价比低。
2024-02-13,3,neutral,票价有点贵，不过冰雕确实不错。
2024-02-13,3,neutral,园区很大，走得腿都酸了，建议多设休息点。
2024-02-13,4,positive,极地馆的企鹅太可爱了，拍了好多照片。
2024-02-13,1,negative,人挤人，根本没心情看冰雕。
2024-02-13,4,positive,服务态度很好，园区管理有序。
2024-02-13,5,positive,冰上龙舟很有创意，适合全家一起玩。
2024-02-13,5,positive,太美了！冰雕非常震撼，下次还来。
2024-02-13,1,negative,餐饮又贵又难吃，建议自带食物。
2024-02-13,5,positive,适合拍照打卡，随手一拍都是大片。
2024-02-13,5,positive,大滑梯超刺激，排队时间也在可接受范围内。
2024-02-13,3,neutral,票价有点贵，不过冰雕确实不错。
2024-02-13,2,negative,排队排了2个小时，体验很差。
2024-02-13,3,neutral,园区很大，走得腿都酸了，建议多设休息点。
2024-02-13,5,positive,冰滑梯排队虽久但值得，尖叫声不断。
2024-02-13,3,neutral,白天看一般，晚上亮灯后效果才好。
2024-02-13,3,neutral,中规中矩的一次体验，和预期差不多。
2024-02-13,3,neutral,停车场离入口有点远，走了好久。
2024-02-13,3,neutral,票价有点贵，不过冰雕确实不错。
2024-02-13,2,negative,停车费贵得离谱，而且不好找车位。
2024-02-13,3,neutral,票价有点贵，不过冰雕确实不错。
2024-02-13,4,positive,极地馆的企鹅太可爱了，拍了好多照片。
2024-02-13,5,positive,夜场的冰灯特别漂亮，像童话世界一样。
2024-02-13,4,positive,冰雪大世界的灯光秀太震撼了，音乐配合得绝佳！
2024-02-13,2,negative,工作人员态度不好，问路都不理。
2024-02-13,4,positive,带孩子来的，小朋友玩得很开心，推荐！
2024-02-13,4,positive,冰酒吧体验独特，零下30度喝热饮很特别。
2024-02-13,1,negative,停车费贵得离谱，而且不好找车位。
2024-02-13,3,neutral,总体还行，就是排队太久了。
2024-02-13,5,positive,服务态度很好，园区管理有序。
2024-02-13,3,neutral,人太多了，建议工作日去。
2024-02-13,4,positive,虽然冷但值得，哈尔滨的冬天名不虚传。
2024-02-13,4,positive,大滑梯超刺激，排队时间也在可接受范围内。
2024-02-13,3,neutral,冰雕很美，但是餐厅价格偏高。
2024-02-13,5,positive,虽然人多但是氛围感很棒，冰雪的快乐。
2024-02-13,3,neutral,中规中矩的一次体验，和预期差不多。
2024-02-13,4,positive,冰滑梯排队虽久但值得，尖叫声不断。
2024-02-13,3,neutral,白天看一般，晚上亮灯后效果才好。
2024-02-13,2,negative,地上太滑了，差点摔倒好几次。
2024-02-13,5,positive,今年冰雕规模比去年更大了，很壮观。
2024-02-13,4,positive,冰上龙舟很有创意，适合全家一起玩。
2024-02-13,5,positive,大滑梯超刺激，排队时间也在可接受范围内。
2024-02-13,3,neutral,园区很大，走得腿都酸了，建议多设休息点。
2024-02-13,4,positive,带孩子来的，小朋友玩得很开心，推荐！
2024-02-13,2,negative,人挤人，根本没心情看冰雕。
2024-02-13,2,negative,餐饮又贵又难吃，建议自带食物。
2024-02-13,5,positive,主办方今年安排得很用心，动线合理不绕路。
2024-02-13,1,negative,停车费贵得离谱，而且不好找车位。
2024-02-13,1,negative,太冷了，园区取暖设施不够。
2024-02-13,5,positive,夜场的冰灯特别漂亮，像童话世界一样。
2024-02-13,3,neutral,票价有点贵，不过冰雕确实不错。
2024-02-13,4,positive,夜场的冰灯特别漂亮，像童话世界一样。
2024-02-13,3,neutral,停车场离入口有点远，走了好久。
2024-02-13,2,negative,冰雕有些已经开始融化，维护不及时。
2024-02-13,4,positive,今年冰雕规模比去年更大了，很壮观。
2024-02-13,2,negative,工作人员态度不好，问路都不理。
2024-02-13,2,negative,太冷了，园区取暖设施不够。
2024-02-13,3,neutral,中规中矩的一次体验，和预期差不多。
2024-02-13,5,positive,主办方今年安排得很用心，动线合理不绕路。
2024-02-13,4,positive,虽然冷但值得，哈尔滨的冬天名不虚传。
2024-02-13,2,negative,冰雕有些已经开始融化，维护不及时。
2024-02-13,5,positive,大滑梯超刺激，排队时间也在可接受范围内。
2024-02-13,3,neutral,停车场离入口有点远，走了好久。
2024-02-13,5,positive,大滑梯超刺激，排队时间也在可接受范围内。
2024-02-13,5,positive,虽然人多但是氛围感很棒，冰雪的快乐。
2024-02-13,5,positive,带孩子来的，小朋友玩得很开心，推荐！
2024-02-13,3,neutral,票价有点贵，不过冰雕确实不错。
2024-02-13,3,neutral,人太多了，建议工作日去。
2024-02-13,2,negative,门票太贵了，性价比低。
2024-02-13,3,neutral,总体还行，就是排队太久了。
2024-02-13,2,negative,人挤人，根本没心情看冰雕。
2024-02-13,5,positive,虽然人多但是氛围感很棒，冰雪的快乐。
2024-02-14,1,negative,地上太滑了，差点摔倒好几次。
2024-02-14,2,negative,餐饮又贵又难吃，建议自带食物。
2024-02-14,1,negative,太冷了，园区取暖设施不够。
2024-02-14,1,negative,人挤人，根本没心情看冰雕。
2024-02-14,4,positive,今年冰雕规模比去年更大了，很壮观。
2024-02-14,2,negative,工作人员态度不好，问路都不理。
2024-02-14,5,positive,极地馆的企鹅太可爱了，拍了好多照片。
2024-02-14,5,positive,太美了！冰雕非常震撼，下次还来。
2024-02-14,2,negative,门票太贵了，性价比低。
2024-02-14,1,negative,门票太贵了，性价比低。
2024-02-14,5,positive,虽然人多但是氛围感很棒，冰雪的快乐。
2024-02-14,4,positive,夜场的冰灯特别漂亮，像童话世界一样。
2024-02-14,3,neutral,总体还行，就是排队太久了。
2024-02-14,3,neutral,白天看一般，晚上亮灯后效果才好。
2024-02-14,2,negative,冰雕有些已经开始融化，维护不及时。
2024-02-14,5,positive,极地馆的企鹅太可爱了，拍了好多照片。
2024-02-14,3,neutral,园区很大，走得腿都酸了，建议多设休息点。
2024-02-14,3,neutral,票价有点贵，不过冰雕确实不错。
2024-02-14,2,negative,冰雕有些已经开始融化，维护不及时。
2024-02-14,3,neutral,票价有点贵，不过冰雕确实不错。
2024-02-14,4,positive,主办方今年安排得很用心，动线合理不绕路。
2024-02-14,4,positive,主办方今年安排得很用心，动线合理不绕路。
2024-02-14,3,neutral,人太多了，建议工作日去。
2024-02-14,5,positive,带孩子来的，小朋友玩得很开心，推荐！
2024-02-14,3,neutral,总体还行，就是排队太久了。
2024-02-14,4,positive,太美了！冰雕非常震撼，下次还来。
2024-02-14,5,positive,虽然人多但是氛围感很棒，冰雪的快乐。
2024-02-14,3,neutral,园区很大，走得腿都酸了，建议多设休息点。
2024-02-14,2,negative,餐饮又贵又难吃，建议自带食物。
2024-02-14,5,positive,虽然冷但值得，哈尔滨的冬天名不虚传。
2024-02-14,3,neutral,白天看一般，晚上亮灯后效果才好。
2024-02-14,1,negative,地上太滑了，差点摔倒好几次。
2024-02-14,5,positive,冰雪大世界的灯光秀太震撼了，音乐配合得绝佳！
2024-02-14,1,negative,太冷了，园区取暖设施不够。
2024-02-14,3,neutral,冰雕很美，但是餐厅价格偏高。
2024-02-14,5,positive,冰滑梯排队虽久但值得，尖叫声不断。
2024-02-14,3,neutral,票价有点贵，不过冰雕确实不错。
2024-02-14,2,negative,排队排了2个小时，体验很差。
2024-02-14,5,positive,带孩子来的，小朋友玩得很开心，推荐！
2024-02-14,3,neutral,园区很大，走得腿都酸了，建议多设休息点。
2024-02-14,1,negative,冰雕有些已经开始融化，维护不及时。
2024-02-14,3,neutral,人太多了，建议工作日去。
2024-02-14,3,neutral,票价有点贵，不过冰雕确实不错。
2024-02-14,2,negative,地上太滑了，差点摔倒好几次。
2024-02-14,3,neutral,票价有点贵，不过冰雕确实不错。
2024-02-14,4,positive,太美了！冰雕非常震撼，下次还来。
2024-02-14,1,negative,冰雕有些已经开始融化，维护不及时。
2024-02-14,5,positive,太美了！冰雕非常震撼，下次还来。
2024-02-14,5,positive,夜场的冰灯特别漂亮，像童话世界一样。
2024-02-14,3,neutral,白天看一般，晚上亮灯后效果才好。
2024-02-14,4,positive,虽然人多但是氛围感很棒，冰雪的快乐。
2024-02-14,3,neutral,白天看一般，晚上亮灯后效果才好。
2024-02-14,1,negative,冰雕有些已经开始融化，维护不及时。
2024-02-14,4,positive,太美了！冰雕非常震撼，下次还来。
2024-02-14,1,negative,工作人员态度不好，问路都不理。
2024-02-14,5,positive,冰雪大世界的灯光秀太震撼了，音乐配合得绝佳！
2024-02-14,3,neutral,白天看一般，晚上亮灯后效果才好。
2024-02-14,2,negative,餐饮又贵又难吃，建议自带食物。
2024-02-14,3,neutral,中规中矩的一次体验，和预期差不多。
2024-02-14,3,neutral,园区很大，走得腿都酸了，建议多设休息点。
2024-02-14,5,positive,冰滑梯排队虽久但值得，尖叫声不断。
2024-02-14,5,positive,夜场的冰灯特别漂亮，像童话世界一样。
2024-02-14,4,positive,大滑梯超刺激，排队时间也在可接受范围内。
2024-02-14,5,positive,大滑梯超刺激，排队时间也在可接受范围内。
2024-02-14,2,negative,冰雕有些已经开始融化，维护不及时。
2024-02-14,5,positive,冰滑梯排队虽久但值得，尖叫声不断。
2024-02-14,2,negative,餐饮又贵又难吃，建议自带食物。
2024-02-14,1,negative,排队排了2个小时，体验很差。
2024-02-14,4,positive,冰酒吧体验独特，零下30度喝热饮很特别。
2024-02-14,3,neutral,园区很大，走得腿都酸了，建议多设休息点。
2024-02-14,3,neutral,冰雕很美，但是餐厅价格偏高。
2024-02-14,4,positive,冰上龙舟很有创意，适合全家一起玩。
2024-02-14,3,neutral,白天看一般，晚上亮灯后效果才好。
2024-02-14,2,negative,卫生间太少了，排队比看冰雕还久。
2024-02-14,4,positive,冰上龙舟很有创意，适合全家一起玩。
2024-02-14,4,positive,太美了！冰雕非常震撼，下次还来。
2024-02-14,3,neutral,票价有点贵，不过冰雕确实不错。
2024-02-14,5,positive,大滑梯超刺激，排队时间也在可接受范围内。
2024-02-14,4,positive,服务态度很好，园区管理有序。
2024-02-14,2,negative,餐饮又贵又难吃，建议自带食物。
2024-02-14,4,positive,服务态度很好，园区管理有序。
2024-02-14,2,negative,人挤人，根本没心情看冰雕。
2024-02-14,5,positive,冰雪大世界的灯光秀太震撼了，音乐配合得绝佳！
2024-02-14,5,positive,冰滑梯排队虽久但值得，尖叫声不断。
2024-02-14,5,positive,主办方今年安排得很用心，动线合理不绕路。
2024-02-14,4,positive,极地馆的企鹅太可爱了，拍了好多照片。
2024-02-14,5,positive,虽然冷但值得，哈尔滨的冬天名不虚传。
2024-02-14,1,negative,卫生间太少了，排队比看冰雕还久。
2024-02-14,3,neutral,总体还行，就是排队太久了。
2024-02-14,4,positive,服务态度很好，园区管理有序。
2024-02-14,3,neutral,中规中矩的一次体验，和预期差不多。
2024-02-14,5,positive,冰上龙舟很有创意，适合全家一起玩。
2024-02-14,5,positive,极地馆的企鹅太可爱了，拍了好多照片。
2024-02-14,2,negative,冰雕有些已经开始融化，维护不及时。
2024-02-14,3,neutral,中规中矩的一次体验，和预期差不多。
2024-02-14,1,negative,停车费贵得离谱，而且不好找车位。
2024-02-14,5,positive,极地馆的企鹅太可爱了，拍了好多照片。
2024-02-14,4,positive,今年冰雕规模比去年更大了，很壮观。
2024-02-14,4,positive,服务态度很好，园区管理有序。
2024-02-14,4,positive,大滑梯超刺激，排队时间也在可接受范围内。
2024-02-14,3,neutral,人太多了，建议工作日去。
2024-02-14,3,neutral,总体还行，就是排队太久了。
2024-02-14,5,positive,今年冰雕规模比去年更大了，很壮观。
2024-02-14,2,negative,停车费贵得离谱，而且不好找车位。
2024-02-14,3,neutral,园区很大，走得腿都酸了，建议多设休息点。
2024-02-14,1,negative,排队排了2个小时，体验很差。
2024-02-14,4,positive,冰滑梯排队虽久但值得，尖叫声不断。
2024-02-15,3,neutral,冰雕很美，但是餐厅价格偏高。
2024-02-15,1,negative,排队排了2个小时，体验很差。
2024-02-15,4,positive,主办方今年安排得很用心，动线合理不绕路。
2024-02-15,3,neutral,停车场离入口有点远，走了好久。
2024-02-15,3,neutral,中规中矩的一次体验，和预期差不多。
2024-02-15,4,positive,主办方今年安排得很用心，动线合理不绕路。
2024-02-15,3,neutral,园区很大，走得腿都酸了，建议多设休息点。
2024-02-15,2,negative,餐饮又贵又难吃，建议自带食物。
2024-02-15,5,positive,带孩子来的，小朋友玩得很开心，推荐！
2024-02-15,2,negative,人挤人，根本没心情看冰雕。
2024-02-15,4,positive,冰雪大世界的灯光秀太震撼了，音乐配合得绝佳！
2024-02-15,4,positive,虽然冷但值得，哈尔滨的冬天名不虚传。
2024-02-15,5,positive,大滑梯超刺激，排队时间也在可接受范围内。
2024-02-15,3,neutral,总体还行，就是排队太久了。
2024-02-15,3,neutral,园区很大，走得腿都酸了，建议多设休息点。
2024-02-15,3,neutral,白天看一般，晚上亮灯后效果才好。
2024-02-15,5,positive,今年冰雕规模比去年更大了，很壮观。
2024-02-15,2,negative,餐饮又贵又难吃，建议自带食物。
2024-02-15,1,negative,餐饮又贵又难吃，建议自带食物。
2024-02-15,4,positive,虽然冷但值得，哈尔滨的冬天名不虚传。
2024-02-15,5,positive,冰酒吧体验独特，零下30度喝热饮很特别。
2024-02-15,1,negative,地上太滑了，差点摔倒好几次。
2024-02-15,3,neutral,中规中矩的一次体验，和预期差不多。
2024-02-15,3,neutral,总体还行，就是排队太久了。
2024-02-15,4,positive,适合拍照打卡，随手一拍都是大片。
2024-02-15,5,positive,适合拍照打卡，随手一拍都是大片。
2024-02-15,4,positive,今年冰雕规模比去年更大了，很壮观。
2024-02-15,5,positive,冰酒吧体验独特，零下30度喝热饮很特别。
2024-02-15,3,neutral,人太多了，建议工作日去。
2024-02-15,3,neutral,园区很大，走得腿都酸了，建议多设休息点。
2024-02-15,3,neutral,停车场离入口有点远，走了好久。
2024-02-15,1,negative,卫生间太少了，排队比看冰雕还久。
2024-02-15,3,neutral,冰雕很美，但是餐厅价格偏高。
2024-02-15,5,positive,夜场的冰灯特别漂亮，像童话世界一样。
2024-02-15,4,positive,冰上龙舟很有创意，适合全家一起玩。
2024-02-15,5,positive,太美了！冰雕非常震撼，下次还来。
2024-02-15,1,negative,太冷了，园区取暖设施不够。
2024-02-15,3,neutral,总体还行，就是排队太久了。
2024-02-15,5,positive,虽然冷但值得，哈尔滨的冬天名不虚传。
2024-02-15,3,neutral,园区很大，走得腿都酸了，建议多设休息点。
2024-02-15,2,negative,排队排了2个小时，体验很差。
2024-02-15,4,positive,极地馆的企鹅太可爱了，拍了好多照片。
2024-02-15,2,negative,冰雕有些已经开始融化，维护不及时。
2024-02-15,4,positive,太美了！冰雕非常震撼，下次还来。
2024-02-15,2,negative,地上太滑了，差点摔倒好几次。
2024-02-15,1,negative,停车费贵得离谱，而且不好找车位。
2024-02-15,3,neutral,园区很大，走得腿都酸了，建议多设休息点。
2024-02-15,2,negative,餐饮又贵又难吃，建议自带食物。
2024-02-15,2,negative,地上太滑了，差点摔倒好几次。
2024-02-15,5,positive,适合拍照打卡，随手一拍都是大片。
2024-02-15,4,positive,夜场的冰灯特别漂亮，像童话世界一样。
2024-02-15,5,positive,冰滑梯排队虽久但值得，尖叫声不断。
2024-02-15,4,positive,主办方今年安排得很用心，动线合理不绕路。
2024-02-15,1,negative,地上太滑了，差点摔倒好几次。
2024-02-15,3,neutral,总体还行，就是排队太久了。
2024-02-15,5,positive,太美了！冰雕非常震撼，下次还来。
2024-02-15,3,neutral,人太多了，建议工作日去。
2024-02-15,3,neutral,人太多了，建议工作日去。
2024-02-15,1,negative,太冷了，园区取暖设施不够。
2024-02-15,5,positive,虽然人多但是氛围感很棒，冰雪的快乐。
2024-02-15,4,positive,极地馆的企鹅太可爱了，拍了好多照片。
2024-02-15,1,negative,地上太滑了，差点摔倒好几次。
2024-02-15,4,positive,带孩子来的，小朋友玩得很开心，推荐！
2024-02-15,2,negative,地上太滑了，差点摔倒好几次。
2024-02-15,3,neutral,白天看一般，晚上亮灯后效果才好。
2024-02-15,5,positive,冰酒吧体验独特，零下30度喝热饮很特别。
2024-02-15,3,neutral,票价有点贵，不过冰雕确实不错。
2024-02-15,4,positive,今年冰雕规模比去年更大了，很壮观。
2024-02-15,3,neutral,冰雕很美，但是餐厅价格偏高。
2024-02-15,3,neutral,中规中矩的一次体验，和预期差不多。
2024-02-15,1,negative,餐饮又贵又难吃，建议自带食物。
2024-02-15,5,positive,夜场的冰灯特别漂亮，像童话世界一样。
2024-02-15,3,neutral,白天看一般，晚上亮灯后效果才好。
2024-02-15,2,negative,冰雕有些已经开始融化，维护不及时。
2024-02-15,4,positive,冰雪大世界的灯光秀太震撼了，音乐配合得绝佳！
2024-02-15,3,neutral,中规中矩的一次体验，和预期差不多。
2024-02-15,1,negative,餐饮又贵又难吃，建议自带食物。
2024-02-15,3,neutral,中规中矩的一次体验，和预期差不多。
2024-02-15,2,negative,人挤人，根本没心情看冰雕。
2024-02-15,3,neutral,人太多了，建议工作日去。
2024-02-15,5,positive,服务态度很好，园区管理有序。
2024-02-15,5,positive,大滑梯超刺激，排队时间也在可接受范围内。
2024-02-15,4,positive,适合拍照打卡，随手一拍都是大片。
2024-02-15,3,neutral,冰雕很美，但是餐厅价格偏高。
2024-02-15,3,neutral,人太多了，建议工作日去。
2024-02-15,3,neutral,人太多了，建议工作日去。
2024-02-15,4,positive,适合拍照打卡，随手一拍都是大片。
2024-02-15,1,negative,排队排了2个小时，体验很差。
2024-02-15,4,positive,适合拍照打卡，随手一拍都是大片。
2024-02-15,3,neutral,白天看一般，晚上亮灯后效果才好。
2024-02-15,3,neutral,总体还行，就是排队太久了。
2024-02-15,3,neutral,人太多了，建议工作日去。
2024-02-15,2,negative,停车费贵得离谱，而且不好找车位。
2024-02-15,5,positive,今年冰雕规模比去年更大了，很壮观。
2024-02-15,4,positive,冰滑梯排队虽久但值得，尖叫声不断。
2024-02-15,5,positive,主办方今年安排得很用心，动线合理不绕路。
2024-02-15,4,positive,冰酒吧体验独特，零下30度喝热饮很特别。
2024-02-15,5,positive,虽然冷但值得，哈尔滨的冬天名不虚传。
2024-02-15,2,negative,停车费贵得离谱，而且不好找车位。
2024-02-15,2,negative,太冷了，园区取暖设施不够。
2024-02-15,1,negative,冰雕有些已经开始融化，维护不及时。
2024-02-15,2,negative,餐饮又贵又难吃，建议自带食物。
2024-02-15,2,negative,地上太滑了，差点摔倒好几次。
2024-02-15,3,neutral,票价有点贵，不过冰雕确实不错。
2024-02-15,3,neutral,园区很大，走得腿都酸了，建议多设休息点。
2024-02-15,2,negative,地上太滑了，差点摔倒好几次。
2024-02-15,4,positive,今年冰雕规模比去年更大了，很壮观。
2024-02-15,4,positive,夜场的冰灯特别漂亮，像童话世界一样。
2024-02-15,4,positive,冰雪大世界的灯光秀太震撼了，音乐配合得绝佳！
2024-02-15,3,neutral,票价有点贵，不过冰雕确实不错。
2024-02-15,3,neutral,中规中矩的一次体验，和预期差不多。
2024-02-15,3,neutral,停车场离入口有点远，走了好久。
2024-02-15,3,neutral,总体还行，就是排队太久了。
2024-02-15,4,positive,大滑梯超刺激，排队时间也在可接受范围内。
2024-02-15,4,positive,虽然冷但值得，哈尔滨的冬天名不虚传。
2024-02-15,3,neutral,园区很大，走得腿都酸了，建议多设休息点。
2024-02-15,4,positive,适合拍照打卡，随手一拍都是大片。
2024-02-15,5,positive,带孩子来的，小朋友玩得很开心，推荐！
2024-02-15,3,neutral,中规中矩的一次体验，和预期差不多。
2024-02-15,2,negative,门票太贵了，性价比低。
2024-02-15,4,positive,主办方今年安排得很用心，动线合理不绕路。
2024-02-15,5,positive,带孩子来的，小朋友玩得很开心，推荐！
2024-02-15,3,neutral,总体还行，就是排队太久了。
2024-02-15,5,positive,太美了！冰雕非常震撼，下次还来。
2024-02-15,3,neutral,白天看一般，晚上亮灯后效果才好。
2024-02-15,3,neutral,停车场离入口有点远，走了好久。
2024-02-15,2,negative,工作人员态度不好，问路都不理。
2024-02-15,3,neutral,人太多了，建议工作日去。
2024-02-15,5,positive,冰滑梯排队虽久但值得，尖叫声不断。
2024-02-15,2,negative,工作人员态度不好，问路都不理。
2024-02-15,5,positive,冰上龙舟很有创意，适合全家一起玩。
2024-02-15,2,negative,工作人员态度不好，问路都不理。
2024-02-15,3,neutral,中规中矩的一次体验，和预期差不多。
2024-02-15,5,positive,极地馆的企鹅太可爱了，拍了好多照片。
2024-02-15,4,positive,服务态度很好，园区管理有序。
2024-02-15,4,positive,带孩子来的，小朋友玩得很开心，推荐！
2024-02-15,1,negative,冰雕有些已经开始融化，维护不及时。
2024-02-15,3,neutral,园区很大，走得腿都酸了，建议多设休息点。
2024-02-15,3,neutral,人太多了，建议工作日去。
2024-02-15,3,neutral,停车场离入口有点远，走了好久。
2024-02-15,5,positive,带孩子来的，小朋友玩得很开心，推荐！
2024-02-15,4,positive,主办方今年安排得很用心，动线合理不绕路。
2024-02-15,2,negative,排队排了2个小时，体验很差。
2024-02-15,5,positive,大滑梯超刺激，排队时间也在可接受范围内。
2024-02-15,3,neutral,总体还行，就是排队太久了。
2024-02-15,3,neutral,中规中矩的一次体验，和预期差不多。
2024-02-15,5,positive,大滑梯超刺激，排队时间也在可接受范围内。
2024-02-15,5,positive,带孩子来的，小朋友玩得很开心，推荐！
2024-02-15,4,positive,带孩子来的，小朋友玩得很开心，推荐！
2024-02-15,4,positive,今年冰雕规模比去年更大了，很壮观。
2024-02-15,5,positive,夜场的冰灯特别漂亮，像童话世界一样。
2024-02-15,5,positive,冰滑梯排队虽久但值得，尖叫声不断。
2024-03-01,4,positive,服务态度很好，园区管理有序。
2024-03-01,3,neutral,人太多了，建议工作日去。
2024-03-01,3,neutral,票价有点贵，不过冰雕确实不错。
2024-03-01,3,neutral,票价有点贵，不过冰雕确实不错。
2024-03-01,4,positive,今年冰雕规模比去年更大了，很壮观。
2024-03-01,1,negative,停车费贵得离谱，而且不好找车位。
2024-03-01,4,positive,冰酒吧体验独特，零下30度喝热饮很特别。
2024-03-01,5,positive,冰滑梯排队虽久但值得，尖叫声不断。
2024-03-01,3,neutral,停车场离入口有点远，走了好久。
2024-03-01,4,positive,适合拍照打卡，随手一拍都是大片。
2024-03-01,3,neutral,总体还行，就是排队太久了。
2024-03-01,3,neutral,白天看一般，晚上亮灯后效果才好。
2024-03-01,3,neutral,人太多了，建议工作日去。
2024-03-01,3,neutral,白天看一般，晚上亮灯后效果才好。
2024-03-01,4,positive,夜场的冰灯特别漂亮，像童话世界一样。
2024-03-01,3,neutral,总体还行，就是排队太久了。
2024-03-01,4,positive,带孩子来的，小朋友玩得很开心，推荐！
2024-03-01,4,positive,今年冰雕规模比去年更大了，很壮观。
2024-03-01,1,negative,人挤人，根本没心情看冰雕。
2024-03-01,3,neutral,园区很大，走得腿都酸了，建议多设休息点。
2024-03-01,1,negative,工作人员态度不好，问路都不理。
2024-03-01,4,positive,适合拍照打卡，随手一拍都是大片。
2024-03-01,4,positive,极地馆的企鹅太可爱了，拍了好多照片。
2024-03-01,3,neutral,冰雕很美，但是餐厅价格偏高。
2024-03-01,4,positive,冰雪大世界的灯光秀太震撼了，音乐配合得绝佳！
2024-03-01,1,negative,门票太贵了，性价比低。
2024-03-01,5,positive,大滑梯超刺激，排队时间也在可接受范围内。
2024-03-01,4,positive,虽然冷但值得，哈尔滨的冬天名不虚传。
2024-03-01,5,positive,带孩子来的，小朋友玩得很开心，推荐！
2024-03-01,4,positive,太美了！冰雕非常震撼，下次还来。
2024-03-01,1,negative,工作人员态度不好，问路都不理。
2024-03-01,3,neutral,停车场离入口有点远，走了好久。
2024-03-01,3,neutral,人太多了，建议工作日去。
2024-03-01,5,positive,太美了！冰雕非常震撼，下次还来。
2024-03-01,4,positive,今年冰雕规模比去年更大了，很壮观。
2024-03-01,3,neutral,总体还行，就是排队太久了。
2024-03-01,5,positive,服务态度很好，园区管理有序。
2024-03-01,4,positive,带孩子来的，小朋友玩得很开心，推荐！
2024-03-02,5,positive,大滑梯超刺激，排队时间也在可接受范围内。
2024-03-02,3,neutral,停车场离入口有点远，走了好久。
2024-03-02,5,positive,虽然冷但值得，哈尔滨的冬天名不虚传。
2024-03-02,3,neutral,票价有点贵，不过冰雕确实不错。
2024-03-02,5,positive,太美了！冰雕非常震撼，下次还来。
2024-03-02,3,neutral,园区很大，走得腿都酸了，建议多设休息点。
2024-03-02,3,neutral,人太多了，建议工作日去。
2024-03-02,4,positive,冰雪大世界的灯光秀太震撼了，音乐配合得绝佳！
2024-03-02,2,negative,门票太贵了，性价比低。
2024-03-02,3,neutral,票价有点贵，不过冰雕确实不错。
2024-03-02,5,positive,冰上龙舟很有创意，适合全家一起玩。
2024-03-02,4,positive,虽然人多但是氛围感很棒，冰雪的快乐。
2024-03-02,4,positive,带孩子来的，小朋友玩得很开心，推荐！
2024-03-02,2,negative,门票太贵了，性价比低。
2024-03-02,1,negative,工作人员态度不好，问路都不理。
2024-03-02,4,positive,冰上龙舟很有创意，适合全家一起玩。
2024-03-02,3,neutral,停车场离入口有点远，走了好久。
2024-03-02,5,positive,冰滑梯排队虽久但值得，尖叫声不断。
2024-03-02,5,positive,冰雪大世界的灯光秀太震撼了，音乐配合得绝佳！
2024-03-02,3,neutral,冰雕很美，但是餐厅价格偏高。
2024-03-02,5,positive,带孩子来的，小朋友玩得很开心，推荐！
2024-03-02,2,negative,卫生间太少了，排队比看冰雕还久。
2024-03-02,5,positive,服务态度很好，园区管理有序。
2024-03-02,4,positive,夜场的冰灯特别漂亮，像童话世界一样。
2024-03-02,5,positive,今年冰雕规模比去年更大了，很壮观。
2024-03-02,4,positive,冰滑梯排队虽久但值得，尖叫声不断。
2024-03-02,5,positive,服务态度很好，园区管理有序。
2024-03-02,5,positive,今年冰雕规模比去年更大了，很壮观。
2024-03-02,5,positive,夜场的冰灯特别漂亮，像童话世界一样。
2024-03-02,4,positive,冰上龙舟很有创意，适合全家一起玩。
2024-03-02,5,positive,太美了！冰雕非常震撼，下次还来。
2024-03-02,3,neutral,冰雕很美，但是餐厅价格偏高。
2024-03-02,1,negative,冰雕有些已经开始融化，维护不及时。
2024-03-02,3,neutral,停车场离入口有点远，走了好久。
2024-03-02,4,positive,大滑梯超刺激，排队时间也在可接受范围内。
2024-03-02,3,neutral,园区很大，走得腿都酸了，建议多设休息点。
2024-03-02,4,positive,虽然人多但是氛围感很棒，冰雪的快乐。
2024-03-02,5,positive,大滑梯超刺激，排队时间也在可接受范围内。
2024-03-02,1,negative,停车费贵得离谱，而且不好找车位。
2024-03-02,4,positive,太美了！冰雕非常震撼，下次还来。
2024-03-02,4,positive,夜场的冰灯特别漂亮，像童话世界一样。
2024-03-02,5,positive,主办方今年安排得很用心，动线合理不绕路。
2024-03-02,5,positive,适合拍照打卡，随手一拍都是大片。
2024-03-02,5,positive,冰雪大世界的灯光秀太震撼了，音乐配合得绝佳！
2024-03-02,5,positive,带孩子来的，小朋友玩得很开心，推荐！
2024-03-02,3,neutral,票价有点贵，不过冰雕确实不错。
2024-03-02,2,negative,地上太滑了，差点摔倒好几次。
2024-03-02,5,positive,主办方今年安排得很用心，动线合理不绕路。
2024-03-02,5,positive,极地馆的企鹅太可爱了，拍了好多照片。
2024-03-02,5,positive,服务态度很好，园区管理有序。
2024-03-02,1,negative,停车费贵得离谱，而且不好找车位。
2024-03-03,4,positive,虽然冷但值得，哈尔滨的冬天名不虚传。
2024-03-03,1,negative,卫生间太少了，排队比看冰雕还久。
2024-03-03,4,positive,太美了！冰雕非常震撼，下次还来。
2024-03-03,4,positive,虽然人多但是氛围感很棒，冰雪的快乐。
2024-03-03,5,positive,服务态度很好，园区管理有序。
2024-03-03,3,neutral,白天看一般，晚上亮灯后效果才好。
2024-03-03,5,positive,极地馆的企鹅太可爱了，拍了好多照片。
2024-03-03,3,neutral,停车场离入口有点远，走了好久。
2024-03-03,3,neutral,园区很大，走得腿都酸了，建议多设休息点。
2024-03-03,3,neutral,停车场离入口有点远，走了好久。
2024-03-03,3,neutral,冰雕很美，但是餐厅价格偏高。
2024-03-03,3,neutral,票价有点贵，不过冰雕确实不错。
2024-03-03,3,neutral,白天看一般，晚上亮灯后效果才好。
2024-03-03,5,positive,冰滑梯排队虽久但值得，尖叫声不断。
2024-03-03,1,negative,排队排了2个小时，体验很差。
2024-03-03,5,positive,极地馆的企鹅太可爱了，拍了好多照片。
2024-03-03,3,neutral,人太多了，建议工作日去。
2024-03-03,3,neutral,票价有点贵，不过冰雕确实不错。
2024-03-03,4,positive,主办方今年安排得很用心，动线合理不绕路。
2024-03-03,3,neutral,停车场离入口有点远，走了好久。
2024-03-03,4,positive,夜场的冰灯特别漂亮，像童话世界一样。
2024-03-03,5,positive,夜场的冰灯特别漂亮，像童话世界一样。
2024-03-03,5,positive,虽然冷但值得，哈尔滨的冬天名不虚传。
2024-03-03,2,negative,人挤人，根本没心情看冰雕。
2024-03-03,5,positive,夜场的冰灯特别漂亮，像童话世界一样。
2024-03-04,5,positive,太美了！冰雕非常震撼，下次还来。
2024-03-04,4,positive,服务态度很好，园区管理有序。
2024-03-04,4,positive,带孩子来的，小朋友玩得很开心，推荐！
2024-03-04,3,neutral,白天看一般，晚上亮灯后效果才好。
2024-03-04,1,negative,人挤人，根本没心情看冰雕。
2024-03-04,3,neutral,人太多了，建议工作日去。
2024-03-04,4,positive,虽然人多但是氛围感很棒，冰雪的快乐。
2024-03-04,3,neutral,冰雕很美，但是餐厅价格偏高。
2024-03-04,5,positive,今年冰雕规模比去年更大了，很壮观。
2024-03-04,4,positive,冰滑梯排队虽久但值得，尖叫声不断。
2024-03-04,5,positive,适合拍照打卡，随手一拍都是大片。
2024-03-04,1,negative,太冷了，园区取暖设施不够。
2024-03-04,3,neutral,票价有点贵，不过冰雕确实不错。
2024-03-04,4,positive,服务态度很好，园区管理有序。
2024-03-04,5,positive,极地馆的企鹅太可爱了，拍了好多照片。
2024-03-04,2,negative,工作人员态度不好，问路都不理。
2024-03-04,1,negative,卫生间太少了，排队比看冰雕还久。
2024-03-04,4,positive,今年冰雕规模比去年更大了，很壮观。
2024-03-04,3,neutral,冰雕很美，但是餐厅价格偏高。
2024-03-04,1,negative,卫生间太少了，排队比看冰雕还久。
2024-03-04,3,neutral,停车场离入口有点远，走了好久。
2024-03-04,3,neutral,总体还行，就是排队太久了。
2024-03-04,3,neutral,白天看一般，晚上亮灯后效果才好。
2024-03-04,4,positive,带孩子来的，小朋友玩得很开心，推荐！
2024-03-04,3,neutral,白天看一般，晚上亮灯后效果才好。
2024-03-04,3,neutral,人太多了，建议工作日去。
2024-03-04,4,positive,夜场的冰灯特别漂亮，像童话世界一样。
2024-03-04,4,positive,冰酒吧体验独特，零下30度喝热饮很特别。
2024-03-04,5,positive,冰酒吧体验独特，零下30度喝热饮很特别。
2024-03-04,3,neutral,票价有点贵，不过冰雕确实不错。
2024-03-04,1,negative,太冷了，园区取暖设施不够。
2024-03-04,1,negative,停车费贵得离谱，而且不好找车位。
2024-03-04,1,negative,太冷了，园区取暖设施不够。
2024-03-04,5,positive,主办方今年安排得很用心，动线合理不绕路。
2024-03-04,3,neutral,冰雕很美，但是餐厅价格偏高。
2024-03-04,1,negative,卫生间太少了，排队比看冰雕还久。
2024-03-04,5,positive,冰滑梯排队虽久但值得，尖叫声不断。
2024-03-04,5,positive,今年冰雕规模比去年更大了，很壮观。
2024-03-04,1,negative,工作人员态度不好，问路都不理。
2024-03-04,2,negative,门票太贵了，性价比低。
2024-03-04,3,neutral,白天看一般，晚上亮灯后效果才好。
2024-03-04,3,neutral,停车场离入口有点远，走了好久。
2024-03-04,2,negative,停车费贵得离谱，而且不好找车位。
2024-03-04,3,neutral,停车场离入口有点远，走了好久。
2024-03-04,5,positive,太美了！冰雕非常震撼，下次还来。
2024-03-05,1,negative,餐饮又贵又难吃，建议自带食物。
2024-03-05,4,positive,大滑梯超刺激，排队时间也在可接受范围内。
2024-03-05,4,positive,服务态度很好，园区管理有序。
2024-03-05,5,positive,夜场的冰灯特别漂亮，像童话世界一样。
2024-03-05,3,neutral,白天看一般，晚上亮灯后效果才好。
2024-03-05,5,positive,太美了！冰雕非常震撼，下次还来。
2024-03-05,5,positive,服务态度很好，园区管理有序。
2024-03-05,5,positive,冰滑梯排队虽久但值得，尖叫声不断。
2024-03-05,1,negative,地上太滑了，差点摔倒好几次。
2024-03-05,5,positive,适合拍照打卡，随手一拍都是大片。
2024-03-05,5,positive,虽然冷但值得，哈尔滨的冬天名不虚传。
2024-03-05,2,negative,排队排了2个小时，体验很差。
2024-03-05,4,positive,适合拍照打卡，随手一拍都是大片。
2024-03-05,3,neutral,停车场离入口有点远，走了好久。
2024-03-05,3,neutral,冰雕很美，但是餐厅价格偏高。
2024-03-05,3,neutral,中规中矩的一次体验，和预期差不多。
2024-03-05,1,negative,排队排了2个小时，体验很差。
2024-03-05,1,negative,地上太滑了，差点摔倒好几次。
2024-03-05,2,negative,门票太贵了，性价比低。
2024-03-05,1,negative,门票太贵了，性价比低。
2024-03-05,5,positive,大滑梯超刺激，排队时间也在可接受范围内。
2024-03-05,4,positive,虽然人多但是氛围感很棒，冰雪的快乐。
2024-03-05,3,neutral,停车场离入口有点远，走了好久。
2024-03-05,4,positive,虽然人多但是氛围感很棒，冰雪的快乐。
2024-03-05,3,neutral,票价有点贵，不过冰雕确实不错。
2024-03-05,3,neutral,园区很大，走得腿都酸了，建议多设休息点。
2024-03-05,3,neutral,人太多了，建议工作日去。
2024-03-05,3,neutral,冰雕很美，但是餐厅价格偏高。
2024-03-05,3,neutral,停车场离入口有点远，走了好久。
2024-03-05,3,neutral,中规中矩的一次体验，和预期差不多。
2024-03-05,5,positive,大滑梯超刺激，排队时间也在可接受范围内。
2024-03-05,3,neutral,白天看一般，晚上亮灯后效果才好。
2024-03-05,4,positive,冰酒吧体验独特，零下30度喝热饮很特别。
2024-03-05,5,positive,冰雪大世界的灯光秀太震撼了，音乐配合得绝佳！
2024-03-05,5,positive,带孩子来的，小朋友玩得很开心，推荐！
2024-03-05,1,negative,人挤人，根本没心情看冰雕。
2024-03-05,4,positive,冰上龙舟很有创意，适合全家一起玩。
2024-03-05,4,positive,虽然冷但值得，哈尔滨的冬天名不虚传。
2024-03-06,5,positive,冰滑梯排队虽久但值得，尖叫声不断。
2024-03-06,3,neutral,白天看一般，晚上亮灯后效果才好。
2024-03-06,5,positive,适合拍照打卡，随手一拍都是大片。
2024-03-06,5,positive,冰上龙舟很有创意，适合全家一起玩。
2024-03-06,5,positive,主办方今年安排得很用心，动线合理不绕路。
2024-03-06,5,positive,极地馆的企鹅太可爱了，拍了好多照片。
2024-03-06,5,positive,虽然人多但是氛围感很棒，冰雪的快乐。
2024-03-06,3,neutral,中规中矩的一次体验，和预期差不多。
2024-03-06,4,positive,虽然人多但是氛围感很棒，冰雪的快乐。
2024-03-06,5,positive,太美了！冰雕非常震撼，下次还来。
2024-03-06,4,positive,极地馆的企鹅太可爱了，拍了好多照片。
2024-03-06,5,positive,主办方今年安排得很用心，动线合理不绕路。
2024-03-06,3,neutral,人太多了，建议工作日去。
2024-03-06,2,negative,太冷了，园区取暖设施不够。
2024-03-06,3,neutral,冰雕很美，但是餐厅价格偏高。
2024-03-06,4,positive,适合拍照打卡，随手一拍都是大片。
2024-03-06,5,positive,极地馆的企鹅太可爱了，拍了好多照片。
2024-03-06,2,negative,工作人员态度不好，问路都不理。
2024-03-06,5,positive,夜场的冰灯特别漂亮，像童话世界一样。
2024-03-06,1,negative,卫生间太少了，排队比看冰雕还久。
2024-03-06,5,positive,冰滑梯排队虽久但值得，尖叫声不断。
2024-03-06,2,negative,停车费贵得离谱，而且不好找车位。
2024-03-06,3,neutral,总体还行，就是排队太久了。
2024-03-06,4,positive,夜场的冰灯特别漂亮，像童话世界一样。
2024-03-06,3,neutral,园区很大，走得腿都酸了，建议多设休息点。
2024-03-06,5,positive,冰滑梯排队虽久但值得，尖叫声不断。
2024-03-06,3,neutral,园区很大，走得腿都酸了，建议多设休息点。
2024-03-06,3,neutral,总体还行，就是排队太久了。
2024-03-07,3,neutral,园区很大，走得腿都酸了，建议多设休息点。
2024-03-07,1,negative,排队排了2个小时，体验很差。
2024-03-07,4,positive,冰上龙舟很有创意，适合全家一起玩。
2024-03-07,3,neutral,总体还行，就是排队太久了。
2024-03-07,5,positive,冰滑梯排队虽久但值得，尖叫声不断。
2024-03-07,3,neutral,中规中矩的一次体验，和预期差不多。
2024-03-07,4,positive,适合拍照打卡，随手一拍都是大片。
2024-03-07,3,neutral,园区很大，走得腿都酸了，建议多设休息点。
2024-03-07,3,neutral,冰雕很美，但是餐厅价格偏高。
2024-03-07,5,positive,今年冰雕规模比去年更大了，很壮观。
2024-03-07,5,positive,虽然人多但是氛围感很棒，冰雪的快乐。
2024-03-07,5,positive,冰上龙舟很有创意，适合全家一起玩。
2024-03-07,3,neutral,白天看一般，晚上亮灯后效果才好。
2024-03-07,5,positive,冰雪大世界的灯光秀太震撼了，音乐配合得绝佳！
2024-03-07,4,positive,冰滑梯排队虽久但值得，尖叫声不断。
2024-03-07,4,positive,带孩子来的，小朋友玩得很开心，推荐！
2024-03-07,1,negative,排队排了2个小时，体验很差。
2024-03-07,4,positive,虽然冷但值得，哈尔滨的冬天名不虚传。
2024-03-07,4,positive,今年冰雕规模比去年更大了，很壮观。
2024-03-07,3,neutral,停车场离入口有点远，走了好久。
2024-03-07,4,positive,冰酒吧体验独特，零下30度喝热饮很特别。
2024-03-07,4,positive,冰上龙舟很有创意，适合全家一起玩。
2024-03-07,1,negative,餐饮又贵又难吃，建议自带食物。
2024-03-07,5,positive,虽然人多但是氛围感很棒，冰雪的快乐。
2024-03-07,5,positive,冰上龙舟很有创意，适合全家一起玩。
2024-03-07,2,negative,停车费贵得离谱，而且不好找车位。
2024-03-07,5,positive,极地馆的企鹅太可爱了，拍了好多照片。
2024-03-08,4,positive,今年冰雕规模比去年更大了，很壮观。
2024-03-08,2,negative,地上太滑了，差点摔倒好几次。
2024-03-08,4,positive,夜场的冰灯特别漂亮，像童话世界一样。
2024-03-08,4,positive,虽然人多但是氛围感很棒，冰雪的快乐。
2024-03-08,5,positive,冰滑梯排队虽久但值得，尖叫声不断。
2024-03-08,4,positive,大滑梯超刺激，排队时间也在可接受范围内。
2024-03-08,5,positive,适合拍照打卡，随手一拍都是大片。
2024-03-08,4,positive,虽然人多但是氛围感很棒，冰雪的快乐。
2024-03-08,5,positive,适合拍照打卡，随手一拍都是大片。
2024-03-08,2,negative,太冷了，园区取暖设施不够。
2024-03-08,4,positive,大滑梯超刺激，排队时间也在可接受范围内。
2024-03-08,3,neutral,总体还行，就是排队太久了。
2024-03-08,4,positive,服务态度很好，园区管理有序。
2024-03-08,3,neutral,总体还行，就是排队太久了。
2024-03-08,5,positive,夜场的冰灯特别漂亮，像童话世界一样。
2024-03-08,5,positive,虽然人多但是氛围感很棒，冰雪的快乐。
2024-03-08,4,positive,冰酒吧体验独特，零下30度喝热饮很特别。
2024-03-08,4,positive,主办方今年安排得很用心，动线合理不绕路。
2024-03-08,2,negative,人挤人，根本没心情看冰雕。
2024-03-08,2,negative,人挤人，根本没心情看冰雕。
2024-03-08,3,neutral,园区很大，走得腿都酸了，建议多设休息点。
2024-03-08,3,neutral,园区很大，走得腿都酸了，建议多设休息点。
2024-03-08,4,positive,大滑梯超刺激，排队时间也在可接受范围内。
2024-03-08,4,positive,冰雪大世界的灯光秀太震撼了，音乐配合得绝佳！
2024-03-08,4,positive,服务态度很好，园区管理有序。
2024-03-08,3,neutral,总体还行，就是排队太久了。
2024-03-08,1,negative,排队排了2个小时，体验很差。
2024-03-08,4,positive,冰上龙舟很有创意，适合全家一起玩。
2024-03-08,2,negative,餐饮又贵又难吃，建议自带食物。
2024-03-08,3,neutral,人太多了，建议工作日去。
2024-03-08,4,positive,冰酒吧体验独特，零下30度喝热饮很特别。
2024-03-08,4,positive,主办方今年安排得很用心，动线合理不绕路。
2024-03-08,4,positive,太美了！冰雕非常震撼，下次还来。
2024-03-09,5,positive,虽然冷但值得，哈尔滨的冬天名不虚传。
2024-03-09,3,neutral,冰雕很美，但是餐厅价格偏高。
2024-03-09,5,positive,冰酒吧体验独特，零下30度喝热饮很特别。
2024-03-09,2,negative,门票太贵了，性价比低。
2024-03-09,5,positive,适合拍照打卡，随手一拍都是大片。
2024-03-09,3,neutral,冰雕很美，但是餐厅价格偏高。
2024-03-09,3,neutral,白天看一般，晚上亮灯后效果才好。
2024-03-09,5,positive,冰滑梯排队虽久但值得，尖叫声不断。
2024-03-09,4,positive,服务态度很好，园区管理有序。
2024-03-09,5,positive,虽然人多但是氛围感很棒，冰雪的快乐。
2024-03-09,5,positive,今年冰雕规模比去年更大了，很壮观。
2024-03-09,4,positive,冰上龙舟很有创意，适合全家一起玩。
2024-03-09,5,positive,大滑梯超刺激，排队时间也在可接受范围内。
2024-03-09,5,positive,虽然冷但值得，哈尔滨的冬天名不虚传。
2024-03-09,2,negative,冰雕有些已经开始融化，维护不及时。
2024-03-09,5,positive,大滑梯超刺激，排队时间也在可接受范围内。
2024-03-09,3,neutral,白天看一般，晚上亮灯后效果才好。
2024-03-09,4,positive,冰酒吧体验独特，零下30度喝热饮很特别。
2024-03-09,4,positive,带孩子来的，小朋友玩得很开心，推荐！
2024-03-09,1,negative,排队排了2个小时，体验很差。
2024-03-09,5,positive,极地馆的企鹅太可爱了，拍了好多照片。
2024-03-09,5,positive,冰雪大世界的灯光秀太震撼了，音乐配合得绝佳！
2024-03-09,1,negative,地上太滑了，差点摔倒好几次。
2024-03-09,3,neutral,冰雕很美，但是餐厅价格偏高。
2024-03-09,5,positive,大滑梯超刺激，排队时间也在可接受范围内。
2024-03-09,3,neutral,票价有点贵，不过冰雕确实不错。
2024-03-09,3,neutral,停车场离入口有点远，走了好久。
2024-03-09,3,neutral,票价有点贵，不过冰雕确实不错。
2024-03-09,2,negative,地上太滑了，差点摔倒好几次。
2024-03-09,5,positive,大滑梯超刺激，排队时间也在可接受范围内。
2024-03-09,3,neutral,中规中矩的一次体验，和预期差不多。
2024-03-09,3,neutral,冰雕很美，但是餐厅价格偏高。
2024-03-09,3,neutral,冰雕很美，但是餐厅价格偏高。
2024-03-09,5,positive,冰雪大世界的灯光秀太震撼了，音乐配合得绝佳！
2024-03-09,5,positive,适合拍照打卡，随手一拍都是大片。
2024-03-09,4,positive,冰滑梯排队虽久但值得，尖叫声不断。
2024-03-09,4,positive,冰雪大世界的灯光秀太震撼了，音乐配合得绝佳！
2024-03-09,3,neutral,冰雕很美，但是餐厅价格偏高。
2024-03-09,3,neutral,园区很大，走得腿都酸了，建议多设休息点。
2024-03-09,5,positive,夜场的冰灯特别漂亮，像童话世界一样。
2024-03-09,5,positive,极地馆的企鹅太可爱了，拍了好多照片。
2024-03-09,3,neutral,园区很大，走得腿都酸了，建议多设休息点。
2024-03-09,5,positive,冰滑梯排队虽久但值得，尖叫声不断。
2024-03-09,5,positive,太美了！冰雕非常震撼，下次还来。
2024-03-09,5,positive,主办方今年安排得很用心，动线合理不绕路。
2024-03-09,3,neutral,白天看一般，晚上亮灯后效果才好。
2024-03-09,4,positive,冰雪大世界的灯光秀太震撼了，音乐配合得绝佳！
2024-03-09,3,neutral,中规中矩的一次体验，和预期差不多。
2024-03-09,1,negative,餐饮又贵又难吃，建议自带食物。
2024-03-09,3,neutral,总体还行，就是排队太久了。
2024-03-09,5,positive,冰雪大世界的灯光秀太震撼了，音乐配合得绝佳！
2024-03-09,4,positive,冰上龙舟很有创意，适合全家一起玩。
2024-03-09,5,positive,大滑梯超刺激，排队时间也在可接受范围内。
2024-03-10,3,neutral,冰雕很美，但是餐厅价格偏高。
2024-03-10,4,positive,冰滑梯排队虽久但值得，尖叫声不断。
2024-03-10,3,neutral,白天看一般，晚上亮灯后效果才好。
2024-03-10,5,positive,服务态度很好，园区管理有序。
2024-03-10,2,negative,工作人员态度不好，问路都不理。
2024-03-10,3,neutral,总体还行，就是排队太久了。
2024-03-10,4,positive,冰酒吧体验独特，零下30度喝热饮很特别。
2024-03-10,4,positive,适合拍照打卡，随手一拍都是大片。
2024-03-10,4,positive,冰酒吧体验独特，零下30度喝热饮很特别。
2024-03-10,1,negative,人挤人，根本没心情看冰雕。
2024-03-10,5,positive,今年冰雕规模比去年更大了，很壮观。
2024-03-10,4,positive,适合拍照打卡，随手一拍都是大片。
2024-03-10,5,positive,适合拍照打卡，随手一拍都是大片。
2024-03-10,5,positive,虽然冷但值得，哈尔滨的冬天名不虚传。
2024-03-10,5,positive,冰雪大世界的灯光秀太震撼了，音乐配合得绝佳！
2024-03-10,5,positive,极地馆的企鹅太可爱了，拍了好多照片。
2024-03-10,4,positive,冰雪大世界的灯光秀太震撼了，音乐配合得绝佳！
2024-03-10,3,neutral,停车场离入口有点远，走了好久。
2024-03-10,5,positive,冰滑梯排队虽久但值得，尖叫声不断。
2024-03-10,4,positive,冰雪大世界的灯光秀太震撼了，音乐配合得绝佳！
2024-03-10,4,positive,今年冰雕规模比去年更大了，很壮观。
2024-03-10,1,negative,卫生间太少了，排队比看冰雕还久。
2024-03-10,4,positive,大滑梯超刺激，排队时间也在可接受范围内。
2024-03-10,2,negative,餐饮又贵又难吃，建议自带食物。
2024-03-10,3,neutral,人太多了，建议工作日去。
2024-03-10,3,neutral,冰雕很美，但是餐厅价格偏高。
2024-03-10,5,positive,带孩子来的，小朋友玩得很开心，推荐！
2024-03-10,4,positive,冰上龙舟很有创意，适合全家一起玩。
2024-03-10,3,neutral,人太多了，建议工作日去。
2024-03-10,5,positive,适合拍照打卡，随手一拍都是大片。
2024-03-10,2,negative,门票太贵了，性价比低。
2024-03-11,5,positive,适合拍照打卡，随手一拍都是大片。
2024-03-11,5,positive,主办方今年安排得很用心，动线合理不绕路。
2024-03-11,2,negative,卫生间太少了，排队比看冰雕还久。
2024-03-11,4,positive,主办方今年安排得很用心，动线合理不绕路。
2024-03-11,4,positive,冰滑梯排队虽久但值得，尖叫声不断。
2024-03-11,1,negative,餐饮又贵又难吃，建议自带食物。
2024-03-11,4,positive,冰雪大世界的灯光秀太震撼了，音乐配合得绝佳！
2024-03-11,5,positive,冰滑梯排队虽久但值得，尖叫声不断。
2024-03-11,3,neutral,中规中矩的一次体验，和预期差不多。
2024-03-11,3,neutral,票价有点贵，不过冰雕确实不错。
2024-03-11,3,neutral,园区很大，走得腿都酸了，建议多设休息点。
2024-03-11,3,neutral,中规中矩的一次体验，和预期差不多。
2024-03-11,3,neutral,园区很大，走得腿都酸了，建议多设休息点。
2024-03-11,4,positive,适合拍照打卡，随手一拍都是大片。
2024-03-11,3,neutral,冰雕很美，但是餐厅价格偏高。
2024-03-11,5,positive,服务态度很好，园区管理有序。
2024-03-11,4,positive,主办方今年安排得很用心，动线合理不绕路。
2024-03-11,5,positive,冰滑梯排队虽久但值得，尖叫声不断。
2024-03-11,5,positive,今年冰雕规模比去年更大了，很壮观。
2024-03-11,3,neutral,中规中矩的一次体验，和预期差不多。
2024-03-11,4,positive,大滑梯超刺激，排队时间也在可接受范围内。
2024-03-11,3,neutral,冰雕很美，但是餐厅价格偏高。
2024-03-11,3,neutral,停车场离入口有点远，走了好久。
2024-03-11,1,negative,太冷了，园区取暖设施不够。
2024-03-11,5,positive,冰上龙舟很有创意，适合全家一起玩。
2024-03-11,4,positive,太美了！冰雕非常震撼，下次还来。
2024-03-11,5,positive,虽然人多但是氛围感很棒，冰雪的快乐。
2024-03-11,3,neutral,票价有点贵，不过冰雕确实不错。
2024-03-11,5,positive,冰上龙舟很有创意，适合全家一起玩。
2024-03-11,3,neutral,园区很大，走得腿都酸了，建议多设休息点。
2024-03-11,4,positive,极地馆的企鹅太可爱了，拍了好多照片。
2024-03-11,3,neutral,票价有点贵，不过冰雕确实不错。
2024-03-11,5,positive,虽然人多但是氛围感很棒，冰雪的快乐。
2024-03-11,3,neutral,白天看一般，晚上亮灯后效果才好。
2024-03-12,3,neutral,冰雕很美，但是餐厅价格偏高。
2024-03-12,3,neutral,白天看一般，晚上亮灯后效果才好。
2024-03-12,5,positive,太美了！冰雕非常震撼，下次还来。
2024-03-12,5,positive,虽然人多但是氛围感很棒，冰雪的快乐。
2024-03-12,5,positive,虽然人多但是氛围感很棒，冰雪的快乐。
2024-03-12,1,negative,餐饮又贵又难吃，建议自带食物。
2024-03-12,5,positive,夜场的冰灯特别漂亮，像童话世界一样。
2024-03-12,5,positive,虽然冷但值得，哈尔滨的冬天名不虚传。
2024-03-12,5,positive,今年冰雕规模比去年更大了，很壮观。
2024-03-12,3,neutral,白天看一般，晚上亮灯后效果才好。
2024-03-12,5,positive,冰酒吧体验独特，零下30度喝热饮很特别。
2024-03-12,3,neutral,停车场离入口有点远，走了好久。
2024-03-12,4,positive,夜场的冰灯特别漂亮，像童话世界一样。
2024-03-12,4,positive,今年冰雕规模比去年更大了，很壮观。
2024-03-12,5,positive,虽然人多但是氛围感很棒，冰雪的快乐。
2024-03-12,4,positive,适合拍照打卡，随手一拍都是大片。
2024-03-12,4,positive,夜场的冰灯特别漂亮，像童话世界一样。
2024-03-12,3,neutral,票价有点贵，不过冰雕确实不错。
2024-03-12,5,positive,冰上龙舟很有创意，适合全家一起玩。
2024-03-12,3,neutral,中规中矩的一次体验，和预期差不多。
2024-03-12,5,positive,冰雪大世界的灯光秀太震撼了，音乐配合得绝佳！
2024-03-12,1,negative,餐饮又贵又难吃，建议自带食物。
2024-03-12,4,positive,今年冰雕规模比去年更大了，很壮观。
2024-03-12,2,negative,排队排了2个小时，体验很差。
2024-03-12,3,neutral,总体还行，就是排队太久了。
2024-03-12,4,positive,冰上龙舟很有创意，适合全家一起玩。
2024-03-12,4,positive,大滑梯超刺激，排队时间也在可接受范围内。
2024-03-12,5,positive,虽然冷但值得，哈尔滨的冬天名不虚传。
2024-03-12,5,positive,主办方今年安排得很用心，动线合理不绕路。
2024-03-12,4,positive,主办方今年安排得很用心，动线合理不绕路。
2024-03-12,5,positive,夜场的冰灯特别漂亮，像童话世界一样。
2024-03-12,5,positive,冰酒吧体验独特，零下30度喝热饮很特别。
2024-03-12,5,positive,主办方今年安排得很用心，动线合理不绕路。
2024-03-12,3,neutral,人太多了，建议工作日去。
2024-03-12,2,negative,冰雕有些已经开始融化，维护不及时。
2024-03-12,5,positive,主办方今年安排得很用心，动线合理不绕路。
2024-03-12,4,positive,主办方今年安排得很用心，动线合理不绕路。
2024-03-12,5,positive,主办方今年安排得很用心，动线合理不绕路。
2024-03-12,5,positive,带孩子来的，小朋友玩得很开心，推荐！
2024-03-12,5,positive,夜场的冰灯特别漂亮，像童话世界一样。
2024-03-13,3,neutral,白天看一般，晚上亮灯后效果才好。
2024-03-13,5,positive,冰雪大世界的灯光秀太震撼了，音乐配合得绝佳！
2024-03-13,5,positive,服务态度很好，园区管理有序。
2024-03-13,1,negative,工作人员态度不好，问路都不理。
2024-03-13,5,positive,服务态度很好，园区管理有序。
2024-03-13,5,positive,冰上龙舟很有创意，适合全家一起玩。
2024-03-13,3,neutral,白天看一般，晚上亮灯后效果才好。
2024-03-13,3,neutral,总体还行，就是排队太久了。
2024-03-13,5,positive,太美了！冰雕非常震撼，下次还来。
2024-03-13,4,positive,极地馆的企鹅太可爱了，拍了好多照片。
2024-03-13,1,negative,人挤人，根本没心情看冰雕。
2024-03-13,4,positive,适合拍照打卡，随手一拍都是大片。
2024-03-13,4,positive,今年冰雕规模比去年更大了，很壮观。
2024-03-13,3,neutral,总体还行，就是排队太久了。
2024-03-13,3,neutral,中规中矩的一次体验，和预期差不多。
2024-03-13,3,neutral,园区很大，走得腿都酸了，建议多设休息点。
2024-03-13,5,positive,太美了！冰雕非常震撼，下次还来。
2024-03-13,5,positive,冰雪大世界的灯光秀太震撼了，音乐配合得绝佳！
2024-03-13,5,positive,太美了！冰雕非常震撼，下次还来。
2024-03-13,3,neutral,园区很大，走得腿都酸了，建议多设休息点。
2024-03-13,3,neutral,园区很大，走得腿都酸了，建议多设休息点。
2024-03-13,5,positive,适合拍照打卡，随手一拍都是大片。
2024-03-13,5,positive,冰滑梯排队虽久但值得，尖叫声不断。
2024-03-13,3,neutral,中规中矩的一次体验，和预期差不多。
2024-03-14,5,positive,大滑梯超刺激，排队时间也在可接受范围内。
2024-03-14,1,negative,餐饮又贵又难吃，建议自带食物。
2024-03-14,5,positive,带孩子来的，小朋友玩得很开心，推荐！
2024-03-14,3,neutral,白天看一般，晚上亮灯后效果才好。
2024-03-14,5,positive,极地馆的企鹅太可爱了，拍了好多照片。
2024-03-14,5,positive,冰酒吧体验独特，零下30度喝热饮很特别。
2024-03-14,4,positive,大滑梯超刺激，排队时间也在可接受范围内。
2024-03-14,3,neutral,人太多了，建议工作日去。
2024-03-14,2,negative,太冷了，园区取暖设施不够。
2024-03-14,5,positive,虽然人多但是氛围感很棒，冰雪的快乐。
2024-03-14,3,neutral,总体还行，就是排队太久了。
2024-03-14,5,positive,大滑梯超刺激，排队时间也在可接受范围内。
2024-03-14,4,positive,大滑梯超刺激，排队时间也在可接受范围内。
2024-03-14,4,positive,冰上龙舟很有创意，适合全家一起玩。
2024-03-14,3,neutral,中规中矩的一次体验，和预期差不多。
2024-03-14,3,neutral,白天看一般，晚上亮灯后效果才好。
2024-03-14,5,positive,冰滑梯排队虽久但值得，尖叫声不断。
2024-03-14,5,positive,冰雪大世界的灯光秀太震撼了，音乐配合得绝佳！
2024-03-14,5,positive,夜场的冰灯特别漂亮，像童话世界一样。
2024-03-14,3,neutral,中规中矩的一次体验，和预期差不多。
2024-03-14,3,neutral,停车场离入口有点远，走了好久。
2024-03-14,5,positive,今年冰雕规模比去年更大了，很壮观。
2024-03-14,4,positive,主办方今年安排得很用心，动线合理不绕路。
2024-03-14,3,neutral,园区很大，走得腿都酸了，建议多设休息点。
2024-03-14,3,neutral,人太多了，建议工作日去。
2024-03-15,3,neutral,白天看一般，晚上亮灯后效果才好。
2024-03-15,4,positive,太美了！冰雕非常震撼，下次还来。
2024-03-15,5,positive,虽然冷但值得，哈尔滨的冬天名不虚传。
2024-03-15,2,negative,人挤人，根本没心情看冰雕。
2024-03-15,5,positive,适合拍照打卡，随手一拍都是大片。
2024-03-15,2,negative,餐饮又贵又难吃，建议自带食物。
2024-03-15,5,positive,虽然冷但值得，哈尔滨的冬天名不虚传。
2024-03-15,5,positive,适合拍照打卡，随手一拍都是大片。
2024-03-15,5,positive,太美了！冰雕非常震撼，下次还来。
2024-03-15,3,neutral,人太多了，建议工作日去。
2024-03-15,5,positive,带孩子来的，小朋友玩得很开心，推荐！
2024-03-15,5,positive,今年冰雕规模比去年更大了，很壮观。
2024-03-15,3,neutral,总体还行，就是排队太久了。
2024-03-15,4,positive,服务态度很好，园区管理有序。
2024-03-15,2,negative,门票太贵了，性价比低。
2024-03-15,5,positive,主办方今年安排得很用心，动线合理不绕路。
2024-03-15,4,positive,极地馆的企鹅太可爱了，拍了好多照片。
2024-03-15,4,positive,冰酒吧体验独特，零下30度喝热饮很特别。
2024-03-15,5,positive,太美了！冰雕非常震撼，下次还来。
2024-03-15,2,negative,停车费贵得离谱，而且不好找车位。
2024-03-15,5,positive,太美了！冰雕非常震撼，下次还来。
2024-03-15,5,positive,冰雪大世界的灯光秀太震撼了，音乐配合得绝佳！
2024-03-15,3,neutral,票价有点贵，不过冰雕确实不错。
2024-03-15,5,positive,冰雪大世界的灯光秀太震撼了，音乐配合得绝佳！
2024-03-15,4,positive,虽然人多但是氛围感很棒，冰雪的快乐。
2024-03-15,3,neutral,总体还行，就是排队太久了。
2024-03-15,5,positive,太美了！冰雕非常震撼，下次还来。
2024-03-15,4,positive,适合拍照打卡，随手一拍都是大片。
2024-03-15,3,neutral,票价有点贵，不过冰雕确实不错。
2024-03-15,4,positive,服务态度很好，园区管理有序。
2024-03-15,2,negative,冰雕有些已经开始融化，维护不及时。
2024-03-15,5,positive,服务态度很好，园区管理有序。
2024-03-15,4,positive,带孩子来的，小朋友玩得很开心，推荐！
2024-03-16,3,neutral,冰雕很美，但是餐厅价格偏高。
2024-03-16,3,neutral,停车场离入口有点远，走了好久。
2024-03-16,3,neutral,人太多了，建议工作日去。
2024-03-16,2,negative,人挤人，根本没心情看冰雕。
2024-03-16,5,positive,适合拍照打卡，随手一拍都是大片。
2024-03-16,3,neutral,总体还行，就是排队太久了。
2024-03-16,4,positive,大滑梯超刺激，排队时间也在可接受范围内。
2024-03-16,5,positive,服务态度很好，园区管理有序。
2024-03-16,3,neutral,票价有点贵，不过冰雕确实不错。
2024-03-16,3,neutral,冰雕很美，但是餐厅价格偏高。
2024-03-16,4,positive,冰酒吧体验独特，零下30度喝热饮很特别。
2024-03-16,4,positive,冰酒吧体验独特，零下30度喝热饮很特别。
2024-03-16,5,positive,适合拍照打卡，随手一拍都是大片。
2024-03-16,5,positive,夜场的冰灯特别漂亮，像童话世界一样。
2024-03-16,3,neutral,白天看一般，晚上亮灯后效果才好。
2024-03-16,4,positive,虽然人多但是氛围感很棒，冰雪的快乐。
2024-03-16,2,negative,太冷了，园区取暖设施不够。
2024-03-16,2,negative,卫生间太少了，排队比看冰雕还久。
2024-03-16,5,positive,适合拍照打卡，随手一拍都是大片。
2024-03-16,4,positive,冰酒吧体验独特，零下30度喝热饮很特别。
2024-03-16,3,neutral,票价有点贵，不过冰雕确实不错。
2024-03-16,5,positive,大滑梯超刺激，排队时间也在可接受范围内。
2024-03-16,3,neutral,票价有点贵，不过冰雕确实不错。
2024-03-16,4,positive,主办方今年安排得很用心，动线合理不绕路。
2024-03-16,4,positive,带孩子来的，小朋友玩得很开心，推荐！
2024-03-16,2,negative,冰雕有些已经开始融化，维护不及时。
2024-03-16,3,neutral,园区很大，走得腿都酸了，建议多设休息点。
2024-03-16,5,positive,冰酒吧体验独特，零下30度喝热饮很特别。
2024-03-16,1,negative,人挤人，根本没心情看冰雕。
2024-03-16,5,positive,主办方今年安排得很用心，动线合理不绕路。
2024-03-16,5,positive,大滑梯超刺激，排队时间也在可接受范围内。
2024-03-16,2,negative,卫生间太少了，排队比看冰雕还久。
2024-03-16,5,positive,虽然冷但值得，哈尔滨的冬天名不虚传。
2024-03-16,4,positive,今年冰雕规模比去年更大了，很壮观。
2024-03-17,5,positive,适合拍照打卡，随手一拍都是大片。
2024-03-17,1,negative,工作人员态度不好，问路都不理。
2024-03-17,5,positive,大滑梯超刺激，排队时间也在可接受范围内。
2024-03-17,4,positive,夜场的冰灯特别漂亮，像童话世界一样。
2024-03-17,5,positive,太美了！冰雕非常震撼，下次还来。
2024-03-17,2,negative,卫生间太少了，排队比看冰雕还久。
2024-03-17,5,positive,冰上龙舟很有创意，适合全家一起玩。
2024-03-17,4,positive,冰滑梯排队虽久但值得，尖叫声不断。
2024-03-17,4,positive,虽然冷但值得，哈尔滨的冬天名不虚传。
2024-03-17,5,positive,适合拍照打卡，随手一拍都是大片。
2024-03-17,3,neutral,停车场离入口有点远，走了好久。
2024-03-17,4,positive,今年冰雕规模比去年更大了，很壮观。
2024-03-17,5,positive,虽然冷但值得，哈尔滨的冬天名不虚传。
2024-03-17,3,neutral,总体还行，就是排队太久了。
2024-03-17,3,neutral,总体还行，就是排队太久了。
2024-03-17,4,positive,冰雪大世界的灯光秀太震撼了，音乐配合得绝佳！
2024-03-17,3,neutral,票价有点贵，不过冰雕确实不错。
2024-03-17,5,positive,冰滑梯排队虽久但值得，尖叫声不断。
2024-03-17,5,positive,带孩子来的，小朋友玩得很开心，推荐！
2024-03-17,2,negative,停车费贵得离谱，而且不好找车位。
2024-03-17,1,negative,冰雕有些已经开始融化，维护不及时。
2024-03-17,4,positive,夜场的冰灯特别漂亮，像童话世界一样。
2024-03-17,4,positive,带孩子来的，小朋友玩得很开心，推荐！
2024-03-17,1,negative,卫生间太少了，排队比看冰雕还久。
2024-03-17,4,positive,带孩子来的，小朋友玩得很开心，推荐！
2024-03-17,2,negative,太冷了，园区取暖设施不够。
2024-03-17,5,positive,冰滑梯排队虽久但值得，尖叫声不断。
2024-03-17,5,positive,大滑梯超刺激，排队时间也在可接受范围内。
2024-03-17,4,positive,冰雪大世界的灯光秀太震撼了，音乐配合得绝佳！
2024-03-17,5,positive,虽然冷但值得，哈尔滨的冬天名不虚传。
2024-03-17,4,positive,冰上龙舟很有创意，适合全家一起玩。
2024-03-17,1,negative,门票太贵了，性价比低。
2024-03-17,1,negative,门票太贵了，性价比低。
2024-03-17,3,neutral,停车场离入口有点远，走了好久。
2024-03-17,4,positive,太美了！冰雕非常震撼，下次还来。
2024-03-17,3,neutral,票价有点贵，不过冰雕确实不错。
2024-03-17,3,neutral,人太多了，建议工作日去。
2024-03-17,5,positive,虽然人多但是氛围感很棒，冰雪的快乐。
2024-03-17,4,positive,太美了！冰雕非常震撼，下次还来。
2024-03-17,1,negative,门票太贵了，性价比低。
2024-03-17,5,positive,今年冰雕规模比去年更大了，很壮观。
2024-03-17,3,neutral,中规中矩的一次体验，和预期差不多。
2024-03-17,5,positive,服务态度很好，园区管理有序。
2024-03-17,1,negative,太冷了，园区取暖设施不够。
2024-03-17,5,positive,带孩子来的，小朋友玩得很开心，推荐！
2024-03-17,3,neutral,总体还行，就是排队太久了。
2024-03-17,4,positive,太美了！冰雕非常震撼，下次还来。
2024-03-17,4,positive,虽然人多但是氛围感很棒，冰雪的快乐。
2024-03-17,5,positive,夜场的冰灯特别漂亮，像童话世界一样。
2024-03-17,5,positive,冰雪大世界的灯光秀太震撼了，音乐配合得绝佳！
2024-03-17,3,neutral,人太多了，建议工作日去。
2024-03-17,2,negative,地上太滑了，差点摔倒好几次。
2024-03-17,3,neutral,中规中矩的一次体验，和预期差不多。
2024-03-17,5,positive,冰滑梯排队虽久但值得，尖叫声不断。
2024-03-17,3,neutral,停车场离入口有点远，走了好久。
2024-03-17,1,negative,停车费贵得离谱，而且不好找车位。
2024-03-17,3,neutral,冰雕很美，但是餐厅价格偏高。
2024-03-17,2,negative,太冷了，园区取暖设施不够。
2024-03-17,5,positive,今年冰雕规模比去年更大了，很壮观。
2024-03-17,5,positive,虽然人多但是氛围感很棒，冰雪的快乐。
2024-03-17,3,neutral,中规中矩的一次体验，和预期差不多。
2024-03-17,1,negative,餐饮又贵又难吃，建议自带食物。
2024-03-18,2,negative,太冷了，园区取暖设施不够。
2024-03-18,1,negative,工作人员态度不好，问路都不理。
2024-03-18,3,neutral,白天看一般，晚上亮灯后效果才好。
2024-03-18,5,positive,冰上龙舟很有创意，适合全家一起玩。
2024-03-18,3,neutral,冰雕很美，但是餐厅价格偏高。
2024-03-18,5,positive,虽然人多但是氛围感很棒，冰雪的快乐。
2024-03-18,3,neutral,白天看一般，晚上亮灯后效果才好。
2024-03-18,1,negative,冰雕有些已经开始融化，维护不及时。
2024-03-18,4,positive,主办方今年安排得很用心，动线合理不绕路。
2024-03-18,3,neutral,白天看一般，晚上亮灯后效果才好。
2024-03-18,1,negative,餐饮又贵又难吃，建议自带食物。
2024-03-18,4,positive,带孩子来的，小朋友玩得很开心，推荐！
2024-03-18,1,negative,餐饮又贵又难吃，建议自带食物。
2024-03-18,4,positive,适合拍照打卡，随手一拍都是大片。
2024-03-18,2,negative,排队排了2个小时，体验很差。
2024-03-18,4,positive,虽然人多但是氛围感很棒，冰雪的快乐。
2024-03-18,2,negative,餐饮又贵又难吃，建议自带食物。
2024-03-18,4,positive,带孩子来的，小朋友玩得很开心，推荐！
2024-03-18,3,neutral,白天看一般，晚上亮灯后效果才好。
2024-03-18,5,positive,冰滑梯排队虽久但值得，尖叫声不断。
2024-03-18,5,positive,冰酒吧体验独特，零下30度喝热饮很特别。
2024-03-18,3,neutral,停车场离入口有点远，走了好久。
2024-03-18,3,neutral,停车场离入口有点远，走了好久。
2024-03-18,5,positive,夜场的冰灯特别漂亮，像童话世界一样。
2024-03-18,5,positive,冰酒吧体验独特，零下30度喝热饮很特别。
2024-03-18,3,neutral,白天看一般，晚上亮灯后效果才好。
2024-03-18,4,positive,主办方今年安排得很用心，动线合理不绕路。
2024-03-18,4,positive,今年冰雕规模比去年更大了，很壮观。
2024-03-18,1,negative,停车费贵得离谱，而且不好找车位。
2024-03-18,4,positive,太美了！冰雕非常震撼，下次还来。
2024-03-18,4,positive,虽然人多但是氛围感很棒，冰雪的快乐。
2024-03-18,3,neutral,人太多了，建议工作日去。
2024-03-18,4,positive,冰上龙舟很有创意，适合全家一起玩。
2024-03-18,3,neutral,停车场离入口有点远，走了好久。
2024-03-18,3,neutral,票价有点贵，不过冰雕确实不错。
2024-03-18,4,positive,冰滑梯排队虽久但值得，尖叫声不断。
2024-03-18,2,negative,工作人员态度不好，问路都不理。
2024-03-18,3,neutral,停车场离入口有点远，走了好久。
2024-03-18,5,positive,太美了！冰雕非常震撼，下次还来。
2024-03-18,1,negative,太冷了，园区取暖设施不够。
2024-03-18,4,positive,大滑梯超刺激，排队时间也在可接受范围内。
2024-03-18,5,positive,冰雪大世界的灯光秀太震撼了，音乐配合得绝佳！
2024-03-18,1,negative,地上太滑了，差点摔倒好几次。
2024-03-18,3,neutral,总体还行，就是排队太久了。
2024-03-18,1,negative,卫生间太少了，排队比看冰雕还久。
2024-03-18,4,positive,主办方今年安排得很用心，动线合理不绕路。
2024-03-18,4,positive,适合拍照打卡，随手一拍都是大片。
2024-03-18,5,positive,冰酒吧体验独特，零下30度喝热饮很特别。
2024-03-18,5,positive,适合拍照打卡，随手一拍都是大片。
2024-03-18,5,positive,冰酒吧体验独特，零下30度喝热饮很特别。
2024-03-19,3,neutral,园区很大，走得腿都酸了，建议多设休息点。
2024-03-19,4,positive,冰雪大世界的灯光秀太震撼了，音乐配合得绝佳！
2024-03-19,5,positive,虽然人多但是氛围感很棒，冰雪的快乐。
2024-03-19,5,positive,今年冰雕规模比去年更大了，很壮观。
2024-03-19,4,positive,极地馆的企鹅太可爱了，拍了好多照片。
2024-03-19,5,positive,极地馆的企鹅太可爱了，拍了好多照片。
2024-03-19,5,positive,适合拍照打卡，随手一拍都是大片。
2024-03-19,1,negative,停车费贵得离谱，而且不好找车位。
2024-03-19,4,positive,带孩子来的，小朋友玩得很开心，推荐！
2024-03-19,5,positive,服务态度很好，园区管理有序。
2024-03-19,5,positive,冰雪大世界的灯光秀太震撼了，音乐配合得绝佳！
2024-03-19,3,neutral,园区很大，走得腿都酸了，建议多设休息点。
2024-03-19,5,positive,冰上龙舟很有创意，适合全家一起玩。
2024-03-19,5,positive,今年冰雕规模比去年更大了，很壮观。
2024-03-19,1,negative,工作人员态度不好，问路都不理。
2024-03-19,2,negative,餐饮又贵又难吃，建议自带食物。
2024-03-19,1,negative,卫生间太少了，排队比看冰雕还久。
2024-03-19,4,positive,冰滑梯排队虽久但值得，尖叫声不断。
2024-03-19,5,positive,冰酒吧体验独特，零下30度喝热饮很特别。
2024-03-19,1,negative,排队排了2个小时，体验很差。
2024-03-19,5,positive,太美了！冰雕非常震撼，下次还来。
2024-03-19,3,neutral,人太多了，建议工作日去。
2024-03-19,4,positive,极地馆的企鹅太可爱了，拍了好多照片。
2024-03-19,3,neutral,停车场离入口有点远，走了好久。
2024-03-19,5,positive,虽然人多但是氛围感很棒，冰雪的快乐。
2024-03-19,4,positive,冰上龙舟很有创意，适合全家一起玩。
2024-03-19,3,neutral,人太多了，建议工作日去。
2024-03-19,5,positive,带孩子来的，小朋友玩得很开心，推荐！
2024-03-19,4,positive,主办方今年安排得很用心，动线合理不绕路。
2024-03-19,4,positive,冰上龙舟很有创意，适合全家一起玩。
2024-03-19,5,positive,今年冰雕规模比去年更大了，很壮观。
2024-03-19,5,positive,虽然冷但值得，哈尔滨的冬天名不虚传。
2024-03-19,2,negative,地上太滑了，差点摔倒好几次。
2024-03-19,4,positive,大滑梯超刺激，排队时间也在可接受范围内。
2024-03-19,5,positive,太美了！冰雕非常震撼，下次还来。
2024-03-20,4,positive,极地馆的企鹅太可爱了，拍了好多照片。
2024-03-20,5,positive,虽然冷但值得，哈尔滨的冬天名不虚传。
2024-03-20,5,positive,极地馆的企鹅太可爱了，拍了好多照片。
2024-03-20,5,positive,冰雪大世界的灯光秀太震撼了，音乐配合得绝佳！
2024-03-20,4,positive,服务态度很好，园区管理有序。
2024-03-20,3,neutral,白天看一般，晚上亮灯后效果才好。
2024-03-20,5,positive,虽然人多但是氛围感很棒，冰雪的快乐。
2024-03-20,3,neutral,园区很大，走得腿都酸了，建议多设休息点。
2024-03-20,5,positive,带孩子来的，小朋友玩得很开心，推荐！
2024-03-20,4,positive,冰上龙舟很有创意，适合全家一起玩。
2024-03-20,5,positive,冰上龙舟很有创意，适合全家一起玩。
2024-03-20,4,positive,主办方今年安排得很用心，动线合理不绕路。
2024-03-20,4,positive,冰酒吧体验独特，零下30度喝热饮很特别。
2024-03-20,5,positive,冰上龙舟很有创意，适合全家一起玩。
2024-03-20,4,positive,带孩子来的，小朋友玩得很开心，推荐！
2024-03-20,4,positive,虽然人多但是氛围感很棒，冰雪的快乐。
2024-03-20,5,positive,冰上龙舟很有创意，适合全家一起玩。
2024-03-20,5,positive,冰上龙舟很有创意，适合全家一起玩。
2024-03-20,4,positive,今年冰雕规模比去年更大了，很壮观。
2024-03-20,2,negative,太冷了，园区取暖设施不够。
2024-03-20,3,neutral,停车场离入口有点远，走了好久。
2024-03-20,1,negative,排队排了2个小时，体验很差。
2024-03-20,3,neutral,票价有点贵，不过冰雕确实不错。
2024-03-20,4,positive,服务态度很好，园区管理有序。
2024-03-20,3,neutral,白天看一般，晚上亮灯后效果才好。
2024-03-20,2,negative,排队排了2个小时，体验很差。
2024-03-20,1,negative,卫生间太少了，排队比看冰雕还久。
2024-03-20,4,positive,极地馆的企鹅太可爱了，拍了好多照片。
2024-03-20,4,positive,太美了！冰雕非常震撼，下次还来。
2024-03-20,4,positive,虽然人多但是氛围感很棒，冰雪的快乐。
2024-03-20,3,neutral,票价有点贵，不过冰雕确实不错。
2024-03-20,4,positive,主办方今年安排得很用心，动线合理不绕路。
2024-03-20,5,positive,冰酒吧体验独特，零下30度喝热饮很特别。
2024-03-20,3,neutral,冰雕很美，但是餐厅价格偏高。
2024-03-20,5,positive,冰滑梯排队虽久但值得，尖叫声不断。
2024-03-20,5,positive,极地馆的企鹅太可爱了，拍了好多照片。
2024-03-20,3,neutral,园区很大，走得腿都酸了，建议多设休息点。
2024-03-20,3,neutral,停车场离入口有点远，走了好久。
2024-03-20,4,positive,今年冰雕规模比去年更大了，很壮观。
2024-03-20,5,positive,今年冰雕规模比去年更大了，很壮观。
2024-03-20,2,negative,排队排了2个小时，体验很差。
2024-03-20,5,positive,虽然人多但是氛围感很棒，冰雪的快乐。
2024-03-21,5,positive,虽然冷但值得，哈尔滨的冬天名不虚传。
2024-03-21,4,positive,虽然人多但是氛围感很棒，冰雪的快乐。
2024-03-21,4,positive,冰上龙舟很有创意，适合全家一起玩。
2024-03-21,4,positive,今年冰雕规模比去年更大了，很壮观。
2024-03-21,4,positive,极地馆的企鹅太可爱了，拍了好多照片。
2024-03-21,3,neutral,停车场离入口有点远，走了好久。
2024-03-21,5,positive,适合拍照打卡，随手一拍都是大片。
2024-03-21,3,neutral,中规中矩的一次体验，和预期差不多。
2024-03-21,3,neutral,停车场离入口有点远，走了好久。
2024-03-21,3,neutral,票价有点贵，不过冰雕确实不错。
2024-03-21,3,neutral,票价有点贵，不过冰雕确实不错。
2024-03-21,5,positive,主办方今年安排得很用心，动线合理不绕路。
2024-03-21,5,positive,冰雪大世界的灯光秀太震撼了，音乐配合得绝佳！
2024-03-21,1,negative,人挤人，根本没心情看冰雕。
2024-03-21,4,positive,太美了！冰雕非常震撼，下次还来。
2024-03-21,4,positive,今年冰雕规模比去年更大了，很壮观。
2024-03-21,3,neutral,中规中矩的一次体验，和预期差不多。
2024-03-21,4,positive,虽然人多但是氛围感很棒，冰雪的快乐。
2024-03-21,4,positive,冰雪大世界的灯光秀太震撼了，音乐配合得绝佳！
2024-03-21,3,neutral,冰雕很美，但是餐厅价格偏高。
2024-03-21,3,neutral,中规中矩的一次体验，和预期差不多。
2024-03-21,5,positive,适合拍照打卡，随手一拍都是大片。
2024-03-21,4,positive,带孩子来的，小朋友玩得很开心，推荐！
2024-03-21,4,positive,太美了！冰雕非常震撼，下次还来。
2024-03-21,4,positive,冰滑梯排队虽久但值得，尖叫声不断。
2024-03-22,5,positive,夜场的冰灯特别漂亮，像童话世界一样。
2024-03-22,3,neutral,停车场离入口有点远，走了好久。
2024-03-22,1,negative,餐饮又贵又难吃，建议自带食物。
2024-03-22,4,positive,虽然人多但是氛围感很棒，冰雪的快乐。
2024-03-22,5,positive,适合拍照打卡，随手一拍都是大片。
2024-03-22,4,positive,适合拍照打卡，随手一拍都是大片。
2024-03-22,2,negative,工作人员态度不好，问路都不理。
2024-03-22,1,negative,太冷了，园区取暖设施不够。
2024-03-22,4,positive,大滑梯超刺激，排队时间也在可接受范围内。
2024-03-22,3,neutral,园区很大，走得腿都酸了，建议多设休息点。
2024-03-22,5,positive,虽然冷但值得，哈尔滨的冬天名不虚传。
2024-03-22,4,positive,带孩子来的，小朋友玩得很开心，推荐！
2024-03-22,2,negative,工作人员态度不好，问路都不理。
2024-03-22,5,positive,虽然冷但值得，哈尔滨的冬天名不虚传。
2024-03-22,2,negative,冰雕有些已经开始融化，维护不及时。
2024-03-22,5,positive,虽然人多但是氛围感很棒，冰雪的快乐。
2024-03-22,3,neutral,园区很大，走得腿都酸了，建议多设休息点。
2024-03-22,5,positive,适合拍照打卡，随手一拍都是大片。
2024-03-22,3,neutral,中规中矩的一次体验，和预期差不多。
2024-03-22,1,negative,太冷了，园区取暖设施不够。
2024-03-23,4,positive,主办方今年安排得很用心，动线合理不绕路。
2024-03-23,4,positive,服务态度很好，园区管理有序。
2024-03-23,5,positive,太美了！冰雕非常震撼，下次还来。
2024-03-23,3,neutral,票价有点贵，不过冰雕确实不错。
2024-03-23,3,neutral,停车场离入口有点远，走了好久。
2024-03-23,4,positive,冰上龙舟很有创意，适合全家一起玩。
2024-03-23,5,positive,冰雪大世界的灯光秀太震撼了，音乐配合得绝佳！
2024-03-23,4,positive,冰酒吧体验独特，零下30度喝热饮很特别。
2024-03-23,4,positive,极地馆的企鹅太可爱了，拍了好多照片。
2024-03-23,5,positive,夜场的冰灯特别漂亮，像童话世界一样。
2024-03-23,5,positive,冰上龙舟很有创意，适合全家一起玩。
2024-03-23,5,positive,太美了！冰雕非常震撼，下次还来。
2024-03-23,4,positive,极地馆的企鹅太可爱了，拍了好多照片。
2024-03-23,4,positive,适合拍照打卡，随手一拍都是大片。
2024-03-23,5,positive,太美了！冰雕非常震撼，下次还来。
2024-03-23,5,positive,极地馆的企鹅太可爱了，拍了好多照片。
2024-03-23,5,positive,冰滑梯排队虽久但值得，尖叫声不断。
2024-03-23,5,positive,服务态度很好，园区管理有序。
2024-03-23,3,neutral,停车场离入口有点远，走了好久。
2024-03-23,2,negative,卫生间太少了，排队比看冰雕还久。
2024-03-23,5,positive,主办方今年安排得很用心，动线合理不绕路。
2024-03-23,4,positive,冰滑梯排队虽久但值得，尖叫声不断。
2024-03-23,4,positive,冰滑梯排队虽久但值得，尖叫声不断。
2024-03-23,5,positive,夜场的冰灯特别漂亮，像童话世界一样。
2024-03-23,3,neutral,人太多了，建议工作日去。
2024-03-23,2,negative,餐饮又贵又难吃，建议自带食物。
2024-03-23,3,neutral,票价有点贵，不过冰雕确实不错。
2024-03-23,2,negative,工作人员态度不好，问路都不理。
2024-03-23,3,neutral,中规中矩的一次体验，和预期差不多。
2024-03-24,5,positive,极地馆的企鹅太可爱了，拍了好多照片。
2024-03-24,5,positive,冰滑梯排队虽久但值得，尖叫声不断。
2024-03-24,5,positive,服务态度很好，园区管理有序。
2024-03-24,4,positive,服务态度很好，园区管理有序。
2024-03-24,3,neutral,园区很大，走得腿都酸了，建议多设休息点。
2024-03-24,1,negative,门票太贵了，性价比低。
2024-03-24,4,positive,服务态度很好，园区管理有序。
2024-03-24,3,neutral,中规中矩的一次体验，和预期差不多。
2024-03-24,1,negative,门票太贵了，性价比低。
2024-03-24,4,positive,冰上龙舟很有创意，适合全家一起玩。
2024-03-24,5,positive,主办方今年安排得很用心，动线合理不绕路。
2024-03-24,4,positive,夜场的冰灯特别漂亮，像童话世界一样。
2024-03-24,5,positive,夜场的冰灯特别漂亮，像童话世界一样。
2024-03-24,5,positive,服务态度很好，园区管理有序。
2024-03-24,5,positive,冰酒吧体验独特，零下30度喝热饮很特别。
2024-03-24,4,positive,适合拍照打卡，随手一拍都是大片。
2024-03-24,4,positive,冰滑梯排队虽久但值得，尖叫声不断。
2024-03-24,5,positive,适合拍照打卡，随手一拍都是大片。
2024-03-24,3,neutral,冰雕很美，但是餐厅价格偏高。
2024-03-24,3,neutral,中规中矩的一次体验，和预期差不多。
2024-03-24,2,negative,卫生间太少了，排队比看冰雕还久。
2024-03-24,5,positive,冰雪大世界的灯光秀太震撼了，音乐配合得绝佳！
2024-03-24,5,positive,虽然冷但值得，哈尔滨的冬天名不虚传。
2024-03-24,5,positive,虽然冷但值得，哈尔滨的冬天名不虚传。
2024-03-24,4,positive,虽然冷但值得，哈尔滨的冬天名不虚传。
2024-03-24,4,positive,冰酒吧体验独特，零下30度喝热饮很特别。
2024-03-24,4,positive,适合拍照打卡，随手一拍都是大片。
2024-03-24,3,neutral,冰雕很美，但是餐厅价格偏高。
2024-03-24,5,positive,冰雪大世界的灯光秀太震撼了，音乐配合得绝佳！
2024-03-24,1,negative,地上太滑了，差点摔倒好几次。
2024-03-24,2,negative,餐饮又贵又难吃，建议自带食物。
2024-03-24,1,negative,餐饮又贵又难吃，建议自带食物。
2024-03-24,5,positive,极地馆的企鹅太可爱了，拍了好多照片。
2024-03-24,3,neutral,中规中矩的一次体验，和预期差不多。
2024-03-24,2,negative,太冷了，园区取暖设施不够。
2024-03-24,4,positive,主办方今年安排得很用心，动线合理不绕路。
2024-03-24,4,positive,今年冰雕规模比去年更大了，很壮观。
2024-03-24,4,positive,极地馆的企鹅太可爱了，拍了好多照片。
2024-03-24,4,positive,冰上龙舟很有创意，适合全家一起玩。
2024-03-24,4,positive,冰酒吧体验独特，零下30度喝热饮很特别。
2024-03-24,5,positive,冰酒吧体验独特，零下30度喝热饮很特别。
2024-03-24,2,negative,工作人员态度不好，问路都不理。
2024-03-24,5,positive,冰雪大世界的灯光秀太震撼了，音乐配合得绝佳！
2024-03-24,5,positive,适合拍照打卡，随手一拍都是大片。
2024-03-24,5,positive,冰滑梯排队虽久但值得，尖叫声不断。
2024-03-24,2,negative,卫生间太少了，排队比看冰雕还久。
2024-03-24,4,positive,大滑梯超刺激，排队时间也在可接受范围内。
2024-03-24,4,positive,冰滑梯排队虽久但值得，尖叫声不断。
2024-03-24,4,positive,虽然人多但是氛围感很棒，冰雪的快乐。
2024-03-24,3,neutral,白天看一般，晚上亮灯后效果才好。
2024-03-24,4,positive,主办方今年安排得很用心，动线合理不绕路。
2024-03-24,4,positive,太美了！冰雕非常震撼，下次还来。
2024-03-24,2,negative,卫生间太少了，排队比看冰雕还久。
2024-03-24,3,neutral,票价有点贵，不过冰雕确实不错。
2024-03-24,5,positive,太美了！冰雕非常震撼，下次还来。
2024-03-24,5,positive,服务态度很好，园区管理有序。
2024-03-24,5,positive,夜场的冰灯特别漂亮，像童话世界一样。
2024-03-24,3,neutral,总体还行，就是排队太久了。
2024-03-24,5,positive,冰雪大世界的灯光秀太震撼了，音乐配合得绝佳！
2024-03-24,3,neutral,总体还行，就是排队太久了。
2024-03-24,4,positive,虽然冷但值得，哈尔滨的冬天名不虚传。
2024-03-24,4,positive,大滑梯超刺激，排队时间也在可接受范围内。
2024-03-24,5,positive,主办方今年安排得很用心，动线合理不绕路。
2024-03-24,4,positive,主办方今年安排得很用心，动线合理不绕路。
2024-03-25,3,neutral,人太多了，建议工作日去。
2024-03-25,1,negative,门票太贵了，性价比低。
2024-03-25,5,positive,冰雪大世界的灯光秀太震撼了，音乐配合得绝佳！
2024-03-25,3,neutral,冰雕很美，但是餐厅价格偏高。
2024-03-25,3,neutral,人太多了，建议工作日去。
2024-03-25,3,neutral,总体还行，就是排队太久了。
2024-03-25,4,positive,适合拍照打卡，随手一拍都是大片。
2024-03-25,3,neutral,冰雕很美，但是餐厅价格偏高。
2024-03-25,5,positive,虽然冷但值得，哈尔滨的冬天名不虚传。
2024-03-25,4,positive,主办方今年安排得很用心，动线合理不绕路。
2024-03-25,1,negative,卫生间太少了，排队比看冰雕还久。
2024-03-25,5,positive,太美了！冰雕非常震撼，下次还来。
2024-03-25,4,positive,今年冰雕规模比去年更大了，很壮观。
2024-03-25,5,positive,虽然人多但是氛围感很棒，冰雪的快乐。
2024-03-25,3,neutral,停车场离入口有点远，走了好久。
2024-03-25,3,neutral,票价有点贵，不过冰雕确实不错。
2024-03-25,4,positive,冰酒吧体验独特，零下30度喝热饮很特别。
2024-03-25,5,positive,虽然人多但是氛围感很棒，冰雪的快乐。
2024-03-25,4,positive,冰雪大世界的灯光秀太震撼了，音乐配合得绝佳！
2024-03-25,4,positive,适合拍照打卡，随手一拍都是大片。
2024-03-25,3,neutral,园区很大，走得腿都酸了，建议多设休息点。
2024-03-25,4,positive,适合拍照打卡，随手一拍都是大片。
2024-03-25,4,positive,冰雪大世界的灯光秀太震撼了，音乐配合得绝佳！
2024-03-25,4,positive,极地馆的企鹅太可爱了，拍了好多照片。
2024-03-25,5,positive,服务态度很好，园区管理有序。
2024-03-25,5,positive,虽然冷但值得，哈尔滨的冬天名不虚传。
2024-03-25,3,neutral,冰雕很美，但是餐厅价格偏高。
2024-03-25,5,positive,适合拍照打卡，随手一拍都是大片。
2024-03-25,3,neutral,总体还行，就是排队太久了。
2024-03-25,4,positive,冰滑梯排队虽久但值得，尖叫声不断。
2024-03-25,4,positive,服务态度很好，园区管理有序。
2024-03-25,3,neutral,白天看一般，晚上亮灯后效果才好。
2024-03-25,4,positive,服务态度很好，园区管理有序。
2024-03-25,4,positive,主办方今年安排得很用心，动线合理不绕路。
2024-03-25,5,positive,冰雪大世界的灯光秀太震撼了，音乐配合得绝佳！
2024-03-25,3,neutral,中规中矩的一次体验，和预期差不多。
2024-03-25,3,neutral,总体还行，就是排队太久了。
2024-03-25,1,negative,排队排了2个小时，体验很差。
2024-03-25,3,neutral,冰雕很美，但是餐厅价格偏高。
2024-03-25,3,neutral,园区很大，走得腿都酸了，建议多设休息点。
2024-03-25,3,neutral,停车场离入口有点远，走了好久。
2024-03-26,4,positive,虽然人多但是氛围感很棒，冰雪的快乐。
2024-03-26,5,positive,虽然冷但值得，哈尔滨的冬天名不虚传。
2024-03-26,2,negative,地上太滑了，差点摔倒好几次。
2024-03-26,1,negative,停车费贵得离谱，而且不好找车位。
2024-03-26,2,negative,卫生间太少了，排队比看冰雕还久。
2024-03-26,5,positive,适合拍照打卡，随手一拍都是大片。
2024-03-26,3,neutral,园区很大，走得腿都酸了，建议多设休息点。
2024-03-26,1,negative,人挤人，根本没心情看冰雕。
2024-03-26,5,positive,大滑梯超刺激，排队时间也在可接受范围内。
2024-03-26,4,positive,冰上龙舟很有创意，适合全家一起玩。
2024-03-26,4,positive,夜场的冰灯特别漂亮，像童话世界一样。
2024-03-26,2,negative,太冷了，园区取暖设施不够。
2024-03-26,1,negative,餐饮又贵又难吃，建议自带食物。
2024-03-26,5,positive,夜场的冰灯特别漂亮，像童话世界一样。
2024-03-26,5,positive,适合拍照打卡，随手一拍都是大片。
2024-03-26,1,negative,卫生间太少了，排队比看冰雕还久。
2024-03-26,3,neutral,票价有点贵，不过冰雕确实不错。
2024-03-26,1,negative,工作人员态度不好，问路都不理。
2024-03-26,3,neutral,总体还行，就是排队太久了。
2024-03-26,3,neutral,白天看一般，晚上亮灯后效果才好。
2024-03-26,3,neutral,冰雕很美，但是餐厅价格偏高。
2024-03-26,5,positive,极地馆的企鹅太可爱了，拍了好多照片。
2024-03-26,5,positive,大滑梯超刺激，排队时间也在可接受范围内。
2024-03-26,5,positive,夜场的冰灯特别漂亮，像童话世界一样。
2024-03-26,5,positive,夜场的冰灯特别漂亮，像童话世界一样。
2024-03-26,5,positive,冰酒吧体验独特，零下30度喝热饮很特别。
2024-03-26,5,positive,虽然人多但是氛围感很棒，冰雪的快乐。
2024-03-26,3,neutral,冰雕很美，但是餐厅价格偏高。
2024-03-26,5,positive,太美了！冰雕非常震撼，下次还来。
2024-03-26,4,positive,今年冰雕规模比去年更大了，很壮观。
2024-03-26,5,positive,冰上龙舟很有创意，适合全家一起玩。
2024-03-26,1,negative,餐饮又贵又难吃，建议自带食物。
2024-03-26,3,neutral,总体还行，就是排队太久了。
2024-03-26,5,positive,夜场的冰灯特别漂亮，像童话世界一样。
2024-03-26,3,neutral,中规中矩的一次体验，和预期差不多。
2024-03-26,1,negative,停车费贵得离谱，而且不好找车位。
2024-03-27,3,neutral,总体还行，就是排队太久了。
2024-03-27,3,neutral,冰雕很美，但是餐厅价格偏高。
2024-03-27,5,positive,冰上龙舟很有创意，适合全家一起玩。
2024-03-27,4,positive,主办方今年安排得很用心，动线合理不绕路。
2024-03-27,4,positive,冰酒吧体验独特，零下30度喝热饮很特别。
2024-03-27,3,neutral,中规中矩的一次体验，和预期差不多。
2024-03-27,5,positive,带孩子来的，小朋友玩得很开心，推荐！
2024-03-27,1,negative,地上太滑了，差点摔倒好几次。
2024-03-27,5,positive,极地馆的企鹅太可爱了，拍了好多照片。
2024-03-27,4,positive,虽然冷但值得，哈尔滨的冬天名不虚传。
2024-03-27,3,neutral,人太多了，建议工作日去。
2024-03-27,3,neutral,票价有点贵，不过冰雕确实不错。
2024-03-27,5,positive,主办方今年安排得很用心，动线合理不绕路。
2024-03-27,1,negative,卫生间太少了，排队比看冰雕还久。
2024-03-27,3,neutral,人太多了，建议工作日去。
2024-03-27,4,positive,服务态度很好，园区管理有序。
2024-03-27,1,negative,卫生间太少了，排队比看冰雕还久。
2024-03-27,5,positive,极地馆的企鹅太可爱了，拍了好多照片。
2024-03-27,3,neutral,白天看一般，晚上亮灯后效果才好。
2024-03-27,4,positive,带孩子来的，小朋友玩得很开心，推荐！
2024-03-27,4,positive,今年冰雕规模比去年更大了，很壮观。
2024-03-27,5,positive,虽然冷但值得，哈尔滨的冬天名不虚传。
2024-03-27,4,positive,冰滑梯排队虽久但值得，尖叫声不断。
2024-03-27,2,negative,人挤人，根本没心情看冰雕。
2024-03-27,5,positive,冰雪大世界的灯光秀太震撼了，音乐配合得绝佳！
2024-03-27,5,positive,今年冰雕规模比去年更大了，很壮观。
2024-03-27,3,neutral,中规中矩的一次体验，和预期差不多。
2024-03-27,4,positive,今年冰雕规模比去年更大了，很壮观。
2024-03-27,2,negative,门票太贵了，性价比低。
2024-03-27,5,positive,虽然冷但值得，哈尔滨的冬天名不虚传。
2024-03-27,4,positive,主办方今年安排得很用心，动线合理不绕路。
2024-03-27,1,negative,停车费贵得离谱，而且不好找车位。
2024-03-27,4,positive,极地馆的企鹅太可爱了，拍了好多照片。
2024-03-27,4,positive,冰上龙舟很有创意，适合全家一起玩。
2024-03-27,4,positive,极地馆的企鹅太可爱了，拍了好多照片。
2024-03-27,5,positive,虽然人多但是氛围感很棒，冰雪的快乐。
2024-03-27,4,positive,主办方今年安排得很用心，动线合理不绕路。
2024-03-27,2,negative,排队排了2个小时，体验很差。
2024-03-27,3,neutral,票价有点贵，不过冰雕确实不错。
2024-03-27,5,positive,冰雪大世界的灯光秀太震撼了，音乐配合得绝佳！
2024-03-27,3,neutral,中规中矩的一次体验，和预期差不多。
2024-03-27,4,positive,冰上龙舟很有创意，适合全家一起玩。
2024-03-27,4,positive,虽然冷但值得，哈尔滨的冬天名不虚传。
2024-03-27,5,positive,冰滑梯排队虽久但值得，尖叫声不断。
2024-03-28,5,positive,冰雪大世界的灯光秀太震撼了，音乐配合得绝佳！
2024-03-28,3,neutral,园区很大，走得腿都酸了，建议多设休息点。
2024-03-28,4,positive,太美了！冰雕非常震撼，下次还来。
2024-03-28,3,neutral,中规中矩的一次体验，和预期差不多。
2024-03-28,3,neutral,白天看一般，晚上亮灯后效果才好。
2024-03-28,2,negative,太冷了，园区取暖设施不够。
2024-03-28,3,neutral,白天看一般，晚上亮灯后效果才好。
2024-03-28,4,positive,大滑梯超刺激，排队时间也在可接受范围内。
2024-03-28,5,positive,极地馆的企鹅太可爱了，拍了好多照片。
2024-03-28,4,positive,适合拍照打卡，随手一拍都是大片。
2024-03-28,2,negative,门票太贵了，性价比低。
2024-03-28,3,neutral,总体还行，就是排队太久了。
2024-03-28,4,positive,冰滑梯排队虽久但值得，尖叫声不断。
2024-03-28,4,positive,极地馆的企鹅太可爱了，拍了好多照片。
2024-03-28,4,positive,虽然人多但是氛围感很棒，冰雪的快乐。
2024-03-28,4,positive,主办方今年安排得很用心，动线合理不绕路。
2024-03-28,5,positive,今年冰雕规模比去年更大了，很壮观。
2024-03-28,2,negative,卫生间太少了，排队比看冰雕还久。
2024-03-28,1,negative,卫生间太少了，排队比看冰雕还久。
2024-03-28,5,positive,冰上龙舟很有创意，适合全家一起玩。
2024-03-28,4,positive,冰上龙舟很有创意，适合全家一起玩。
2024-03-28,4,positive,太美了！冰雕非常震撼，下次还来。
2024-03-28,3,neutral,冰雕很美，但是餐厅价格偏高。
2024-03-28,5,positive,冰滑梯排队虽久但值得，尖叫声不断。
2024-03-28,5,positive,冰雪大世界的灯光秀太震撼了，音乐配合得绝佳！
2024-03-28,5,positive,虽然冷但值得，哈尔滨的冬天名不虚传。
2024-03-28,3,neutral,中规中矩的一次体验，和预期差不多。
2024-03-28,1,negative,卫生间太少了，排队比看冰雕还久。
2024-03-28,5,positive,带孩子来的，小朋友玩得很开心，推荐！
2024-03-28,5,positive,带孩子来的，小朋友玩得很开心，推荐！
2024-03-28,4,positive,夜场的冰灯特别漂亮，像童话世界一样。
2024-03-28,5,positive,主办方今年安排得很用心，动线合理不绕路。
2024-03-28,3,neutral,总体还行，就是排队太久了。
2024-03-28,4,positive,冰雪大世界的灯光秀太震撼了，音乐配合得绝佳！
2024-03-28,3,neutral,票价有点贵，不过冰雕确实不错。
2024-03-28,3,neutral,园区很大，走得腿都酸了，建议多设休息点。
2024-03-28,3,neutral,园区很大，走得腿都酸了，建议多设休息点。
2024-03-29,5,positive,虽然人多但是氛围感很棒，冰雪的快乐。
2024-03-29,1,negative,工作人员态度不好，问路都不理。
2024-03-29,5,positive,虽然人多但是氛围感很棒，冰雪的快乐。
2024-03-29,4,positive,带孩子来的，小朋友玩得很开心，推荐！
2024-03-29,2,negative,人挤人，根本没心情看冰雕。
2024-03-29,3,neutral,白天看一般，晚上亮灯后效果才好。
2024-03-29,5,positive,冰雪大世界的灯光秀太震撼了，音乐配合得绝佳！
2024-03-29,2,negative,太冷了，园区取暖设施不够。
2024-03-29,3,neutral,人太多了，建议工作日去。
2024-03-29,3,neutral,总体还行，就是排队太久了。
2024-03-29,4,positive,冰上龙舟很有创意，适合全家一起玩。
2024-03-29,2,negative,地上太滑了，差点摔倒好几次。
2024-03-29,4,positive,太美了！冰雕非常震撼，下次还来。
2024-03-29,4,positive,带孩子来的，小朋友玩得很开心，推荐！
2024-03-29,4,positive,带孩子来的，小朋友玩得很开心，推荐！
2024-03-29,4,positive,太美了！冰雕非常震撼，下次还来。
2024-03-29,5,positive,夜场的冰灯特别漂亮，像童话世界一样。
2024-03-29,1,negative,门票太贵了，性价比低。
2024-03-29,5,positive,极地馆的企鹅太可爱了，拍了好多照片。
2024-03-29,5,positive,带孩子来的，小朋友玩得很开心，推荐！
2024-03-29,1,negative,停车费贵得离谱，而且不好找车位。
2024-03-29,4,positive,虽然人多但是氛围感很棒，冰雪的快乐。
2024-03-29,4,positive,虽然冷但值得，哈尔滨的冬天名不虚传。
2024-03-29,3,neutral,冰雕很美，但是餐厅价格偏高。
2024-03-29,5,positive,服务态度很好，园区管理有序。
2024-03-29,4,positive,服务态度很好，园区管理有序。
2024-03-29,1,negative,冰雕有些已经开始融化，维护不及时。
2024-03-29,4,positive,冰雪大世界的灯光秀太震撼了，音乐配合得绝佳！
2024-03-29,4,positive,服务态度很好，园区管理有序。
2024-03-29,4,positive,服务态度很好，园区管理有序。
2024-03-29,4,positive,今年冰雕规模比去年更大了，很壮观。
2024-03-29,4,positive,太美了！冰雕非常震撼，下次还来。
2024-03-29,5,positive,服务态度很好，园区管理有序。
2024-03-29,3,neutral,票价有点贵，不过冰雕确实不错。
2024-03-29,4,positive,极地馆的企鹅太可爱了，拍了好多照片。
2024-03-29,4,positive,太美了！冰雕非常震撼，下次还来。
2024-03-29,4,positive,冰雪大世界的灯光秀太震撼了，音乐配合得绝佳！
2024-03-29,5,positive,适合拍照打卡，随手一拍都是大片。
2024-03-29,4,positive,冰酒吧体验独特，零下30度喝热饮很特别。
2024-03-30,3,neutral,票价有点贵，不过冰雕确实不错。
2024-03-30,2,negative,停车费贵得离谱，而且不好找车位。
2024-03-30,4,positive,太美了！冰雕非常震撼，下次还来。
2024-03-30,3,neutral,票价有点贵，不过冰雕确实不错。
2024-03-30,3,neutral,中规中矩的一次体验，和预期差不多。
2024-03-30,3,neutral,票价有点贵，不过冰雕确实不错。
2024-03-30,5,positive,大滑梯超刺激，排队时间也在可接受范围内。
2024-03-30,3,neutral,冰雕很美，但是餐厅价格偏高。
2024-03-30,2,negative,停车费贵得离谱，而且不好找车位。
2024-03-30,5,positive,带孩子来的，小朋友玩得很开心，推荐！
2024-03-30,4,positive,大滑梯超刺激，排队时间也在可接受范围内。
2024-03-30,4,positive,主办方今年安排得很用心，动线合理不绕路。
2024-03-30,2,negative,冰雕有些已经开始融化，维护不及时。
2024-03-30,5,positive,服务态度很好，园区管理有序。
2024-03-30,4,positive,服务态度很好，园区管理有序。
2024-03-30,5,positive,虽然人多但是氛围感很棒，冰雪的快乐。
2024-03-30,2,negative,排队排了2个小时，体验很差。
2024-03-30,3,neutral,停车场离入口有点远，走了好久。
2024-03-30,4,positive,夜场的冰灯特别漂亮，像童话世界一样。
2024-03-30,4,positive,极地馆的企鹅太可爱了，拍了好多照片。
2024-03-30,4,positive,虽然冷但值得，哈尔滨的冬天名不虚传。
2024-03-30,1,negative,餐饮又贵又难吃，建议自带食物。
2024-03-30,3,neutral,白天看一般，晚上亮灯后效果才好。
2024-03-30,4,positive,主办方今年安排得很用心，动线合理不绕路。
2024-03-30,3,neutral,冰雕很美，但是餐厅价格偏高。
2024-03-30,2,negative,餐饮又贵又难吃，建议自带食物。
2024-03-30,4,positive,大滑梯超刺激，排队时间也在可接受范围内。
2024-03-30,3,neutral,中规中矩的一次体验，和预期差不多。
2024-03-30,4,positive,太美了！冰雕非常震撼，下次还来。
2024-03-30,4,positive,极地馆的企鹅太可爱了，拍了好多照片。
2024-03-30,4,positive,虽然人多但是氛围感很棒，冰雪的快乐。
2024-03-30,4,positive,极地馆的企鹅太可爱了，拍了好多照片。
2024-03-30,5,positive,夜场的冰灯特别漂亮，像童话世界一样。
2024-03-30,4,positive,带孩子来的，小朋友玩得很开心，推荐！
2024-03-30,2,negative,排队排了2个小时，体验很差。
2024-03-30,4,positive,太美了！冰雕非常震撼，下次还来。
2024-03-30,5,positive,冰酒吧体验独特，零下30度喝热饮很特别。
2024-03-30,3,neutral,白天看一般，晚上亮灯后效果才好。
2024-03-30,3,neutral,票价有点贵，不过冰雕确实不错。
2024-03-30,3,neutral,冰雕很美，但是餐厅价格偏高。
2024-03-30,4,positive,虽然冷但值得，哈尔滨的冬天名不虚传。
2024-03-30,5,positive,适合拍照打卡，随手一拍都是大片。
2024-03-30,3,neutral,中规中矩的一次体验，和预期差不多。
2024-03-30,1,negative,人挤人，根本没心情看冰雕。
2024-03-30,5,positive,服务态度很好，园区管理有序。
2024-03-30,5,positive,冰滑梯排队虽久但值得，尖叫声不断。
2024-03-30,5,positive,冰雪大世界的灯光秀太震撼了，音乐配合得绝佳！
2024-03-30,4,positive,虽然人多但是氛围感很棒，冰雪的快乐。
2024-03-30,4,positive,极地馆的企鹅太可爱了，拍了好多照片。
2024-03-30,4,positive,夜场的冰灯特别漂亮，像童话世界一样。
2024-03-30,4,positive,夜场的冰灯特别漂亮，像童话世界一样。
2024-03-30,4,positive,夜场的冰灯特别漂亮，像童话世界一样。
2024-03-31,2,negative,人挤人，根本没心情看冰雕。
2024-03-31,5,positive,冰酒吧体验独特，零下30度喝热饮很特别。
2024-03-31,5,positive,虽然人多但是氛围感很棒，冰雪的快乐。
2024-03-31,3,neutral,冰雕很美，但是餐厅价格偏高。
2024-03-31,3,neutral,园区很大，走得腿都酸了，建议多设休息点。
2024-03-31,4,positive,带孩子来的，小朋友玩得很开心，推荐！
2024-03-31,5,positive,夜场的冰灯特别漂亮，像童话世界一样。
2024-03-31,4,positive,冰雪大世界的灯光秀太震撼了，音乐配合得绝佳！
2024-03-31,5,positive,主办方今年安排得很用心，动线合理不绕路。
2024-03-31,3,neutral,总体还行，就是排队太久了。
2024-03-31,4,positive,虽然人多但是氛围感很棒，冰雪的快乐。
2024-03-31,5,positive,主办方今年安排得很用心，动线合理不绕路。
2024-03-31,1,negative,卫生间太少了，排队比看冰雕还久。
2024-03-31,5,positive,冰上龙舟很有创意，适合全家一起玩。
2024-03-31,2,negative,卫生间太少了，排队比看冰雕还久。
2024-03-31,5,positive,带孩子来的，小朋友玩得很开心，推荐！
2024-03-31,2,negative,门票太贵了，性价比低。
2024-03-31,4,positive,冰雪大世界的灯光秀太震撼了，音乐配合得绝佳！
2024-03-31,4,positive,带孩子来的，小朋友玩得很开心，推荐！
2024-03-31,4,positive,大滑梯超刺激，排队时间也在可接受范围内。
2024-03-31,4,positive,带孩子来的，小朋友玩得很开心，推荐！
2024-03-31,3,neutral,园区很大，走得腿都酸了，建议多设休息点。
2024-03-31,2,negative,停车费贵得离谱，而且不好找车位。
2024-03-31,5,positive,冰上龙舟很有创意，适合全家一起玩。
2024-03-31,4,positive,今年冰雕规模比去年更大了，很壮观。
2024-03-31,3,neutral,中规中矩的一次体验，和预期差不多。
2024-03-31,4,positive,夜场的冰灯特别漂亮，像童话世界一样。
2024-03-31,3,neutral,园区很大，走得腿都酸了，建议多设休息点。
2024-03-31,4,positive,带孩子来的，小朋友玩得很开心，推荐！
2024-03-31,2,negative,门票太贵了，性价比低。
2024-03-31,2,negative,停车费贵得离谱，而且不好找车位。
2024-03-31,5,positive,带孩子来的，小朋友玩得很开心，推荐！
2024-03-31,3,neutral,园区很大，走得腿都酸了，建议多设休息点。
2024-03-31,3,neutral,中规中矩的一次体验，和预期差不多。
2024-03-31,3,neutral,停车场离入口有点远，走了好久。
2024-03-31,4,positive,冰上龙舟很有创意，适合全家一起玩。
2024-03-31,4,positive,今年冰雕规模比去年更大了，很壮观。
2024-03-31,4,positive,冰酒吧体验独特，零下30度喝热饮很特别。
2024-03-31,3,neutral,冰雕很美，但是餐厅价格偏高。
2024-03-31,1,negative,停车费贵得离谱，而且不好找车位。
2024-03-31,5,positive,夜场的冰灯特别漂亮，像童话世界一样。
2024-03-31,1,negative,停车费贵得离谱，而且不好找车位。
2024-03-31,5,positive,冰酒吧体验独特，零下30度喝热饮很特别。
2024-03-31,5,positive,今年冰雕规模比去年更大了，很壮观。
2024-11-01,1,negative,地上太滑了，差点摔倒好几次。
2024-11-01,4,positive,服务态度很好，园区管理有序。
2024-11-01,5,positive,夜场的冰灯特别漂亮，像童话世界一样。
2024-11-01,3,neutral,总体还行，就是排队太久了。
2024-11-01,4,positive,今年冰雕规模比去年更大了，很壮观。
2024-11-01,3,neutral,园区很大，走得腿都酸了，建议多设休息点。
2024-11-01,4,positive,主办方今年安排得很用心，动线合理不绕路。
2024-11-01,1,negative,人挤人，根本没心情看冰雕。
2024-11-01,3,neutral,白天看一般，晚上亮灯后效果才好。
2024-11-01,4,positive,大滑梯超刺激，排队时间也在可接受范围内。
2024-11-01,3,neutral,中规中矩的一次体验，和预期差不多。
2024-11-01,3,neutral,人太多了，建议工作日去。
2024-11-01,3,neutral,中规中矩的一次体验，和预期差不多。
2024-11-01,1,negative,冰雕有些已经开始融化，维护不及时。
2024-11-01,5,positive,冰上龙舟很有创意，适合全家一起玩。
2024-11-01,3,neutral,停车场离入口有点远，走了好久。
2024-11-01,4,positive,今年冰雕规模比去年更大了，很壮观。
2024-11-01,4,positive,主办方今年安排得很用心，动线合理不绕路。
2024-11-01,4,positive,大滑梯超刺激，排队时间也在可接受范围内。
2024-11-01,4,positive,冰上龙舟很有创意，适合全家一起玩。
2024-11-01,4,positive,极地馆的企鹅太可爱了，拍了好多照片。
2024-11-01,5,positive,带孩子来的，小朋友玩得很开心，推荐！
2024-11-01,4,positive,夜场的冰灯特别漂亮，像童话世界一样。
2024-11-01,4,positive,冰雪大世界的灯光秀太震撼了，音乐配合得绝佳！
2024-11-01,3,neutral,票价有点贵，不过冰雕确实不错。
2024-11-01,4,positive,虽然人多但是氛围感很棒，冰雪的快乐。
2024-11-01,5,positive,大滑梯超刺激，排队时间也在可接受范围内。
2024-11-01,5,positive,虽然人多但是氛围感很棒，冰雪的快乐。
2024-11-01,5,positive,虽然人多但是氛围感很棒，冰雪的快乐。
2024-11-01,5,positive,夜场的冰灯特别漂亮，像童话世界一样。
2024-11-02,5,positive,冰滑梯排队虽久但值得，尖叫声不断。
2024-11-02,3,neutral,园区很大，走得腿都酸了，建议多设休息点。
2024-11-02,5,positive,大滑梯超刺激，排队时间也在可接受范围内。
2024-11-02,4,positive,适合拍照打卡，随手一拍都是大片。
2024-11-02,5,positive,冰滑梯排队虽久但值得，尖叫声不断。
2024-11-02,3,neutral,票价有点贵，不过冰雕确实不错。
2024-11-02,4,positive,适合拍照打卡，随手一拍都是大片。
2024-11-02,5,positive,带孩子来的，小朋友玩得很开心，推荐！
2024-11-02,2,negative,排队排了2个小时，体验很差。
2024-11-02,2,negative,卫生间太少了，排队比看冰雕还久。
2024-11-02,3,neutral,总体还行，就是排队太久了。
2024-11-02,4,positive,虽然人多但是氛围感很棒，冰雪的快乐。
2024-11-02,2,negative,停车费贵得离谱，而且不好找车位。
2024-11-02,5,positive,冰酒吧体验独特，零下30度喝热饮很特别。
2024-11-02,3,neutral,白天看一般，晚上亮灯后效果才好。
2024-11-02,1,negative,停车费贵得离谱，而且不好找车位。
2024-11-02,3,neutral,园区很大，走得腿都酸了，建议多设休息点。
2024-11-02,3,neutral,总体还行，就是排队太久了。
2024-11-02,2,negative,卫生间太少了，排队比看冰雕还久。
2024-11-02,4,positive,大滑梯超刺激，排队时间也在可接受范围内。
2024-11-02,1,negative,卫生间太少了，排队比看冰雕还久。
2024-11-02,5,positive,冰滑梯排队虽久但值得，尖叫声不断。
2024-11-02,3,neutral,停车场离入口有点远，走了好久。
2024-11-02,5,positive,冰雪大世界的灯光秀太震撼了，音乐配合得绝佳！
2024-11-02,3,neutral,人太多了，建议工作日去。
2024-11-02,4,positive,今年冰雕规模比去年更大了，很壮观。
2024-11-02,4,positive,服务态度很好，园区管理有序。
2024-11-02,4,positive,虽然冷但值得，哈尔滨的冬天名不虚传。
2024-11-02,4,positive,冰滑梯排队虽久但值得，尖叫声不断。
2024-11-02,4,positive,主办方今年安排得很用心，动线合理不绕路。
2024-11-02,5,positive,冰酒吧体验独特，零下30度喝热饮很特别。
2024-11-02,5,positive,适合拍照打卡，随手一拍都是大片。
2024-11-02,3,neutral,冰雕很美，但是餐厅价格偏高。
2024-11-02,2,negative,餐饮又贵又难吃，建议自带食物。
2024-11-02,4,positive,冰上龙舟很有创意，适合全家一起玩。
2024-11-02,4,positive,极地馆的企鹅太可爱了，拍了好多照片。
2024-11-02,4,positive,极地馆的企鹅太可爱了，拍了好多照片。
2024-11-03,5,positive,带孩子来的，小朋友玩得很开心，推荐！
2024-11-03,3,neutral,白天看一般，晚上亮灯后效果才好。
2024-11-03,5,positive,今年冰雕规模比去年更大了，很壮观。
2024-11-03,4,positive,极地馆的企鹅太可爱了，拍了好多照片。
2024-11-03,4,positive,太美了！冰雕非常震撼，下次还来。
2024-11-03,2,negative,人挤人，根本没心情看冰雕。
2024-11-03,5,positive,虽然人多但是氛围感很棒，冰雪的快乐。
2024-11-03,2,negative,停车费贵得离谱，而且不好找车位。
2024-11-03,3,neutral,人太多了，建议工作日去。
2024-11-03,4,positive,主办方今年安排得很用心，动线合理不绕路。
2024-11-03,4,positive,极地馆的企鹅太可爱了，拍了好多照片。
2024-11-03,5,positive,夜场的冰灯特别漂亮，像童话世界一样。
2024-11-03,5,positive,冰上龙舟很有创意，适合全家一起玩。
2024-11-03,5,positive,夜场的冰灯特别漂亮，像童话世界一样。
2024-11-03,1,negative,餐饮又贵又难吃，建议自带食物。
2024-11-03,5,positive,冰酒吧体验独特，零下30度喝热饮很特别。
2024-11-03,3,neutral,人太多了，建议工作日去。
2024-11-03,4,positive,适合拍照打卡，随手一拍都是大片。
2024-11-03,5,positive,适合拍照打卡，随手一拍都是大片。
2024-11-03,3,neutral,停车场离入口有点远，走了好久。
2024-11-03,5,positive,今年冰雕规模比去年更大了，很壮观。
2024-11-03,4,positive,太美了！冰雕非常震撼，下次还来。
2024-11-03,2,negative,人挤人，根本没心情看冰雕。
2024-11-04,5,positive,主办方今年安排得很用心，动线合理不绕路。
2024-11-04,3,neutral,停车场离入口有点远，走了好久。
2024-11-04,4,positive,虽然冷但值得，哈尔滨的冬天名不虚传。
2024-11-04,3,neutral,票价有点贵，不过冰雕确实不错。
2024-11-04,4,positive,大滑梯超刺激，排队时间也在可接受范围内。
2024-11-04,2,negative,地上太滑了，差点摔倒好几次。
2024-11-04,4,positive,虽然冷但值得，哈尔滨的冬天名不虚传。
2024-11-04,5,positive,太美了！冰雕非常震撼，下次还来。
2024-11-04,2,negative,人挤人，根本没心情看冰雕。
2024-11-04,5,positive,极地馆的企鹅太可爱了，拍了好多照片。
2024-11-04,5,positive,冰滑梯排队虽久但值得，尖叫声不断。
2024-11-04,4,positive,主办方今年安排得很用心，动线合理不绕路。
2024-11-04,5,positive,今年冰雕规模比去年更大了，很壮观。
2024-11-04,3,neutral,白天看一般，晚上亮灯后效果才好。
2024-11-04,1,negative,冰雕有些已经开始融化，维护不及时。
2024-11-04,3,neutral,停车场离入口有点远，走了好久。
2024-11-04,5,positive,冰滑梯排队虽久但值得，尖叫声不断。
2024-11-04,4,positive,太美了！冰雕非常震撼，下次还来。
2024-11-04,4,positive,太美了！冰雕非常震撼，下次还来。
2024-11-04,4,positive,冰雪大世界的灯光秀太震撼了，音乐配合得绝佳！
2024-11-04,1,negative,地上太滑了，差点摔倒好几次。
2024-11-04,3,neutral,票价有点贵，不过冰雕确实不错。
2024-11-04,5,positive,适合拍照打卡，随手一拍都是大片。
2024-11-04,3,neutral,冰雕很美，但是餐厅价格偏高。
2024-11-04,5,positive,虽然人多但是氛围感很棒，冰雪的快乐。
2024-11-04,5,positive,适合拍照打卡，随手一拍都是大片。
2024-11-04,4,positive,大滑梯超刺激，排队时间也在可接受范围内。
2024-11-04,4,positive,冰酒吧体验独特，零下30度喝热饮很特别。
2024-11-04,1,negative,卫生间太少了，排队比看冰雕还久。
2024-11-04,3,neutral,人太多了，建议工作日去。
2024-11-04,3,neutral,白天看一般，晚上亮灯后效果才好。
2024-11-04,3,neutral,白天看一般，晚上亮灯后效果才好。
2024-11-05,4,positive,今年冰雕规模比去年更大了，很壮观。
2024-11-05,5,positive,冰酒吧体验独特，零下30度喝热饮很特别。
2024-11-05,4,positive,冰雪大世界的灯光秀太震撼了，音乐配合得绝佳！
2024-11-05,5,positive,冰滑梯排队虽久但值得，尖叫声不断。
2024-11-05,5,positive,虽然人多但是氛围感很棒，冰雪的快乐。
2024-11-05,5,positive,带孩子来的，小朋友玩得很开心，推荐！
2024-11-05,2,negative,卫生间太少了，排队比看冰雕还久。
2024-11-05,3,neutral,冰雕很美，但是餐厅价格偏高。
2024-11-05,3,neutral,白天看一般，晚上亮灯后效果才好。
2024-11-05,2,negative,人挤人，根本没心情看冰雕。
2024-11-05,4,positive,极地馆的企鹅太可爱了，拍了好多照片。
2024-11-05,4,positive,服务态度很好，园区管理有序。
2024-11-05,2,negative,地上太滑了，差点摔倒好几次。
2024-11-05,5,positive,虽然人多但是氛围感很棒，冰雪的快乐。
2024-11-05,5,positive,虽然人多但是氛围感很棒，冰雪的快乐。
2024-11-05,1,negative,地上太滑了，差点摔倒好几次。
2024-11-05,3,neutral,停车场离入口有点远，走了好久。
2024-11-05,5,positive,主办方今年安排得很用心，动线合理不绕路。
2024-11-05,4,positive,冰上龙舟很有创意，适合全家一起玩。
2024-11-05,5,positive,冰滑梯排队虽久但值得，尖叫声不断。
2024-11-05,4,positive,冰酒吧体验独特，零下30度喝热饮很特别。
2024-11-05,5,positive,太美了！冰雕非常震撼，下次还来。
2024-11-05,3,neutral,人太多了，建议工作日去。
2024-11-05,3,neutral,停车场离入口有点远，走了好久。
2024-11-05,4,positive,夜场的冰灯特别漂亮，像童话世界一样。
2024-11-05,5,positive,虽然冷但值得，哈尔滨的冬天名不虚传。
2024-11-05,1,negative,太冷了，园区取暖设施不够。
2024-11-05,4,positive,极地馆的企鹅太可爱了，拍了好多照片。
2024-11-05,3,neutral,冰雕很美，但是餐厅价格偏高。
2024-11-05,4,positive,虽然冷但值得，哈尔滨的冬天名不虚传。
2024-11-05,2,negative,餐饮又贵又难吃，建议自带食物。
2024-11-05,4,positive,夜场的冰灯特别漂亮，像童话世界一样。
2024-11-05,5,positive,夜场的冰灯特别漂亮，像童话世界一样。
2024-11-06,3,neutral,中规中矩的一次体验，和预期差不多。
2024-11-06,4,positive,冰酒吧体验独特，零下30度喝热饮很特别。
2024-11-06,3,neutral,票价有点贵，不过冰雕确实不错。
2024-11-06,3,neutral,园区很大，走得腿都酸了，建议多设休息点。
2024-11-06,3,neutral,白天看一般，晚上亮灯后效果才好。
2024-11-06,5,positive,主办方今年安排得很用心，动线合理不绕路。
2024-11-06,3,neutral,中规中矩的一次体验，和预期差不多。
2024-11-06,3,neutral,票价有点贵，不过冰雕确实不错。
2024-11-06,5,positive,冰上龙舟很有创意，适合全家一起玩。
2024-11-06,5,positive,冰雪大世界的灯光秀太震撼了，音乐配合得绝佳！
2024-11-06,3,neutral,停车场离入口有点远，走了好久。
2024-11-06,5,positive,冰上龙舟很有创意，适合全家一起玩。
2024-11-06,1,negative,人挤人，根本没心情看冰雕。
2024-11-06,4,positive,冰酒吧体验独特，零下30度喝热饮很特别。
2024-11-06,4,positive,夜场的冰灯特别漂亮，像童话世界一样。
2024-11-06,1,negative,工作人员态度不好，问路都不理。
2024-11-06,5,positive,太美了！冰雕非常震撼，下次还来。
2024-11-06,3,neutral,园区很大，走得腿都酸了，建议多设休息点。
2024-11-06,4,positive,太美了！冰雕非常震撼，下次还来。
2024-11-06,5,positive,夜场的冰灯特别漂亮，像童话世界一样。
2024-11-06,5,positive,冰酒吧体验独特，零下30度喝热饮很特别。
2024-11-06,5,positive,冰酒吧体验独特，零下30度喝热饮很特别。
2024-11-06,3,neutral,人太多了，建议工作日去。
2024-11-06,3,neutral,人太多了，建议工作日去。
2024-11-06,4,positive,冰雪大世界的灯光秀太震撼了，音乐配合得绝佳！
2024-11-06,4,positive,极地馆的企鹅太可爱了，拍了好多照片。
2024-11-06,2,negative,排队排了2个小时，体验很差。
2024-11-06,3,neutral,人太多了，建议工作日去。
2024-11-06,4,positive,太美了！冰雕非常震撼，下次还来。
2024-11-06,3,neutral,人太多了，建议工作日去。
2024-11-06,3,neutral,冰雕很美，但是餐厅价格偏高。
2024-11-06,4,positive,冰滑梯排队虽久但值得，尖叫声不断。
2024-11-07,5,positive,夜场的冰灯特别漂亮，像童话世界一样。
2024-11-07,3,neutral,白天看一般，晚上亮灯后效果才好。
2024-11-07,3,neutral,总体还行，就是排队太久了。
2024-11-07,4,positive,冰滑梯排队虽久但值得，尖叫声不断。
2024-11-07,5,positive,适合拍照打卡，随手一拍都是大片。
2024-11-07,3,neutral,冰雕很美，但是餐厅价格偏高。
2024-11-07,5,positive,带孩子来的，小朋友玩得很开心，推荐！
2024-11-07,5,positive,虽然冷但值得，哈尔滨的冬天名不虚传。
2024-11-07,3,neutral,停车场离入口有点远，走了好久。
2024-11-07,1,negative,停车费贵得离谱，而且不好找车位。
2024-11-07,5,positive,冰上龙舟很有创意，适合全家一起玩。
2024-11-07,3,neutral,停车场离入口有点远，走了好久。
2024-11-07,4,positive,夜场的冰灯特别漂亮，像童话世界一样。
2024-11-07,3,neutral,园区很大，走得腿都酸了，建议多设休息点。
2024-11-07,3,neutral,白天看一般，晚上亮灯后效果才好。
2024-11-07,4,positive,冰酒吧体验独特，零下30度喝热饮很特别。
2024-11-07,3,neutral,人太多了，建议工作日去。
2024-11-07,1,negative,停车费贵得离谱，而且不好找车位。
2024-11-07,4,positive,虽然人多但是氛围感很棒，冰雪的快乐。
2024-11-07,5,positive,主办方今年安排得很用心，动线合理不绕路。
2024-11-07,2,negative,餐饮又贵又难吃，建议自带食物。
2024-11-07,4,positive,冰酒吧体验独特，零下30度喝热饮很特别。
2024-11-07,4,positive,冰雪大世界的灯光秀太震撼了，音乐配合得绝佳！
2024-11-07,3,neutral,冰雕很美，但是餐厅价格偏高。
2024-11-07,5,positive,夜场的冰灯特别漂亮，像童话世界一样。
2024-11-07,3,neutral,中规中矩的一次体验，和预期差不多。
2024-11-07,3,neutral,停车场离入口有点远，走了好久。
2024-11-07,4,positive,冰酒吧体验独特，零下30度喝热饮很特别。
2024-11-07,3,neutral,票价有点贵，不过冰雕确实不错。
2024-11-07,3,neutral,园区很大，走得腿都酸了，建议多设休息点。
2024-11-07,3,neutral,白天看一般，晚上亮灯后效果才好。
2024-11-07,5,positive,服务态度很好，园区管理有序。
2024-11-07,4,positive,夜场的冰灯特别漂亮，像童话世界一样。
2024-11-07,2,negative,太冷了，园区取暖设施不够。
2024-11-07,4,positive,太美了！冰雕非常震撼，下次还来。
2024-11-08,5,positive,虽然冷但值得，哈尔滨的冬天名不虚传。
2024-11-08,5,positive,极地馆的企鹅太可爱了，拍了好多照片。
2024-11-08,1,negative,卫生间太少了，排队比看冰雕还久。
2024-11-08,1,negative,工作人员态度不好，问路都不理。
2024-11-08,2,negative,餐饮又贵又难吃，建议自带食物。
2024-11-08,3,neutral,票价有点贵，不过冰雕确实不错。
2024-11-08,4,positive,夜场的冰灯特别漂亮，像童话世界一样。
2024-11-08,4,positive,冰上龙舟很有创意，适合全家一起玩。
2024-11-08,3,neutral,总体还行，就是排队太久了。
2024-11-08,4,positive,冰滑梯排队虽久但值得，尖叫声不断。
2024-11-08,3,neutral,票价有点贵，不过冰雕确实不错。
2024-11-08,5,positive,带孩子来的，小朋友玩得很开心，推荐！
2024-11-08,1,negative,冰雕有些已经开始融化，维护不及时。
2024-11-08,4,positive,冰雪大世界的灯光秀太震撼了，音乐配合得绝佳！
2024-11-08,3,neutral,人太多了，建议工作日去。
2024-11-08,2,negative,停车费贵得离谱，而且不好找车位。
2024-11-08,4,positive,极地馆的企鹅太可爱了，拍了好多照片。
2024-11-08,3,neutral,总体还行，就是排队太久了。
2024-11-09,4,positive,冰滑梯排队虽久但值得，尖叫声不断。
2024-11-09,3,neutral,白天看一般，晚上亮灯后效果才好。
2024-11-09,5,positive,极地馆的企鹅太可爱了，拍了好多照片。
2024-11-09,3,neutral,白天看一般，晚上亮灯后效果才好。
2024-11-09,5,positive,今年冰雕规模比去年更大了，很壮观。
2024-11-09,5,positive,虽然人多但是氛围感很棒，冰雪的快乐。
2024-11-09,4,positive,太美了！冰雕非常震撼，下次还来。
2024-11-09,5,positive,适合拍照打卡，随手一拍都是大片。
2024-11-09,3,neutral,白天看一般，晚上亮灯后效果才好。
2024-11-09,1,negative,人挤人，根本没心情看冰雕。
2024-11-09,4,positive,主办方今年安排得很用心，动线合理不绕路。
2024-11-09,3,neutral,停车场离入口有点远，走了好久。
2024-11-09,4,positive,主办方今年安排得很用心，动线合理不绕路。
2024-11-09,2,negative,工作人员态度不好，问路都不理。
2024-11-09,3,neutral,中规中矩的一次体验，和预期差不多。
2024-11-09,5,positive,冰酒吧体验独特，零下30度喝热饮很特别。
2024-11-09,2,negative,停车费贵得离谱，而且不好找车位。
2024-11-09,1,negative,太冷了，园区取暖设施不够。
2024-11-09,3,neutral,白天看一般，晚上亮灯后效果才好。
2024-11-09,4,positive,夜场的冰灯特别漂亮，像童话世界一样。
2024-11-09,4,positive,大滑梯超刺激，排队时间也在可接受范围内。
2024-11-09,1,negative,冰雕有些已经开始融化，维护不及时。
2024-11-09,5,positive,主办方今年安排得很用心，动线合理不绕路。
2024-11-09,2,negative,人挤人，根本没心情看冰雕。
2024-11-09,5,positive,冰滑梯排队虽久但值得，尖叫声不断。
2024-11-09,4,positive,虽然人多但是氛围感很棒，冰雪的快乐。
2024-11-09,4,positive,带孩子来的，小朋友玩得很开心，推荐！
2024-11-09,5,positive,大滑梯超刺激，排队时间也在可接受范围内。
2024-11-09,5,positive,冰酒吧体验独特，零下30度喝热饮很特别。
2024-11-09,2,negative,卫生间太少了，排队比看冰雕还久。
2024-11-09,4,positive,服务态度很好，园区管理有序。
2024-11-09,5,positive,大滑梯超刺激，排队时间也在可接受范围内。
2024-11-09,2,negative,人挤人，根本没心情看冰雕。
2024-11-09,4,positive,太美了！冰雕非常震撼，下次还来。
2024-11-09,3,neutral,总体还行，就是排队太久了。
2024-11-09,5,positive,冰酒吧体验独特，零下30度喝热饮很特别。
2024-11-09,5,positive,极地馆的企鹅太可爱了，拍了好多照片。
2024-11-09,3,neutral,票价有点贵，不过冰雕确实不错。
2024-11-09,4,positive,极地馆的企鹅太可爱了，拍了好多照片。
2024-11-09,1,negative,排队排了2个小时，体验很差。
2024-11-09,5,positive,服务态度很好，园区管理有序。
2024-11-09,4,positive,冰雪大世界的灯光秀太震撼了，音乐配合得绝佳！
2024-11-09,5,positive,虽然冷但值得，哈尔滨的冬天名不虚传。
2024-11-09,4,positive,适合拍照打卡，随手一拍都是大片。
2024-11-09,3,neutral,中规中矩的一次体验，和预期差不多。
2024-11-09,4,positive,服务态度很好，园区管理有序。
2024-11-09,5,positive,今年冰雕规模比去年更大了，很壮观。
2024-11-09,3,neutral,票价有点贵，不过冰雕确实不错。
2024-11-09,4,positive,夜场的冰灯特别漂亮，像童话世界一样。
2024-11-09,3,neutral,白天看一般，晚上亮灯后效果才好。
2024-11-09,5,positive,冰雪大世界的灯光秀太震撼了，音乐配合得绝佳！
2024-11-09,5,positive,冰酒吧体验独特，零下30度喝热饮很特别。
2024-11-09,4,positive,大滑梯超刺激，排队时间也在可接受范围内。
2024-11-10,5,positive,大滑梯超刺激，排队时间也在可接受范围内。
2024-11-10,4,positive,虽然人多但是氛围感很棒，冰雪的快乐。
2024-11-10,4,positive,极地馆的企鹅太可爱了，拍了好多照片。
2024-11-10,5,positive,服务态度很好，园区管理有序。
2024-11-10,3,neutral,中规中矩的一次体验，和预期差不多。
2024-11-10,1,negative,停车费贵得离谱，而且不好找车位。
2024-11-10,4,positive,大滑梯超刺激，排队时间也在可接受范围内。
2024-11-10,3,neutral,白天看一般，晚上亮灯后效果才好。
2024-11-10,4,positive,主办方今年安排得很用心，动线合理不绕路。
2024-11-10,3,neutral,园区很大，走得腿都酸了，建议多设休息点。
2024-11-10,3,neutral,白天看一般，晚上亮灯后效果才好。
2024-11-10,4,positive,极地馆的企鹅太可爱了，拍了好多照片。
2024-11-10,4,positive,主办方今年安排得很用心，动线合理不绕路。
2024-11-10,3,neutral,停车场离入口有点远，走了好久。
2024-11-10,2,negative,餐饮又贵又难吃，建议自带食物。
2024-11-10,3,neutral,中规中矩的一次体验，和预期差不多。
2024-11-10,3,neutral,停车场离入口有点远，走了好久。
2024-11-10,5,positive,大滑梯超刺激，排队时间也在可接受范围内。
2024-11-10,5,positive,大滑梯超刺激，排队时间也在可接受范围内。
2024-11-10,2,negative,停车费贵得离谱，而且不好找车位。
2024-11-10,3,neutral,中规中矩的一次体验，和预期差不多。
2024-11-10,2,negative,工作人员态度不好，问路都不理。
2024-11-10,5,positive,适合拍照打卡，随手一拍都是大片。
2024-11-10,3,neutral,人太多了，建议工作日去。
2024-11-10,2,negative,太冷了，园区取暖设施不够。
2024-11-10,5,positive,适合拍照打卡，随手一拍都是大片。
2024-11-10,5,positive,虽然冷但值得，哈尔滨的冬天名不虚传。
2024-11-10,5,positive,冰上龙舟很有创意，适合全家一起玩。
2024-11-10,5,positive,主办方今年安排得很用心，动线合理不绕路。
2024-11-10,2,negative,餐饮又贵又难吃，建议自带食物。
2024-11-10,2,negative,太冷了，园区取暖设施不够。
2024-11-10,4,positive,虽然冷但值得，哈尔滨的冬天名不虚传。
2024-11-10,3,neutral,白天看一般，晚上亮灯后效果才好。
2024-11-10,3,neutral,中规中矩的一次体验，和预期差不多。
2024-11-10,1,negative,卫生间太少了，排队比看冰雕还久。
2024-11-10,2,negative,停车费贵得离谱，而且不好找车位。
2024-11-10,4,positive,适合拍照打卡，随手一拍都是大片。
2024-11-10,5,positive,冰雪大世界的灯光秀太震撼了，音乐配合得绝佳！
2024-11-10,5,positive,适合拍照打卡，随手一拍都是大片。
2024-11-10,2,negative,排队排了2个小时，体验很差。
2024-11-10,2,negative,餐饮又贵又难吃，建议自带食物。
2024-11-10,5,positive,服务态度很好，园区管理有序。
2024-11-10,2,negative,排队排了2个小时，体验很差。
2024-11-10,3,neutral,票价有点贵，不过冰雕确实不错。
2024-11-10,4,positive,虽然人多但是氛围感很棒，冰雪的快乐。
2024-11-10,3,neutral,人太多了，建议工作日去。
2024-11-10,1,negative,冰雕有些已经开始融化，维护不及时。
2024-11-10,5,positive,冰滑梯排队虽久但值得，尖叫声不断。
2024-11-10,4,positive,冰酒吧体验独特，零下30度喝热饮很特别。
2024-11-11,5,positive,服务态度很好，园区管理有序。
2024-11-11,1,negative,太冷了，园区取暖设施不够。
2024-11-11,3,neutral,票价有点贵，不过冰雕确实不错。
2024-11-11,5,positive,大滑梯超刺激，排队时间也在可接受范围内。
2024-11-11,5,positive,虽然冷但值得，哈尔滨的冬天名不虚传。
2024-11-11,3,neutral,中规中矩的一次体验，和预期差不多。
2024-11-11,4,positive,带孩子来的，小朋友玩得很开心，推荐！
2024-11-11,4,positive,冰酒吧体验独特，零下30度喝热饮很特别。
2024-11-11,4,positive,太美了！冰雕非常震撼，下次还来。
2024-11-11,3,neutral,白天看一般，晚上亮灯后效果才好。
2024-11-11,3,neutral,白天看一般，晚上亮灯后效果才好。
2024-11-11,2,negative,停车费贵得离谱，而且不好找车位。
2024-11-11,5,positive,冰雪大世界的灯光秀太震撼了，音乐配合得绝佳！
2024-11-11,4,positive,极地馆的企鹅太可爱了，拍了好多照片。
2024-11-11,5,positive,大滑梯超刺激，排队时间也在可接受范围内。
2024-11-11,4,positive,适合拍照打卡，随手一拍都是大片。
2024-11-11,4,positive,冰酒吧体验独特，零下30度喝热饮很特别。
2024-11-11,2,negative,排队排了2个小时，体验很差。
2024-11-11,1,negative,餐饮又贵又难吃，建议自带食物。
2024-11-11,5,positive,冰雪大世界的灯光秀太震撼了，音乐配合得绝佳！
2024-11-11,5,positive,冰上龙舟很有创意，适合全家一起玩。
2024-11-11,5,positive,冰上龙舟很有创意，适合全家一起玩。
2024-11-11,5,positive,太美了！冰雕非常震撼，下次还来。
2024-11-11,5,positive,虽然冷但值得，哈尔滨的冬天名不虚传。
2024-11-11,5,positive,虽然人多但是氛围感很棒，冰雪的快乐。
2024-11-11,5,positive,冰雪大世界的灯光秀太震撼了，音乐配合得绝佳！
2024-11-11,4,positive,冰滑梯排队虽久但值得，尖叫声不断。
2024-11-11,3,neutral,冰雕很美，但是餐厅价格偏高。
2024-11-11,5,positive,虽然冷但值得，哈尔滨的冬天名不虚传。
2024-11-11,4,positive,太美了！冰雕非常震撼，下次还来。
2024-11-11,5,positive,主办方今年安排得很用心，动线合理不绕路。
2024-11-11,3,neutral,园区很大，走得腿都酸了，建议多设休息点。
2024-11-11,3,neutral,人太多了，建议工作日去。
2024-11-12,4,positive,冰雪大世界的灯光秀太震撼了，音乐配合得绝佳！
2024-11-12,3,neutral,总体还行，就是排队太久了。
2024-11-12,5,positive,今年冰雕规模比去年更大了，很壮观。
2024-11-12,3,neutral,园区很大，走得腿都酸了，建议多设休息点。
2024-11-12,4,positive,冰雪大世界的灯光秀太震撼了，音乐配合得绝佳！
2024-11-12,3,neutral,总体还行，就是排队太久了。
2024-11-12,2,negative,餐饮又贵又难吃，建议自带食物。
2024-11-12,5,positive,带孩子来的，小朋友玩得很开心，推荐！
2024-11-12,4,positive,大滑梯超刺激，排队时间也在可接受范围内。
2024-11-12,4,positive,主办方今年安排得很用心，动线合理不绕路。
2024-11-12,5,positive,服务态度很好，园区管理有序。
2024-11-12,3,neutral,中规中矩的一次体验，和预期差不多。
2024-11-12,5,positive,冰雪大世界的灯光秀太震撼了，音乐配合得绝佳！
2024-11-12,4,positive,服务态度很好，园区管理有序。
2024-11-12,3,neutral,白天看一般，晚上亮灯后效果才好。
2024-11-12,5,positive,冰酒吧体验独特，零下30度喝热饮很特别。
2024-11-12,1,negative,人挤人，根本没心情看冰雕。
2024-11-12,5,positive,极地馆的企鹅太可爱了，拍了好多照片。
2024-11-12,4,positive,太美了！冰雕非常震撼，下次还来。
2024-11-12,4,positive,适合拍照打卡，随手一拍都是大片。
2024-11-12,4,positive,适合拍照打卡，随手一拍都是大片。
2024-11-12,5,positive,带孩子来的，小朋友玩得很开心，推荐！
2024-11-13,2,negative,太冷了，园区取暖设施不够。
2024-11-13,3,neutral,冰雕很美，但是餐厅价格偏高。
2024-11-13,4,positive,适合拍照打卡，随手一拍都是大片。
2024-11-13,4,positive,虽然人多但是氛围感很棒，冰雪的快乐。
2024-11-13,5,positive,极地馆的企鹅太可爱了，拍了好多照片。
2024-11-13,1,negative,停车费贵得离谱，而且不好找车位。
2024-11-13,1,negative,地上太滑了，差点摔倒好几次。
2024-11-13,3,neutral,中规中矩的一次体验，和预期差不多。
2024-11-13,4,positive,虽然人多但是氛围感很棒，冰雪的快乐。
2024-11-13,4,positive,大滑梯超刺激，排队时间也在可接受范围内。
2024-11-13,3,neutral,园区很大，走得腿都酸了，建议多设休息点。
2024-11-13,4,positive,冰酒吧体验独特，零下30度喝热饮很特别。
2024-11-13,3,neutral,园区很大，走得腿都酸了，建议多设休息点。
2024-11-13,4,positive,冰上龙舟很有创意，适合全家一起玩。
2024-11-13,2,negative,工作人员态度不好，问路都不理。
2024-11-13,5,positive,冰酒吧体验独特，零下30度喝热饮很特别。
2024-11-13,4,positive,太美了！冰雕非常震撼，下次还来。
2024-11-13,2,negative,门票太贵了，性价比低。
2024-11-13,2,negative,餐饮又贵又难吃，建议自带食物。
2024-11-13,1,negative,工作人员态度不好，问路都不理。
2024-11-13,3,neutral,票价有点贵，不过冰雕确实不错。
2024-11-13,5,positive,极地馆的企鹅太可爱了，拍了好多照片。
2024-11-13,5,positive,带孩子来的，小朋友玩得很开心，推荐！
2024-11-13,4,positive,极地馆的企鹅太可爱了，拍了好多照片。
2024-11-13,4,positive,大滑梯超刺激，排队时间也在可接受范围内。
2024-11-13,3,neutral,中规中矩的一次体验，和预期差不多。
2024-11-13,4,positive,带孩子来的，小朋友玩得很开心，推荐！
2024-11-13,5,positive,主办方今年安排得很用心，动线合理不绕路。
2024-11-13,4,positive,极地馆的企鹅太可爱了，拍了好多照片。
2024-11-13,5,positive,大滑梯超刺激，排队时间也在可接受范围内。
2024-11-14,1,negative,卫生间太少了，排队比看冰雕还久。
2024-11-14,5,positive,虽然人多但是氛围感很棒，冰雪的快乐。
2024-11-14,4,positive,主办方今年安排得很用心，动线合理不绕路。
2024-11-14,5,positive,冰酒吧体验独特，零下30度喝热饮很特别。
2024-11-14,4,positive,大滑梯超刺激，排队时间也在可接受范围内。
2024-11-14,3,neutral,停车场离入口有点远，走了好久。
2024-11-14,4,positive,服务态度很好，园区管理有序。
2024-11-14,4,positive,冰酒吧体验独特，零下30度喝热饮很特别。
2024-11-14,5,positive,冰上龙舟很有创意，适合全家一起玩。
2024-11-14,5,positive,主办方今年安排得很用心，动线合理不绕路。
2024-11-14,2,negative,人挤人，根本没心情看冰雕。
2024-11-14,4,positive,主办方今年安排得很用心，动线合理不绕路。
2024-11-14,3,neutral,中规中矩的一次体验，和预期差不多。
2024-11-14,5,positive,主办方今年安排得很用心，动线合理不绕路。
2024-11-14,2,negative,冰雕有些已经开始融化，维护不及时。
2024-11-14,2,negative,冰雕有些已经开始融化，维护不及时。
2024-11-14,5,positive,冰滑梯排队虽久但值得，尖叫声不断。
2024-11-14,4,positive,冰酒吧体验独特，零下30度喝热饮很特别。
2024-11-14,3,neutral,总体还行，就是排队太久了。
2024-11-14,4,positive,冰上龙舟很有创意，适合全家一起玩。
2024-11-14,5,positive,带孩子来的，小朋友玩得很开心，推荐！
2024-11-15,2,negative,门票太贵了，性价比低。
2024-11-15,1,negative,太冷了，园区取暖设施不够。
2024-11-15,4,positive,服务态度很好，园区管理有序。
2024-11-15,4,positive,冰雪大世界的灯光秀太震撼了，音乐配合得绝佳！
2024-11-15,2,negative,人挤人，根本没心情看冰雕。
2024-11-15,3,neutral,园区很大，走得腿都酸了，建议多设休息点。
2024-11-15,3,neutral,中规中矩的一次体验，和预期差不多。
2024-11-15,1,negative,工作人员态度不好，问路都不理。
2024-11-15,5,positive,今年冰雕规模比去年更大了，很壮观。
2024-11-15,3,neutral,总体还行，就是排队太久了。
2024-11-15,4,positive,适合拍照打卡，随手一拍都是大片。
2024-11-15,4,positive,虽然人多但是氛围感很棒，冰雪的快乐。
2024-11-15,4,positive,大滑梯超刺激，排队时间也在可接受范围内。
2024-11-15,3,neutral,园区很大，走得腿都酸了，建议多设休息点。
2024-11-15,5,positive,大滑梯超刺激，排队时间也在可接受范围内。
2024-11-15,4,positive,带孩子来的，小朋友玩得很开心，推荐！
2024-11-15,5,positive,服务态度很好，园区管理有序。
2024-11-15,2,negative,地上太滑了，差点摔倒好几次。
2024-11-15,3,neutral,票价有点贵，不过冰雕确实不错。
2024-11-15,4,positive,极地馆的企鹅太可爱了，拍了好多照片。
2024-11-15,5,positive,冰滑梯排队虽久但值得，尖叫声不断。
2024-11-15,5,positive,夜场的冰灯特别漂亮，像童话世界一样。
2024-11-15,3,neutral,停车场离入口有点远，走了好久。
2024-11-15,5,positive,今年冰雕规模比去年更大了，很壮观。
2024-11-15,5,positive,今年冰雕规模比去年更大了，很壮观。
2024-11-15,3,neutral,园区很大，走得腿都酸了，建议多设休息点。
2024-11-15,2,negative,停车费贵得离谱，而且不好找车位。
2024-11-15,2,negative,门票太贵了，性价比低。
2024-11-15,1,negative,餐饮又贵又难吃，建议自带食物。
2024-11-16,3,neutral,园区很大，走得腿都酸了，建议多设休息点。
2024-11-16,5,positive,冰上龙舟很有创意，适合全家一起玩。
2024-11-16,3,neutral,园区很大，走得腿都酸了，建议多设休息点。
2024-11-16,2,negative,人挤人，根本没心情看冰雕。
2024-11-16,2,negative,人挤人，根本没心情看冰雕。
2024-11-16,3,neutral,冰雕很美，但是餐厅价格偏高。
2024-11-16,5,positive,虽然冷但值得，哈尔滨的冬天名不虚传。
2024-11-16,3,neutral,园区很大，走得腿都酸了，建议多设休息点。
2024-11-16,5,positive,虽然冷但值得，哈尔滨的冬天名不虚传。
2024-11-16,5,positive,虽然人多但是氛围感很棒，冰雪的快乐。
2024-11-16,3,neutral,园区很大，走得腿都酸了，建议多设休息点。
2024-11-16,4,positive,虽然人多但是氛围感很棒，冰雪的快乐。
2024-11-16,5,positive,冰酒吧体验独特，零下30度喝热饮很特别。
2024-11-16,4,positive,今年冰雕规模比去年更大了，很壮观。
2024-11-16,2,negative,餐饮又贵又难吃，建议自带食物。
2024-11-16,5,positive,主办方今年安排得很用心，动线合理不绕路。
2024-11-16,2,negative,太冷了，园区取暖设施不够。
2024-11-16,4,positive,带孩子来的，小朋友玩得很开心，推荐！
2024-11-16,5,positive,冰滑梯排队虽久但值得，尖叫声不断。
2024-11-16,2,negative,太冷了，园区取暖设施不够。
2024-11-16,4,positive,冰雪大世界的灯光秀太震撼了，音乐配合得绝佳！
2024-11-16,3,neutral,停车场离入口有点远，走了好久。
2024-11-16,5,positive,冰酒吧体验独特，零下30度喝热饮很特别。
2024-11-16,5,positive,太美了！冰雕非常震撼，下次还来。
2024-11-16,3,neutral,总体还行，就是排队太久了。
2024-11-16,3,neutral,停车场离入口有点远，走了好久。
2024-11-17,5,positive,今年冰雕规模比去年更大了，很壮观。
2024-11-17,2,negative,停车费贵得离谱，而且不好找车位。
2024-11-17,5,positive,今年冰雕规模比去年更大了，很壮观。
2024-11-17,5,positive,冰上龙舟很有创意，适合全家一起玩。
2024-11-17,4,positive,冰滑梯排队虽久但值得，尖叫声不断。
2024-11-17,3,neutral,冰雕很美，但是餐厅价格偏高。
2024-11-17,3,neutral,停车场离入口有点远，走了好久。
2024-11-17,5,positive,夜场的冰灯特别漂亮，像童话世界一样。
2024-11-17,5,positive,主办方今年安排得很用心，动线合理不绕路。
2024-11-17,5,positive,冰滑梯排队虽久但值得，尖叫声不断。
2024-11-17,4,positive,极地馆的企鹅太可爱了，拍了好多照片。
2024-11-17,3,neutral,冰雕很美，但是餐厅价格偏高。
2024-11-17,3,neutral,白天看一般，晚上亮灯后效果才好。
2024-11-17,4,positive,虽然冷但值得，哈尔滨的冬天名不虚传。
2024-11-17,5,positive,主办方今年安排得很用心，动线合理不绕路。
2024-11-17,4,positive,冰酒吧体验独特，零下30度喝热饮很特别。
2024-11-17,3,neutral,人太多了，建议工作日去。
2024-11-17,5,positive,太美了！冰雕非常震撼，下次还来。
2024-11-17,2,negative,卫生间太少了，排队比看冰雕还久。
2024-11-17,1,negative,工作人员态度不好，问路都不理。
2024-11-17,4,positive,冰上龙舟很有创意，适合全家一起玩。
2024-11-17,5,positive,极地馆的企鹅太可爱了，拍了好多照片。
2024-11-17,4,positive,太美了！冰雕非常震撼，下次还来。
2024-11-17,5,positive,极地馆的企鹅太可爱了，拍了好多照片。
2024-11-17,3,neutral,中规中矩的一次体验，和预期差不多。
2024-11-17,2,negative,工作人员态度不好，问路都不理。
2024-11-17,3,neutral,人太多了，建议工作日去。
2024-11-17,2,negative,冰雕有些已经开始融化，维护不及时。
2024-11-17,4,positive,带孩子来的，小朋友玩得很开心，推荐！
2024-11-17,4,positive,适合拍照打卡，随手一拍都是大片。
2024-11-17,5,positive,极地馆的企鹅太可爱了，拍了好多照片。
2024-11-17,5,positive,冰上龙舟很有创意，适合全家一起玩。
2024-11-17,4,positive,今年冰雕规模比去年更大了，很壮观。
2024-11-17,3,neutral,总体还行，就是排队太久了。
2024-11-17,3,neutral,总体还行，就是排队太久了。
2024-11-17,5,positive,冰雪大世界的灯光秀太震撼了，音乐配合得绝佳！
2024-11-17,1,negative,人挤人，根本没心情看冰雕。
2024-11-17,5,positive,服务态度很好，园区管理有序。
2024-11-17,2,negative,停车费贵得离谱，而且不好找车位。
2024-11-17,5,positive,带孩子来的，小朋友玩得很开心，推荐！
2024-11-17,5,positive,今年冰雕规模比去年更大了，很壮观。
2024-11-17,5,positive,今年冰雕规模比去年更大了，很壮观。
2024-11-17,1,negative,停车费贵得离谱，而且不好找车位。
2024-11-17,2,negative,门票太贵了，性价比低。
2024-11-18,2,negative,餐饮又贵又难吃，建议自带食物。
2024-11-18,4,positive,极地馆的企鹅太可爱了，拍了好多照片。
2024-11-18,4,positive,大滑梯超刺激，排队时间也在可接受范围内。
2024-11-18,5,positive,虽然冷但值得，哈尔滨的冬天名不虚传。
2024-11-18,2,negative,门票太贵了，性价比低。
2024-11-18,3,neutral,停车场离入口有点远，走了好久。
2024-11-18,4,positive,冰酒吧体验独特，零下30度喝热饮很特别。
2024-11-18,4,positive,今年冰雕规模比去年更大了，很壮观。
2024-11-18,4,positive,今年冰雕规模比去年更大了，很壮观。
2024-11-18,5,positive,夜场的冰灯特别漂亮，像童话世界一样。
2024-11-18,2,negative,冰雕有些已经开始融化，维护不及时。
2024-11-18,3,neutral,白天看一般，晚上亮灯后效果才好。
2024-11-18,5,positive,虽然冷但值得，哈尔滨的冬天名不虚传。
2024-11-18,4,positive,服务态度很好，园区管理有序。
2024-11-18,4,positive,适合拍照打卡，随手一拍都是大片。
2024-11-18,1,negative,地上太滑了，差点摔倒好几次。
2024-11-18,3,neutral,中规中矩的一次体验，和预期差不多。
2024-11-18,3,neutral,白天看一般，晚上亮灯后效果才好。
2024-11-18,5,positive,大滑梯超刺激，排队时间也在可接受范围内。
2024-11-18,4,positive,冰上龙舟很有创意，适合全家一起玩。
2024-11-18,3,neutral,人太多了，建议工作日去。
2024-11-18,3,neutral,人太多了，建议工作日去。
2024-11-18,4,positive,冰酒吧体验独特，零下30度喝热饮很特别。
2024-11-18,4,positive,冰雪大世界的灯光秀太震撼了，音乐配合得绝佳！
2024-11-18,5,positive,虽然冷但值得，哈尔滨的冬天名不虚传。
2024-11-18,3,neutral,票价有点贵，不过冰雕确实不错。
2024-11-18,4,positive,适合拍照打卡，随手一拍都是大片。
2024-11-18,4,positive,大滑梯超刺激，排队时间也在可接受范围内。
2024-11-18,3,neutral,园区很大，走得腿都酸了，建议多设休息点。
2024-11-18,3,neutral,白天看一般，晚上亮灯后效果才好。
2024-11-18,4,positive,虽然人多但是氛围感很棒，冰雪的快乐。
2024-11-18,3,neutral,白天看一般，晚上亮灯后效果才好。
2024-11-18,1,negative,人挤人，根本没心情看冰雕。
2024-11-18,3,neutral,人太多了，建议工作日去。
2024-11-18,2,negative,餐饮又贵又难吃，建议自带食物。
2024-11-19,3,neutral,停车场离入口有点远，走了好久。
2024-11-19,3,neutral,总体还行，就是排队太久了。
2024-11-19,5,positive,夜场的冰灯特别漂亮，像童话世界一样。
2024-11-19,5,positive,服务态度很好，园区管理有序。
2024-11-19,4,positive,冰上龙舟很有创意，适合全家一起玩。
2024-11-19,3,neutral,人太多了，建议工作日去。
2024-11-19,5,positive,冰滑梯排队虽久但值得，尖叫声不断。
2024-11-19,5,positive,虽然人多但是氛围感很棒，冰雪的快乐。
2024-11-19,2,negative,卫生间太少了，排队比看冰雕还久。
2024-11-19,3,neutral,中规中矩的一次体验，和预期差不多。
2024-11-19,4,positive,主办方今年安排得很用心，动线合理不绕路。
2024-11-19,5,positive,冰上龙舟很有创意，适合全家一起玩。
2024-11-19,4,positive,大滑梯超刺激，排队时间也在可接受范围内。
2024-11-19,2,negative,门票太贵了，性价比低。
2024-11-19,3,neutral,总体还行，就是排队太久了。
2024-11-19,3,neutral,白天看一般，晚上亮灯后效果才好。
2024-11-19,5,positive,带孩子来的，小朋友玩得很开心，推荐！
2024-11-19,4,positive,适合拍照打卡，随手一拍都是大片。
2024-11-19,2,negative,餐饮又贵又难吃，建议自带食物。
2024-11-19,4,positive,太美了！冰雕非常震撼，下次还来。
2024-11-19,3,neutral,园区很大，走得腿都酸了，建议多设休息点。
2024-11-19,5,positive,虽然人多但是氛围感很棒，冰雪的快乐。
2024-11-19,4,positive,大滑梯超刺激，排队时间也在可接受范围内。
2024-11-19,3,neutral,停车场离入口有点远，走了好久。
2024-11-20,4,positive,虽然人多但是氛围感很棒，冰雪的快乐。
2024-11-20,4,positive,冰雪大世界的灯光秀太震撼了，音乐配合得绝佳！
2024-11-20,3,neutral,票价有点贵，不过冰雕确实不错。
2024-11-20,5,positive,冰上龙舟很有创意，适合全家一起玩。
2024-11-20,3,neutral,中规中矩的一次体验，和预期差不多。
2024-11-20,4,positive,大滑梯超刺激，排队时间也在可接受范围内。
2024-11-20,4,positive,今年冰雕规模比去年更大了，很壮观。
2024-11-20,2,negative,地上太滑了，差点摔倒好几次。
2024-11-20,1,negative,卫生间太少了，排队比看冰雕还久。
2024-11-20,4,positive,极地馆的企鹅太可爱了，拍了好多照片。
2024-11-20,4,positive,冰滑梯排队虽久但值得，尖叫声不断。
2024-11-20,3,neutral,冰雕很美，但是餐厅价格偏高。
2024-11-20,2,negative,地上太滑了，差点摔倒好几次。
2024-11-20,5,positive,太美了！冰雕非常震撼，下次还来。
2024-11-20,5,positive,服务态度很好，园区管理有序。
2024-11-21,5,positive,带孩子来的，小朋友玩得很开心，推荐！
2024-11-21,5,positive,今年冰雕规模比去年更大了，很壮观。
2024-11-21,2,negative,停车费贵得离谱，而且不好找车位。
2024-11-21,5,positive,虽然冷但值得，哈尔滨的冬天名不虚传。
2024-11-21,1,negative,停车费贵得离谱，而且不好找车位。
2024-11-21,5,positive,冰酒吧体验独特，零下30度喝热饮很特别。
2024-11-21,3,neutral,人太多了，建议工作日去。
2024-11-21,3,neutral,冰雕很美，但是餐厅价格偏高。
2024-11-21,3,neutral,中规中矩的一次体验，和预期差不多。
2024-11-21,5,positive,今年冰雕规模比去年更大了，很壮观。
2024-11-21,4,positive,冰雪大世界的灯光秀太震撼了，音乐配合得绝佳！
2024-11-21,3,neutral,停车场离入口有点远，走了好久。
2024-11-21,2,negative,冰雕有些已经开始融化，维护不及时。
2024-11-21,2,negative,太冷了，园区取暖设施不够。
2024-11-21,3,neutral,白天看一般，晚上亮灯后效果才好。
2024-11-21,4,positive,冰酒吧体验独特，零下30度喝热饮很特别。
2024-11-21,3,neutral,冰雕很美，但是餐厅价格偏高。
2024-11-21,4,positive,冰上龙舟很有创意，适合全家一起玩。
2024-11-21,4,positive,冰雪大世界的灯光秀太震撼了，音乐配合得绝佳！
2024-11-21,4,positive,夜场的冰灯特别漂亮，像童话世界一样。
2024-11-21,1,negative,餐饮又贵又难吃，建议自带食物。
2024-11-21,4,positive,冰雪大世界的灯光秀太震撼了，音乐配合得绝佳！
2024-11-21,3,neutral,中规中矩的一次体验，和预期差不多。
2024-11-21,3,neutral,白天看一般，晚上亮灯后效果才好。
2024-11-21,4,positive,冰雪大世界的灯光秀太震撼了，音乐配合得绝佳！
2024-11-21,5,positive,冰酒吧体验独特，零下30度喝热饮很特别。
2024-11-21,3,neutral,白天看一般，晚上亮灯后效果才好。
2024-11-21,4,positive,虽然人多但是氛围感很棒，冰雪的快乐。
2024-11-21,5,positive,冰滑梯排队虽久但值得，尖叫声不断。
2024-11-21,4,positive,带孩子来的，小朋友玩得很开心，推荐！
2024-11-21,3,neutral,票价有点贵，不过冰雕确实不错。
2024-11-21,5,positive,夜场的冰灯特别漂亮，像童话世界一样。
2024-11-21,4,positive,今年冰雕规模比去年更大了，很壮观。
2024-11-21,5,positive,虽然冷但值得，哈尔滨的冬天名不虚传。
2024-11-21,5,positive,今年冰雕规模比去年更大了，很壮观。
2024-11-22,5,positive,今年冰雕规模比去年更大了，很壮观。
2024-11-22,5,positive,冰雪大世界的灯光秀太震撼了，音乐配合得绝佳！
2024-11-22,5,positive,大滑梯超刺激，排队时间也在可接受范围内。
2024-11-22,4,positive,适合拍照打卡，随手一拍都是大片。
2024-11-22,3,neutral,冰雕很美，但是餐厅价格偏高。
2024-11-22,3,neutral,白天看一般，晚上亮灯后效果才好。
2024-11-22,3,neutral,冰雕很美，但是餐厅价格偏高。
2024-11-22,3,neutral,停车场离入口有点远，走了好久。
2024-11-22,4,positive,主办方今年安排得很用心，动线合理不绕路。
2024-11-22,3,neutral,中规中矩的一次体验，和预期差不多。
2024-11-22,4,positive,适合拍照打卡，随手一拍都是大片。
2024-11-22,2,negative,停车费贵得离谱，而且不好找车位。
2024-11-22,4,positive,极地馆的企鹅太可爱了，拍了好多照片。
2024-11-22,1,negative,冰雕有些已经开始融化，维护不及时。
2024-11-22,4,positive,服务态度很好，园区管理有序。
2024-11-22,5,positive,夜场的冰灯特别漂亮，像童话世界一样。
2024-11-22,5,positive,夜场的冰灯特别漂亮，像童话世界一样。
2024-11-22,3,neutral,总体还行，就是排队太久了。
2024-11-22,3,neutral,人太多了，建议工作日去。
2024-11-22,1,negative,人挤人，根本没心情看冰雕。
2024-11-22,3,neutral,冰雕很美，但是餐厅价格偏高。
2024-11-22,4,positive,适合拍照打卡，随手一拍都是大片。
2024-11-22,5,positive,适合拍照打卡，随手一拍都是大片。
2024-11-22,1,negative,太冷了，园区取暖设施不够。
2024-11-22,4,positive,虽然冷但值得，哈尔滨的冬天名不虚传。
2024-11-22,4,positive,夜场的冰灯特别漂亮，像童话世界一样。
2024-11-22,4,positive,服务态度很好，园区管理有序。
2024-11-22,3,neutral,票价有点贵，不过冰雕确实不错。
2024-11-22,4,positive,带孩子来的，小朋友玩得很开心，推荐！
2024-11-22,5,positive,带孩子来的，小朋友玩得很开心，推荐！
2024-11-22,5,positive,冰滑梯排队虽久但值得，尖叫声不断。
2024-11-23,5,positive,冰滑梯排队虽久但值得，尖叫声不断。
2024-11-23,4,positive,冰上龙舟很有创意，适合全家一起玩。
2024-11-23,5,positive,极地馆的企鹅太可爱了，拍了好多照片。
2024-11-23,3,neutral,总体还行，就是排队太久了。
2024-11-23,4,positive,太美了！冰雕非常震撼，下次还来。
2024-11-23,4,positive,主办方今年安排得很用心，动线合理不绕路。
2024-11-23,4,positive,服务态度很好，园区管理有序。
2024-11-23,4,positive,极地馆的企鹅太可爱了，拍了好多照片。
2024-11-23,3,neutral,票价有点贵，不过冰雕确实不错。
2024-11-23,3,neutral,票价有点贵，不过冰雕确实不错。
2024-11-23,4,positive,大滑梯超刺激，排队时间也在可接受范围内。
2024-11-23,1,negative,停车费贵得离谱，而且不好找车位。
2024-11-23,5,positive,夜场的冰灯特别漂亮，像童话世界一样。
2024-11-23,4,positive,带孩子来的，小朋友玩得很开心，推荐！
2024-11-23,3,neutral,白天看一般，晚上亮灯后效果才好。
2024-11-23,5,positive,大滑梯超刺激，排队时间也在可接受范围内。
2024-11-23,3,neutral,园区很大，走得腿都酸了，建议多设休息点。
2024-11-23,3,neutral,园区很大，走得腿都酸了，建议多设休息点。
2024-11-23,4,positive,适合拍照打卡，随手一拍都是大片。
2024-11-23,5,positive,大滑梯超刺激，排队时间也在可接受范围内。
2024-11-23,5,positive,冰上龙舟很有创意，适合全家一起玩。
2024-11-23,4,positive,冰雪大世界的灯光秀太震撼了，音乐配合得绝佳！
2024-11-23,5,positive,夜场的冰灯特别漂亮，像童话世界一样。
2024-11-23,3,neutral,人太多了，建议工作日去。
2024-11-23,4,positive,极地馆的企鹅太可爱了，拍了好多照片。
2024-11-23,3,neutral,人太多了，建议工作日去。
2024-11-23,3,neutral,总体还行，就是排队太久了。
2024-11-23,3,neutral,总体还行，就是排队太久了。
2024-11-23,2,negative,地上太滑了，差点摔倒好几次。
2024-11-23,5,positive,虽然人多但是氛围感很棒，冰雪的快乐。
2024-11-23,4,positive,冰滑梯排队虽久但值得，尖叫声不断。
2024-11-23,4,positive,今年冰雕规模比去年更大了，很壮观。
2024-11-23,3,neutral,停车场离入口有点远，走了好久。
2024-11-23,5,positive,冰上龙舟很有创意，适合全家一起玩。
2024-11-23,5,positive,虽然人多但是氛围感很棒，冰雪的快乐。
2024-11-23,4,positive,极地馆的企鹅太可爱了，拍了好多照片。
2024-11-23,3,neutral,冰雕很美，但是餐厅价格偏高。
2024-11-23,4,positive,极地馆的企鹅太可爱了，拍了好多照片。
2024-11-23,3,neutral,停车场离入口有点远，走了好久。
2024-11-23,5,positive,夜场的冰灯特别漂亮，像童话世界一样。
2024-11-23,5,positive,适合拍照打卡，随手一拍都是大片。
2024-11-23,5,positive,极地馆的企鹅太可爱了，拍了好多照片。
2024-11-23,4,positive,夜场的冰灯特别漂亮，像童话世界一样。
2024-11-23,5,positive,冰酒吧体验独特，零下30度喝热饮很特别。
2024-11-23,3,neutral,停车场离入口有点远，走了好久。
2024-11-23,4,positive,冰雪大世界的灯光秀太震撼了，音乐配合得绝佳！
2024-11-23,2,negative,停车费贵得离谱，而且不好找车位。
2024-11-23,3,neutral,白天看一般，晚上亮灯后效果才好。
2024-11-23,5,positive,极地馆的企鹅太可爱了，拍了好多照片。
2024-11-23,4,positive,冰雪大世界的灯光秀太震撼了，音乐配合得绝佳！
2024-11-23,4,positive,冰雪大世界的灯光秀太震撼了，音乐配合得绝佳！
2024-11-23,5,positive,极地馆的企鹅太可爱了，拍了好多照片。
2024-11-23,2,negative,门票太贵了，性价比低。
2024-11-23,5,positive,冰滑梯排队虽久但值得，尖叫声不断。
2024-11-23,3,neutral,中规中矩的一次体验，和预期差不多。
2024-11-23,5,positive,冰上龙舟很有创意，适合全家一起玩。
2024-11-23,3,neutral,园区很大，走得腿都酸了，建议多设休息点。
2024-11-23,3,neutral,票价有点贵，不过冰雕确实不错。
2024-11-23,4,positive,冰上龙舟很有创意，适合全家一起玩。
2024-11-23,4,positive,大滑梯超刺激，排队时间也在可接受范围内。
2024-11-24,5,positive,今年冰雕规模比去年更大了，很壮观。
2024-11-24,4,positive,服务态度很好，园区管理有序。
2024-11-24,4,positive,大滑梯超刺激，排队时间也在可接受范围内。
2024-11-24,1,negative,餐饮又贵又难吃，建议自带食物。
2024-11-24,5,positive,大滑梯超刺激，排队时间也在可接受范围内。
2024-11-24,4,positive,太美了！冰雕非常震撼，下次还来。
2024-11-24,4,positive,太美了！冰雕非常震撼，下次还来。
2024-11-24,4,positive,极地馆的企鹅太可爱了，拍了好多照片。
2024-11-24,5,positive,虽然人多但是氛围感很棒，冰雪的快乐。
2024-11-24,2,negative,餐饮又贵又难吃，建议自带食物。
2024-11-24,2,negative,地上太滑了，差点摔倒好几次。
2024-11-24,1,negative,门票太贵了，性价比低。
2024-11-24,2,negative,冰雕有些已经开始融化，维护不及时。
2024-11-24,5,positive,极地馆的企鹅太可爱了，拍了好多照片。
2024-11-24,5,positive,太美了！冰雕非常震撼，下次还来。
2024-11-24,1,negative,冰雕有些已经开始融化，维护不及时。
2024-11-24,5,positive,主办方今年安排得很用心，动线合理不绕路。
2024-11-24,5,positive,冰上龙舟很有创意，适合全家一起玩。
2024-11-24,3,neutral,冰雕很美，但是餐厅价格偏高。
2024-11-24,1,negative,排队排了2个小时，体验很差。
2024-11-24,1,negative,工作人员态度不好，问路都不理。
2024-11-24,4,positive,主办方今年安排得很用心，动线合理不绕路。
2024-11-24,4,positive,大滑梯超刺激，排队时间也在可接受范围内。
2024-11-24,4,positive,冰酒吧体验独特，零下30度喝热饮很特别。
2024-11-24,4,positive,虽然冷但值得，哈尔滨的冬天名不虚传。
2024-11-24,2,negative,排队排了2个小时，体验很差。
2024-11-24,2,negative,卫生间太少了，排队比看冰雕还久。
2024-11-24,5,positive,今年冰雕规模比去年更大了，很壮观。
2024-11-24,5,positive,虽然冷但值得，哈尔滨的冬天名不虚传。
2024-11-24,4,positive,服务态度很好，园区管理有序。
2024-11-24,3,neutral,白天看一般，晚上亮灯后效果才好。
2024-11-24,2,negative,工作人员态度不好，问路都不理。
2024-11-24,4,positive,虽然冷但值得，哈尔滨的冬天名不虚传。
2024-11-24,3,neutral,人太多了，建议工作日去。
2024-11-24,3,neutral,白天看一般，晚上亮灯后效果才好。
2024-11-24,5,positive,虽然人多但是氛围感很棒，冰雪的快乐。
2024-11-25,4,positive,服务态度很好，园区管理有序。
2024-11-25,1,negative,人挤人，根本没心情看冰雕。
2024-11-25,4,positive,大滑梯超刺激，排队时间也在可接受范围内。
2024-11-25,3,neutral,票价有点贵，不过冰雕确实不错。
2024-11-25,5,positive,服务态度很好，园区管理有序。
2024-11-25,3,neutral,园区很大，走得腿都酸了，建议多设休息点。
2024-11-25,3,neutral,冰雕很美，但是餐厅价格偏高。
2024-11-25,1,negative,门票太贵了，性价比低。
2024-11-25,3,neutral,冰雕很美，但是餐厅价格偏高。
2024-11-25,1,negative,工作人员态度不好，问路都不理。
2024-11-25,4,positive,虽然冷但值得，哈尔滨的冬天名不虚传。
2024-11-25,3,neutral,票价有点贵，不过冰雕确实不错。
2024-11-25,1,negative,餐饮又贵又难吃，建议自带食物。
2024-11-25,5,positive,夜场的冰灯特别漂亮，像童话世界一样。
2024-11-25,4,positive,大滑梯超刺激，排队时间也在可接受范围内。
2024-11-25,5,positive,带孩子来的，小朋友玩得很开心，推荐！
2024-11-25,3,neutral,停车场离入口有点远，走了好久。
2024-11-25,2,negative,停车费贵得离谱，而且不好找车位。
2024-11-25,1,negative,冰雕有些已经开始融化，维护不及时。
2024-11-25,3,neutral,冰雕很美，但是餐厅价格偏高。
2024-11-25,3,neutral,停车场离入口有点远，走了好久。
2024-11-25,2,negative,人挤人，根本没心情看冰雕。
2024-11-25,5,positive,今年冰雕规模比去年更大了，很壮观。
2024-11-25,4,positive,太美了！冰雕非常震撼，下次还来。
2024-11-25,5,positive,夜场的冰灯特别漂亮，像童话世界一样。
2024-11-25,3,neutral,总体还行，就是排队太久了。
2024-11-25,3,neutral,总体还行，就是排队太久了。
2024-11-25,5,positive,夜场的冰灯特别漂亮，像童话世界一样。
2024-11-26,4,positive,带孩子来的，小朋友玩得很开心，推荐！
2024-11-26,4,positive,大滑梯超刺激，排队时间也在可接受范围内。
2024-11-26,2,negative,门票太贵了，性价比低。
2024-11-26,5,positive,夜场的冰灯特别漂亮，像童话世界一样。
2024-11-26,3,neutral,停车场离入口有点远，走了好久。
2024-11-26,5,positive,适合拍照打卡，随手一拍都是大片。
2024-11-26,5,positive,太美了！冰雕非常震撼，下次还来。
2024-11-26,5,positive,虽然冷但值得，哈尔滨的冬天名不虚传。
2024-11-26,2,negative,太冷了，园区取暖设施不够。
2024-11-26,3,neutral,人太多了，建议工作日去。
2024-11-26,1,negative,排队排了2个小时，体验很差。
2024-11-26,5,positive,冰上龙舟很有创意，适合全家一起玩。
2024-11-26,4,positive,虽然冷但值得，哈尔滨的冬天名不虚传。
2024-11-26,5,positive,今年冰雕规模比去年更大了，很壮观。
2024-11-26,4,positive,服务态度很好，园区管理有序。
2024-11-26,5,positive,大滑梯超刺激，排队时间也在可接受范围内。
2024-11-26,3,neutral,停车场离入口有点远，走了好久。
2024-11-26,4,positive,今年冰雕规模比去年更大了，很壮观。
2024-11-26,2,negative,冰雕有些已经开始融化，维护不及时。
2024-11-26,2,negative,排队排了2个小时，体验很差。
2024-11-26,4,positive,今年冰雕规模比去年更大了，很壮观。
2024-11-26,4,positive,带孩子来的，小朋友玩得很开心，推荐！
2024-11-26,5,positive,虽然人多但是氛围感很棒，冰雪的快乐。
2024-11-26,3,neutral,人太多了，建议工作日去。
2024-11-26,4,positive,太美了！冰雕非常震撼，下次还来。
2024-11-26,3,neutral,冰雕很美，但是餐厅价格偏高。
2024-11-26,2,negative,工作人员态度不好，问路都不理。
2024-11-26,5,positive,带孩子来的，小朋友玩得很开心，推荐！
2024-11-26,1,negative,卫生间太少了，排队比看冰雕还久。
2024-11-26,4,positive,冰上龙舟很有创意，适合全家一起玩。
2024-11-26,4,positive,夜场的冰灯特别漂亮，像童话世界一样。
2024-11-26,3,neutral,园区很大，走得腿都酸了，建议多设休息点。
2024-11-27,5,positive,冰滑梯排队虽久但值得，尖叫声不断。
2024-11-27,5,positive,虽然人多但是氛围感很棒，冰雪的快乐。
2024-11-27,4,positive,大滑梯超刺激，排队时间也在可接受范围内。
2024-11-27,5,positive,虽然人多但是氛围感很棒，冰雪的快乐。
2024-11-27,4,positive,服务态度很好，园区管理有序。
2024-11-27,5,positive,虽然人多但是氛围感很棒，冰雪的快乐。
2024-11-27,2,negative,排队排了2个小时，体验很差。
2024-11-27,3,neutral,票价有点贵，不过冰雕确实不错。
2024-11-27,4,positive,主办方今年安排得很用心，动线合理不绕路。
2024-11-27,1,negative,人挤人，根本没心情看冰雕。
2024-11-27,3,neutral,白天看一般，晚上亮灯后效果才好。
2024-11-27,5,positive,主办方今年安排得很用心，动线合理不绕路。
2024-11-27,3,neutral,停车场离入口有点远，走了好久。
2024-11-27,4,positive,虽然冷但值得，哈尔滨的冬天名不虚传。
2024-11-27,2,negative,排队排了2个小时，体验很差。
2024-11-27,5,positive,虽然冷但值得，哈尔滨的冬天名不虚传。
2024-11-27,2,negative,冰雕有些已经开始融化，维护不及时。
2024-11-27,4,positive,适合拍照打卡，随手一拍都是大片。
2024-11-27,4,positive,主办方今年安排得很用心，动线合理不绕路。
2024-11-28,3,neutral,票价有点贵，不过冰雕确实不错。
2024-11-28,5,positive,极地馆的企鹅太可爱了，拍了好多照片。
2024-11-28,2,negative,人挤人，根本没心情看冰雕。
2024-11-28,1,negative,冰雕有些已经开始融化，维护不及时。
2024-11-28,5,positive,服务态度很好，园区管理有序。
2024-11-28,3,neutral,冰雕很美，但是餐厅价格偏高。
2024-11-28,5,positive,冰滑梯排队虽久但值得，尖叫声不断。
2024-11-28,5,positive,今年冰雕规模比去年更大了，很壮观。
2024-11-28,5,positive,夜场的冰灯特别漂亮，像童话世界一样。
2024-11-28,2,negative,排队排了2个小时，体验很差。
2024-11-28,5,positive,适合拍照打卡，随手一拍都是大片。
2024-11-28,5,positive,冰滑梯排队虽久但值得，尖叫声不断。
2024-11-28,4,positive,极地馆的企鹅太可爱了，拍了好多照片。
2024-11-28,5,positive,极地馆的企鹅太可爱了，拍了好多照片。
2024-11-28,1,negative,太冷了，园区取暖设施不够。
2024-11-28,4,positive,大滑梯超刺激，排队时间也在可接受范围内。
2024-11-28,3,neutral,停车场离入口有点远，走了好久。
2024-11-28,5,positive,冰雪大世界的灯光秀太震撼了，音乐配合得绝佳！
2024-11-28,4,positive,大滑梯超刺激，排队时间也在可接受范围内。
2024-11-28,4,positive,虽然冷但值得，哈尔滨的冬天名不虚传。
2024-11-28,3,neutral,中规中矩的一次体验，和预期差不多。
2024-11-28,4,positive,冰滑梯排队虽久但值得，尖叫声不断。
2024-11-29,3,neutral,总体还行，就是排队太久了。
2024-11-29,4,positive,虽然人多但是氛围感很棒，冰雪的快乐。
2024-11-29,2,negative,人挤人，根本没心情看冰雕。
2024-11-29,3,neutral,票价有点贵，不过冰雕确实不错。
2024-11-29,1,negative,人挤人，根本没心情看冰雕。
2024-11-29,3,neutral,白天看一般，晚上亮灯后效果才好。
2024-11-29,2,negative,地上太滑了，差点摔倒好几次。
2024-11-29,3,neutral,总体还行，就是排队太久了。
2024-11-29,5,positive,夜场的冰灯特别漂亮，像童话世界一样。
2024-11-29,4,positive,主办方今年安排得很用心，动线合理不绕路。
2024-11-29,4,positive,大滑梯超刺激，排队时间也在可接受范围内。
2024-11-29,5,positive,冰酒吧体验独特，零下30度喝热饮很特别。
2024-11-29,5,positive,带孩子来的，小朋友玩得很开心，推荐！
2024-11-29,1,negative,工作人员态度不好，问路都不理。
2024-11-29,3,neutral,园区很大，走得腿都酸了，建议多设休息点。
2024-11-29,3,neutral,总体还行，就是排队太久了。
2024-11-29,3,neutral,总体还行，就是排队太久了。
2024-11-29,5,positive,冰酒吧体验独特，零下30度喝热饮很特别。
2024-11-29,4,positive,主办方今年安排得很用心，动线合理不绕路。
2024-11-29,4,positive,适合拍照打卡，随手一拍都是大片。
2024-11-29,4,positive,冰上龙舟很有创意，适合全家一起玩。
2024-11-29,3,neutral,人太多了，建议工作日去。
2024-11-29,3,neutral,中规中矩的一次体验，和预期差不多。
2024-11-29,3,neutral,票价有点贵，不过冰雕确实不错。
2024-11-29,4,positive,虽然冷但值得，哈尔滨的冬天名不虚传。
2024-11-29,1,negative,餐饮又贵又难吃，建议自带食物。
2024-11-29,4,positive,冰上龙舟很有创意，适合全家一起玩。
2024-11-29,4,positive,带孩子来的，小朋友玩得很开心，推荐！
2024-11-30,4,positive,冰雪大世界的灯光秀太震撼了，音乐配合得绝佳！
2024-11-30,2,negative,停车费贵得离谱，而且不好找车位。
2024-11-30,4,positive,今年冰雕规模比去年更大了，很壮观。
2024-11-30,5,positive,冰滑梯排队虽久但值得，尖叫声不断。
2024-11-30,4,positive,主办方今年安排得很用心，动线合理不绕路。
2024-11-30,4,positive,冰雪大世界的灯光秀太震撼了，音乐配合得绝佳！
2024-11-30,5,positive,太美了！冰雕非常震撼，下次还来。
2024-11-30,3,neutral,总体还行，就是排队太久了。
2024-11-30,4,positive,今年冰雕规模比去年更大了，很壮观。
2024-11-30,4,positive,冰雪大世界的灯光秀太震撼了，音乐配合得绝佳！
2024-11-30,5,positive,夜场的冰灯特别漂亮，像童话世界一样。
2024-11-30,5,positive,适合拍照打卡，随手一拍都是大片。
2024-11-30,4,positive,极地馆的企鹅太可爱了，拍了好多照片。
2024-11-30,4,positive,主办方今年安排得很用心，动线合理不绕路。
2024-11-30,3,neutral,票价有点贵，不过冰雕确实不错。
2024-11-30,5,positive,夜场的冰灯特别漂亮，像童话世界一样。
2024-11-30,2,negative,冰雕有些已经开始融化，维护不及时。
2024-11-30,5,positive,虽然冷但值得，哈尔滨的冬天名不虚传。
2024-11-30,5,positive,今年冰雕规模比去年更大了，很壮观。
2024-11-30,2,negative,卫生间太少了，排队比看冰雕还久。
2024-11-30,5,positive,主办方今年安排得很用心，动线合理不绕路。
2024-11-30,5,positive,冰雪大世界的灯光秀太震撼了，音乐配合得绝佳！
2024-12-24,2,negative,地上太滑了，差点摔倒好几次。
2024-12-24,3,neutral,停车场离入口有点远，走了好久。
2024-12-24,4,positive,适合拍照打卡，随手一拍都是大片。
2024-12-24,4,positive,虽然冷但值得，哈尔滨的冬天名不虚传。
2024-12-24,5,positive,太美了！冰雕非常震撼，下次还来。
2024-12-24,3,neutral,白天看一般，晚上亮灯后效果才好。
2024-12-24,4,positive,今年冰雕规模比去年更大了，很壮观。
2024-12-24,5,positive,适合拍照打卡，随手一拍都是大片。
2024-12-24,4,positive,夜场的冰灯特别漂亮，像童话世界一样。
2024-12-24,3,neutral,冰雕很美，但是餐厅价格偏高。
2024-12-24,3,neutral,总体还行，就是排队太久了。
2024-12-24,2,negative,冰雕有些已经开始融化，维护不及时。
2024-12-24,3,neutral,停车场离入口有点远，走了好久。
2024-12-24,4,positive,极地馆的企鹅太可爱了，拍了好多照片。
2024-12-24,3,neutral,冰雕很美，但是餐厅价格偏高。
2024-12-24,1,negative,卫生间太少了，排队比看冰雕还久。
2024-12-24,5,positive,适合拍照打卡，随手一拍都是大片。
2024-12-24,1,negative,冰雕有些已经开始融化，维护不及时。
2024-12-24,3,neutral,园区很大，走得腿都酸了，建议多设休息点。
2024-12-24,5,positive,冰酒吧体验独特，零下30度喝热饮很特别。
2024-12-24,5,positive,夜场的冰灯特别漂亮，像童话世界一样。
2024-12-24,5,positive,极地馆的企鹅太可爱了，拍了好多照片。
2024-12-24,5,positive,今年冰雕规模比去年更大了，很壮观。
2024-12-24,3,neutral,中规中矩的一次体验，和预期差不多。
2024-12-24,5,positive,适合拍照打卡，随手一拍都是大片。
2024-12-24,3,neutral,停车场离入口有点远，走了好久。
2024-12-24,4,positive,大滑梯超刺激，排队时间也在可接受范围内。
2024-12-24,4,positive,虽然人多但是氛围感很棒，冰雪的快乐。
2024-12-24,2,negative,停车费贵得离谱，而且不好找车位。
2024-12-24,3,neutral,人太多了，建议工作日去。
2024-12-24,4,positive,带孩子来的，小朋友玩得很开心，推荐！
2024-12-25,4,positive,极地馆的企鹅太可爱了，拍了好多照片。
2024-12-25,4,positive,夜场的冰灯特别漂亮，像童话世界一样。
2024-12-25,4,positive,冰上龙舟很有创意，适合全家一起玩。
2024-12-25,3,neutral,冰雕很美，但是餐厅价格偏高。
2024-12-25,1,negative,门票太贵了，性价比低。
2024-12-25,5,positive,极地馆的企鹅太可爱了，拍了好多照片。
2024-12-25,5,positive,今年冰雕规模比去年更大了，很壮观。
2024-12-25,5,positive,冰上龙舟很有创意，适合全家一起玩。
2024-12-25,5,positive,太美了！冰雕非常震撼，下次还来。
2024-12-25,1,negative,卫生间太少了，排队比看冰雕还久。
2024-12-25,5,positive,服务态度很好，园区管理有序。
2024-12-25,4,positive,适合拍照打卡，随手一拍都是大片。
2024-12-25,4,positive,夜场的冰灯特别漂亮，像童话世界一样。
2024-12-25,4,positive,冰滑梯排队虽久但值得，尖叫声不断。
2024-12-25,4,positive,太美了！冰雕非常震撼，下次还来。
2024-12-25,4,positive,冰酒吧体验独特，零下30度喝热饮很特别。
2024-12-25,5,positive,虽然人多但是氛围感很棒，冰雪的快乐。
2024-12-25,4,positive,今年冰雕规模比去年更大了，很壮观。
2024-12-25,4,positive,主办方今年安排得很用心，动线合理不绕路。
2024-12-25,5,positive,冰酒吧体验独特，零下30度喝热饮很特别。
2024-12-25,4,positive,虽然冷但值得，哈尔滨的冬天名不虚传。
2024-12-25,3,neutral,中规中矩的一次体验，和预期差不多。
2024-12-25,5,positive,适合拍照打卡，随手一拍都是大片。
2024-12-25,1,negative,太冷了，园区取暖设施不够。
2024-12-25,3,neutral,白天看一般，晚上亮灯后效果才好。
2024-12-25,4,positive,虽然冷但值得，哈尔滨的冬天名不虚传。
2024-12-25,1,negative,卫生间太少了，排队比看冰雕还久。
2024-12-25,5,positive,冰雪大世界的灯光秀太震撼了，音乐配合得绝佳！
2024-12-25,5,positive,冰上龙舟很有创意，适合全家一起玩。
2024-12-25,4,positive,主办方今年安排得很用心，动线合理不绕路。
2024-12-25,5,positive,极地馆的企鹅太可爱了，拍了好多照片。
2024-12-25,5,positive,夜场的冰灯特别漂亮，像童话世界一样。
2024-12-25,5,positive,冰酒吧体验独特，零下30度喝热饮很特别。
2024-12-25,4,positive,大滑梯超刺激，排队时间也在可接受范围内。
2024-12-25,1,negative,地上太滑了，差点摔倒好几次。
2024-12-25,4,positive,服务态度很好，园区管理有序。
2024-12-26,5,positive,冰雪大世界的灯光秀太震撼了，音乐配合得绝佳！
2024-12-26,5,positive,今年冰雕规模比去年更大了，很壮观。
2024-12-26,5,positive,带孩子来的，小朋友玩得很开心，推荐！
2024-12-26,5,positive,带孩子来的，小朋友玩得很开心，推荐！
2024-12-26,4,positive,极地馆的企鹅太可爱了，拍了好多照片。
2024-12-26,4,positive,冰雪大世界的灯光秀太震撼了，音乐配合得绝佳！
2024-12-26,3,neutral,票价有点贵，不过冰雕确实不错。
2024-12-26,4,positive,太美了！冰雕非常震撼，下次还来。
2024-12-26,3,neutral,人太多了，建议工作日去。
2024-12-26,1,negative,餐饮又贵又难吃，建议自带食物。
2024-12-26,5,positive,虽然人多但是氛围感很棒，冰雪的快乐。
2024-12-26,3,neutral,总体还行，就是排队太久了。
2024-12-26,4,positive,虽然冷但值得，哈尔滨的冬天名不虚传。
2024-12-26,3,neutral,票价有点贵，不过冰雕确实不错。
2024-12-26,3,neutral,停车场离入口有点远，走了好久。
2024-12-26,5,positive,虽然冷但值得，哈尔滨的冬天名不虚传。
2024-12-26,1,negative,太冷了，园区取暖设施不够。
2024-12-26,3,neutral,总体还行，就是排队太久了。
2024-12-26,5,positive,冰酒吧体验独特，零下30度喝热饮很特别。
2024-12-26,5,positive,冰雪大世界的灯光秀太震撼了，音乐配合得绝佳！
2024-12-26,4,positive,虽然人多但是氛围感很棒，冰雪的快乐。
2024-12-26,3,neutral,白天看一般，晚上亮灯后效果才好。
2024-12-26,1,negative,冰雕有些已经开始融化，维护不及时。
2024-12-26,4,positive,极地馆的企鹅太可爱了，拍了好多照片。
2024-12-26,4,positive,冰酒吧体验独特，零下30度喝热饮很特别。
2024-12-26,1,negative,停车费贵得离谱，而且不好找车位。
2024-12-26,1,negative,门票太贵了，性价比低。
2024-12-26,3,neutral,总体还行，就是排队太久了。
2024-12-26,5,positive,今年冰雕规模比去年更大了，很壮观。
2024-12-27,1,negative,人挤人，根本没心情看冰雕。
2024-12-27,3,neutral,票价有点贵，不过冰雕确实不错。
2024-12-27,3,neutral,总体还行，就是排队太久了。
2024-12-27,5,positive,冰滑梯排队虽久但值得，尖叫声不断。
2024-12-27,3,neutral,园区很大，走得腿都酸了，建议多设休息点。
2024-12-27,4,positive,冰雪大世界的灯光秀太震撼了，音乐配合得绝佳！
2024-12-27,3,neutral,停车场离入口有点远，走了好久。
2024-12-27,4,positive,冰滑梯排队虽久但值得，尖叫声不断。
2024-12-27,2,negative,太冷了，园区取暖设施不够。
2024-12-27,5,positive,冰上龙舟很有创意，适合全家一起玩。
2024-12-27,3,neutral,总体还行，就是排队太久了。
2024-12-27,5,positive,今年冰雕规模比去年更大了，很壮观。
2024-12-27,1,negative,卫生间太少了，排队比看冰雕还久。
2024-12-27,3,neutral,白天看一般，晚上亮灯后效果才好。
2024-12-27,5,positive,虽然人多但是氛围感很棒，冰雪的快乐。
2024-12-27,4,positive,今年冰雕规模比去年更大了，很壮观。
2024-12-27,5,positive,主办方今年安排得很用心，动线合理不绕路。
2024-12-27,3,neutral,总体还行，就是排队太久了。
2024-12-27,1,negative,停车费贵得离谱，而且不好找车位。
2024-12-27,3,neutral,冰雕很美，但是餐厅价格偏高。
2024-12-27,1,negative,卫生间太少了，排队比看冰雕还久。
2024-12-27,4,positive,太美了！冰雕非常震撼，下次还来。
2024-12-27,4,positive,适合拍照打卡，随手一拍都是大片。
2024-12-27,4,positive,带孩子来的，小朋友玩得很开心，推荐！
2024-12-27,3,neutral,冰雕很美，但是餐厅价格偏高。
2024-12-27,1,negative,太冷了，园区取暖设施不够。
2024-12-27,3,neutral,园区很大，走得腿都酸了，建议多设休息点。
2024-12-27,2,negative,卫生间太少了，排队比看冰雕还久。
2024-12-27,4,positive,带孩子来的，小朋友玩得很开心，推荐！
2024-12-27,5,positive,带孩子来的，小朋友玩得很开心，推荐！
2024-12-28,1,negative,人挤人，根本没心情看冰雕。
2024-12-28,5,positive,极地馆的企鹅太可爱了，拍了好多照片。
2024-12-28,3,neutral,白天看一般，晚上亮灯后效果才好。
2024-12-28,4,positive,虽然冷但值得，哈尔滨的冬天名不虚传。
2024-12-28,3,neutral,园区很大，走得腿都酸了，建议多设休息点。
2024-12-28,4,positive,极地馆的企鹅太可爱了，拍了好多照片。
2024-12-28,4,positive,冰雪大世界的灯光秀太震撼了，音乐配合得绝佳！
2024-12-28,2,negative,人挤人，根本没心情看冰雕。
2024-12-28,3,neutral,人太多了，建议工作日去。
2024-12-28,4,positive,极地馆的企鹅太可爱了，拍了好多照片。
2024-12-28,1,negative,卫生间太少了，排队比看冰雕还久。
2024-12-28,1,negative,工作人员态度不好，问路都不理。
2024-12-28,2,negative,太冷了，园区取暖设施不够。
2024-12-28,3,neutral,中规中矩的一次体验，和预期差不多。
2024-12-28,4,positive,冰雪大世界的灯光秀太震撼了，音乐配合得绝佳！
2024-12-28,3,neutral,停车场离入口有点远，走了好久。
2024-12-28,3,neutral,白天看一般，晚上亮灯后效果才好。
2024-12-28,3,neutral,票价有点贵，不过冰雕确实不错。
2024-12-28,4,positive,夜场的冰灯特别漂亮，像童话世界一样。
2024-12-28,3,neutral,人太多了，建议工作日去。
2024-12-28,4,positive,极地馆的企鹅太可爱了，拍了好多照片。
2024-12-28,5,positive,服务态度很好，园区管理有序。
2024-12-28,3,neutral,中规中矩的一次体验，和预期差不多。
2024-12-28,3,neutral,人太多了，建议工作日去。
2024-12-28,2,negative,卫生间太少了，排队比看冰雕还久。
2024-12-28,1,negative,停车费贵得离谱，而且不好找车位。
2024-12-28,4,positive,冰上龙舟很有创意，适合全家一起玩。
2024-12-28,5,positive,冰滑梯排队虽久但值得，尖叫声不断。
2024-12-28,5,positive,今年冰雕规模比去年更大了，很壮观。
2024-12-28,1,negative,地上太滑了，差点摔倒好几次。
2024-12-28,5,positive,极地馆的企鹅太可爱了，拍了好多照片。
2024-12-28,1,negative,地上太滑了，差点摔倒好几次。
2024-12-28,3,neutral,中规中矩的一次体验，和预期差不多。
2024-12-28,5,positive,服务态度很好，园区管理有序。
2024-12-28,4,positive,主办方今年安排得很用心，动线合理不绕路。
2024-12-28,1,negative,工作人员态度不好，问路都不理。
2024-12-28,4,positive,虽然人多但是氛围感很棒，冰雪的快乐。
2024-12-28,3,neutral,中规中矩的一次体验，和预期差不多。
2024-12-28,4,positive,冰酒吧体验独特，零下30度喝热饮很特别。
2024-12-29,5,positive,虽然冷但值得，哈尔滨的冬天名不虚传。
2024-12-29,2,negative,停车费贵得离谱，而且不好找车位。
2024-12-29,5,positive,极地馆的企鹅太可爱了，拍了好多照片。
2024-12-29,5,positive,虽然冷但值得，哈尔滨的冬天名不虚传。
2024-12-29,3,neutral,白天看一般，晚上亮灯后效果才好。
2024-12-29,2,negative,卫生间太少了，排队比看冰雕还久。
2024-12-29,5,positive,冰滑梯排队虽久但值得，尖叫声不断。
2024-12-29,4,positive,适合拍照打卡，随手一拍都是大片。
2024-12-29,4,positive,大滑梯超刺激，排队时间也在可接受范围内。
2024-12-29,4,positive,今年冰雕规模比去年更大了，很壮观。
2024-12-29,5,positive,冰上龙舟很有创意，适合全家一起玩。
2024-12-29,4,positive,冰上龙舟很有创意，适合全家一起玩。
2024-12-29,5,positive,服务态度很好，园区管理有序。
2024-12-29,4,positive,太美了！冰雕非常震撼，下次还来。
2024-12-29,4,positive,适合拍照打卡，随手一拍都是大片。
2024-12-29,1,negative,排队排了2个小时，体验很差。
2024-12-29,4,positive,大滑梯超刺激，排队时间也在可接受范围内。
2024-12-29,1,negative,停车费贵得离谱，而且不好找车位。
2024-12-29,4,positive,太美了！冰雕非常震撼，下次还来。
2024-12-29,1,negative,卫生间太少了，排队比看冰雕还久。
2024-12-29,4,positive,夜场的冰灯特别漂亮，像童话世界一样。
2024-12-29,5,positive,冰滑梯排队虽久但值得，尖叫声不断。
2024-12-29,5,positive,大滑梯超刺激，排队时间也在可接受范围内。
2024-12-29,5,positive,太美了！冰雕非常震撼，下次还来。
2024-12-29,3,neutral,冰雕很美，但是餐厅价格偏高。
2024-12-29,5,positive,虽然冷但值得，哈尔滨的冬天名不虚传。
2024-12-29,5,positive,虽然冷但值得，哈尔滨的冬天名不虚传。
2024-12-29,5,positive,虽然人多但是氛围感很棒，冰雪的快乐。
2024-12-29,2,negative,地上太滑了，差点摔倒好几次。
2024-12-29,5,positive,太美了！冰雕非常震撼，下次还来。
2024-12-29,3,neutral,冰雕很美，但是餐厅价格偏高。
2024-12-29,5,positive,冰滑梯排队虽久但值得，尖叫声不断。
2024-12-29,4,positive,极地馆的企鹅太可爱了，拍了好多照片。
2024-12-29,3,neutral,人太多了，建议工作日去。
2024-12-29,3,neutral,票价有点贵，不过冰雕确实不错。
2024-12-30,3,neutral,总体还行，就是排队太久了。
2024-12-30,3,neutral,停车场离入口有点远，走了好久。
2024-12-30,4,positive,今年冰雕规模比去年更大了，很壮观。
2024-12-30,3,neutral,人太多了，建议工作日去。
2024-12-30,3,neutral,人太多了，建议工作日去。
2024-12-30,1,negative,门票太贵了，性价比低。
2024-12-30,3,neutral,中规中矩的一次体验，和预期差不多。
2024-12-30,3,neutral,园区很大，走得腿都酸了，建议多设休息点。
2024-12-30,4,positive,虽然冷但值得，哈尔滨的冬天名不虚传。
2024-12-30,5,positive,大滑梯超刺激，排队时间也在可接受范围内。
2024-12-30,4,positive,主办方今年安排得很用心，动线合理不绕路。
2024-12-30,3,neutral,冰雕很美，但是餐厅价格偏高。
2024-12-30,5,positive,带孩子来的，小朋友玩得很开心，推荐！
2024-12-30,3,neutral,白天看一般，晚上亮灯后效果才好。
2024-12-30,3,neutral,园区很大，走得腿都酸了，建议多设休息点。
2024-12-30,5,positive,适合拍照打卡，随手一拍都是大片。
2024-12-30,2,negative,太冷了，园区取暖设施不够。
2024-12-30,1,negative,地上太滑了，差点摔倒好几次。
2024-12-30,5,positive,主办方今年安排得很用心，动线合理不绕路。
2024-12-30,4,positive,冰上龙舟很有创意，适合全家一起玩。
2024-12-30,5,positive,夜场的冰灯特别漂亮，像童话世界一样。
2024-12-30,5,positive,冰上龙舟很有创意，适合全家一起玩。
2024-12-30,3,neutral,票价有点贵，不过冰雕确实不错。
2024-12-30,1,negative,停车费贵得离谱，而且不好找车位。
2024-12-30,5,positive,冰雪大世界的灯光秀太震撼了，音乐配合得绝佳！
2024-12-30,3,neutral,冰雕很美，但是餐厅价格偏高。
2024-12-30,3,neutral,总体还行，就是排队太久了。
2024-12-30,2,negative,停车费贵得离谱，而且不好找车位。
2024-12-30,5,positive,服务态度很好，园区管理有序。
2024-12-30,3,neutral,票价有点贵，不过冰雕确实不错。
2024-12-30,1,negative,排队排了2个小时，体验很差。
2024-12-30,4,positive,冰滑梯排队虽久但值得，尖叫声不断。
2024-12-30,4,positive,主办方今年安排得很用心，动线合理不绕路。
2024-12-30,1,negative,地上太滑了，差点摔倒好几次。
2024-12-30,2,negative,地上太滑了，差点摔倒好几次。
2024-12-30,5,positive,冰滑梯排队虽久但值得，尖叫声不断。
2024-12-30,2,negative,工作人员态度不好，问路都不理。
2024-12-30,4,positive,服务态度很好，园区管理有序。
2024-12-30,4,positive,冰滑梯排队虽久但值得，尖叫声不断。
2024-12-30,3,neutral,票价有点贵，不过冰雕确实不错。
2024-12-30,1,negative,人挤人，根本没心情看冰雕。
2024-12-30,3,neutral,总体还行，就是排队太久了。
2024-12-30,3,neutral,白天看一般，晚上亮灯后效果才好。
2024-12-30,1,negative,排队排了2个小时，体验很差。
2024-12-30,4,positive,大滑梯超刺激，排队时间也在可接受范围内。
2024-12-30,4,positive,极地馆的企鹅太可爱了，拍了好多照片。
2024-12-30,5,positive,太美了！冰雕非常震撼，下次还来。
2024-12-30,1,negative,地上太滑了，差点摔倒好几次。
2024-12-30,1,negative,卫生间太少了，排队比看冰雕还久。
2024-12-30,4,positive,冰酒吧体验独特，零下30度喝热饮很特别。
2024-12-30,5,positive,夜场的冰灯特别漂亮，像童话世界一样。
2024-12-30,3,neutral,中规中矩的一次体验，和预期差不多。
2024-12-30,1,negative,卫生间太少了，排队比看冰雕还久。
2024-12-30,3,neutral,园区很大，走得腿都酸了，建议多设休息点。
2024-12-30,3,neutral,人太多了，建议工作日去。
2024-12-31,5,positive,太美了！冰雕非常震撼，下次还来。
2024-12-31,4,positive,冰雪大世界的灯光秀太震撼了，音乐配合得绝佳！
2024-12-31,4,positive,适合拍照打卡，随手一拍都是大片。
2024-12-31,3,neutral,白天看一般，晚上亮灯后效果才好。
2024-12-31,4,positive,冰上龙舟很有创意，适合全家一起玩。
2024-12-31,4,positive,主办方今年安排得很用心，动线合理不绕路。
2024-12-31,2,negative,停车费贵得离谱，而且不好找车位。
2024-12-31,3,neutral,票价有点贵，不过冰雕确实不错。
2024-12-31,5,positive,虽然冷但值得，哈尔滨的冬天名不虚传。
2024-12-31,3,neutral,白天看一般，晚上亮灯后效果才好。
2024-12-31,4,positive,大滑梯超刺激，排队时间也在可接受范围内。
2024-12-31,2,negative,工作人员态度不好，问路都不理。
2024-12-31,5,positive,夜场的冰灯特别漂亮，像童话世界一样。
2024-12-31,5,positive,夜场的冰灯特别漂亮，像童话世界一样。
2024-12-31,5,positive,今年冰雕规模比去年更大了，很壮观。
2024-12-31,4,positive,带孩子来的，小朋友玩得很开心，推荐！
2024-12-31,4,positive,冰上龙舟很有创意，适合全家一起玩。
2024-12-31,5,positive,冰酒吧体验独特，零下30度喝热饮很特别。
2024-12-31,1,negative,排队排了2个小时，体验很差。
2024-12-31,5,positive,极地馆的企鹅太可爱了，拍了好多照片。
2024-12-31,3,neutral,白天看一般，晚上亮灯后效果才好。
2024-12-31,1,negative,门票太贵了，性价比低。
2024-12-31,5,positive,带孩子来的，小朋友玩得很开心，推荐！
2024-12-31,1,negative,工作人员态度不好，问路都不理。
2024-12-31,4,positive,极地馆的企鹅太可爱了，拍了好多照片。
2024-12-31,4,positive,服务态度很好，园区管理有序。
2024-12-31,2,negative,餐饮又贵又难吃，建议自带食物。
2024-12-31,2,negative,餐饮又贵又难吃，建议自带食物。
2024-12-31,5,positive,冰上龙舟很有创意，适合全家一起玩。
2024-12-31,3,neutral,园区很大，走得腿都酸了，建议多设休息点。
2024-12-31,4,positive,冰上龙舟很有创意，适合全家一起玩。
2024-12-31,5,positive,服务态度很好，园区管理有序。
2024-12-31,2,negative,停车费贵得离谱，而且不好找车位。
2024-12-31,3,neutral,园区很大，走得腿都酸了，建议多设休息点。
2024-12-31,2,negative,卫生间太少了，排队比看冰雕还久。
2025-01-01,5,positive,冰酒吧体验独特，零下30度喝热饮很特别。
2025-01-01,1,negative,卫生间太少了，排队比看冰雕还久。
2025-01-01,5,positive,虽然冷但值得，哈尔滨的冬天名不虚传。
2025-01-01,3,neutral,园区很大，走得腿都酸了，建议多设休息点。
2025-01-01,4,positive,带孩子来的，小朋友玩得很开心，推荐！
2025-01-01,4,positive,大滑梯超刺激，排队时间也在可接受范围内。
2025-01-01,3,neutral,白天看一般，晚上亮灯后效果才好。
2025-01-01,5,positive,今年冰雕规模比去年更大了，很壮观。
2025-01-01,5,positive,冰雪大世界的灯光秀太震撼了，音乐配合得绝佳！
2025-01-01,3,neutral,票价有点贵，不过冰雕确实不错。
2025-01-01,3,neutral,票价有点贵，不过冰雕确实不错。
2025-01-01,2,negative,工作人员态度不好，问路都不理。
2025-01-01,5,positive,服务态度很好，园区管理有序。
2025-01-01,3,neutral,中规中矩的一次体验，和预期差不多。
2025-01-01,3,neutral,中规中矩的一次体验，和预期差不多。
2025-01-01,4,positive,虽然冷但值得，哈尔滨的冬天名不虚传。
2025-01-01,1,negative,地上太滑了，差点摔倒好几次。
2025-01-01,5,positive,今年冰雕规模比去年更大了，很壮观。
2025-01-01,1,negative,停车费贵得离谱，而且不好找车位。
2025-01-01,5,positive,冰雪大世界的灯光秀太震撼了，音乐配合得绝佳！
2025-01-01,3,neutral,总体还行，就是排队太久了。
2025-01-01,3,neutral,冰雕很美，但是餐厅价格偏高。
2025-01-01,1,negative,餐饮又贵又难吃，建议自带食物。
2025-01-01,1,negative,地上太滑了，差点摔倒好几次。
2025-01-01,1,negative,停车费贵得离谱，而且不好找车位。
2025-01-01,1,negative,冰雕有些已经开始融化，维护不及时。
2025-01-01,5,positive,冰酒吧体验独特，零下30度喝热饮很特别。
2025-01-01,3,neutral,人太多了，建议工作日去。
2025-01-01,3,neutral,停车场离入口有点远，走了好久。
2025-01-01,3,neutral,总体还行，就是排队太久了。
2025-01-01,4,positive,冰滑梯排队虽久但值得，尖叫声不断。
2025-01-01,2,negative,人挤人，根本没心情看冰雕。
2025-01-01,5,positive,虽然冷但值得，哈尔滨的冬天名不虚传。
2025-01-01,5,positive,冰雪大世界的灯光秀太震撼了，音乐配合得绝佳！
2025-01-01,2,negative,地上太滑了，差点摔倒好几次。
2025-01-01,2,negative,餐饮又贵又难吃，建议自带食物。
2025-01-02,3,neutral,票价有点贵，不过冰雕确实不错。
2025-01-02,4,positive,带孩子来的，小朋友玩得很开心，推荐！
2025-01-02,1,negative,排队排了2个小时，体验很差。
2025-01-02,4,positive,虽然冷但值得，哈尔滨的冬天名不虚传。
2025-01-02,4,positive,冰酒吧体验独特，零下30度喝热饮很特别。
2025-01-02,4,positive,冰滑梯排队虽久但值得，尖叫声不断。
2025-01-02,2,negative,餐饮又贵又难吃，建议自带食物。
2025-01-02,4,positive,虽然人多但是氛围感很棒，冰雪的快乐。
2025-01-02,1,negative,门票太贵了，性价比低。
2025-01-02,5,positive,太美了！冰雕非常震撼，下次还来。
2025-01-02,1,negative,地上太滑了，差点摔倒好几次。
2025-01-02,3,neutral,票价有点贵，不过冰雕确实不错。
2025-01-02,3,neutral,冰雕很美，但是餐厅价格偏高。
2025-01-02,3,neutral,停车场离入口有点远，走了好久。
2025-01-02,3,neutral,停车场离入口有点远，走了好久。
2025-01-02,1,negative,排队排了2个小时，体验很差。
2025-01-02,4,positive,今年冰雕规模比去年更大了，很壮观。
2025-01-02,1,negative,人挤人，根本没心情看冰雕。
2025-01-02,4,positive,适合拍照打卡，随手一拍都是大片。
2025-01-02,5,positive,极地馆的企鹅太可爱了，拍了好多照片。
2025-01-02,2,negative,人挤人，根本没心情看冰雕。
2025-01-02,4,positive,虽然冷但值得，哈尔滨的冬天名不虚传。
2025-01-02,4,positive,极地馆的企鹅太可爱了，拍了好多照片。
2025-01-02,5,positive,极地馆的企鹅太可爱了，拍了好多照片。
2025-01-02,2,negative,门票太贵了，性价比低。
2025-01-02,1,negative,卫生间太少了，排队比看冰雕还久。
2025-01-02,3,neutral,停车场离入口有点远，走了好久。
2025-01-02,4,positive,冰酒吧体验独特，零下30度喝热饮很特别。
2025-01-02,5,positive,适合拍照打卡，随手一拍都是大片。
2025-01-02,4,positive,夜场的冰灯特别漂亮，像童话世界一样。
2025-01-02,3,neutral,总体还行，就是排队太久了。
2025-01-02,1,negative,工作人员态度不好，问路都不理。
2025-01-02,1,negative,停车费贵得离谱，而且不好找车位。
2025-01-02,5,positive,冰滑梯排队虽久但值得，尖叫声不断。
2025-01-02,4,positive,冰雪大世界的灯光秀太震撼了，音乐配合得绝佳！
2025-01-02,4,positive,极地馆的企鹅太可爱了，拍了好多照片。
2025-01-02,5,positive,太美了！冰雕非常震撼，下次还来。
2025-01-02,4,positive,大滑梯超刺激，排队时间也在可接受范围内。
2025-01-02,3,neutral,人太多了，建议工作日去。
2025-01-02,4,positive,太美了！冰雕非常震撼，下次还来。
2025-01-02,2,negative,门票太贵了，性价比低。
2025-01-02,5,positive,虽然冷但值得，哈尔滨的冬天名不虚传。
2025-01-02,4,positive,主办方今年安排得很用心，动线合理不绕路。
2025-01-02,3,neutral,冰雕很美，但是餐厅价格偏高。
2025-01-02,4,positive,太美了！冰雕非常震撼，下次还来。
2025-01-02,4,positive,冰上龙舟很有创意，适合全家一起玩。
2025-01-02,3,neutral,总体还行，就是排队太久了。
2025-01-02,4,positive,带孩子来的，小朋友玩得很开心，推荐！
2025-01-03,4,positive,服务态度很好，园区管理有序。
2025-01-03,2,negative,门票太贵了，性价比低。
2025-01-03,4,positive,冰雪大世界的灯光秀太震撼了，音乐配合得绝佳！
2025-01-03,2,negative,地上太滑了，差点摔倒好几次。
2025-01-03,5,positive,虽然人多但是氛围感很棒，冰雪的快乐。
2025-01-03,3,neutral,票价有点贵，不过冰雕确实不错。
2025-01-03,1,negative,排队排了2个小时，体验很差。
2025-01-03,1,negative,门票太贵了，性价比低。
2025-01-03,1,negative,工作人员态度不好，问路都不理。
2025-01-03,3,neutral,园区很大，走得腿都酸了，建议多设休息点。
2025-01-03,3,neutral,白天看一般，晚上亮灯后效果才好。
2025-01-03,4,positive,极地馆的企鹅太可爱了，拍了好多照片。
2025-01-03,5,positive,适合拍照打卡，随手一拍都是大片。
2025-01-03,4,positive,带孩子来的，小朋友玩得很开心，推荐！
2025-01-03,5,positive,冰滑梯排队虽久但值得，尖叫声不断。
2025-01-03,5,positive,今年冰雕规模比去年更大了，很壮观。
2025-01-03,5,positive,冰上龙舟很有创意，适合全家一起玩。
2025-01-03,1,negative,停车费贵得离谱，而且不好找车位。
2025-01-03,5,positive,极地馆的企鹅太可爱了，拍了好多照片。
2025-01-03,2,negative,太冷了，园区取暖设施不够。
2025-01-03,4,positive,夜场的冰灯特别漂亮，像童话世界一样。
2025-01-03,3,neutral,园区很大，走得腿都酸了，建议多设休息点。
2025-01-03,5,positive,极地馆的企鹅太可爱了，拍了好多照片。
2025-01-03,5,positive,冰上龙舟很有创意，适合全家一起玩。
2025-01-03,3,neutral,总体还行，就是排队太久了。
2025-01-03,2,negative,排队排了2个小时，体验很差。
2025-01-03,4,positive,虽然冷但值得，哈尔滨的冬天名不虚传。
2025-01-03,1,negative,卫生间太少了，排队比看冰雕还久。
2025-01-03,5,positive,大滑梯超刺激，排队时间也在可接受范围内。
2025-01-03,4,positive,今年冰雕规模比去年更大了，很壮观。
2025-01-03,2,negative,冰雕有些已经开始融化，维护不及时。
2025-01-03,1,negative,工作人员态度不好，问路都不理。
2025-01-03,5,positive,适合拍照打卡，随手一拍都是大片。
2025-01-03,2,negative,餐饮又贵又难吃，建议自带食物。
2025-01-03,3,neutral,总体还行，就是排队太久了。
2025-01-03,4,positive,今年冰雕规模比去年更大了，很壮观。
2025-01-03,5,positive,冰雪大世界的灯光秀太震撼了，音乐配合得绝佳！
2025-01-03,3,neutral,中规中矩的一次体验，和预期差不多。
2025-01-03,4,positive,今年冰雕规模比去年更大了，很壮观。
2025-01-03,4,positive,冰雪大世界的灯光秀太震撼了，音乐配合得绝佳！
2025-01-03,5,positive,大滑梯超刺激，排队时间也在可接受范围内。
2025-01-03,2,negative,人挤人，根本没心情看冰雕。
2025-01-03,2,negative,卫生间太少了，排队比看冰雕还久。
2025-01-03,3,neutral,冰雕很美，但是餐厅价格偏高。
2025-01-03,4,positive,主办方今年安排得很用心，动线合理不绕路。
2025-01-03,3,neutral,总体还行，就是排队太久了。
2025-01-03,5,positive,冰雪大世界的灯光秀太震撼了，音乐配合得绝佳！
2025-01-03,2,negative,门票太贵了，性价比低。
2025-01-03,3,neutral,白天看一般，晚上亮灯后效果才好。
2025-01-03,1,negative,排队排了2个小时，体验很差。
2025-01-03,5,positive,极地馆的企鹅太可爱了，拍了好多照片。
2025-01-03,3,neutral,冰雕很美，但是餐厅价格偏高。
2025-01-03,4,positive,虽然冷但值得，哈尔滨的冬天名不虚传。
2025-01-03,3,neutral,人太多了，建议工作日去。
2025-01-03,5,positive,今年冰雕规模比去年更大了，很壮观。
2025-01-03,2,negative,工作人员态度不好，问路都不理。
2025-01-03,3,neutral,人太多了，建议工作日去。
2025-01-03,2,negative,太冷了，园区取暖设施不够。
2025-01-03,4,positive,适合拍照打卡，随手一拍都是大片。
2025-01-03,4,positive,服务态度很好，园区管理有序。
2025-01-03,3,neutral,园区很大，走得腿都酸了，建议多设休息点。
2025-01-03,3,neutral,白天看一般，晚上亮灯后效果才好。
2025-01-03,3,neutral,园区很大，走得腿都酸了，建议多设休息点。
2025-01-03,5,positive,冰酒吧体验独特，零下30度喝热饮很特别。
2025-01-03,3,neutral,人太多了，建议工作日去。
2025-01-03,4,positive,服务态度很好，园区管理有序。
2025-01-03,2,negative,门票太贵了，性价比低。
2025-01-03,1,negative,停车费贵得离谱，而且不好找车位。
2025-01-03,5,positive,今年冰雕规模比去年更大了，很壮观。
2025-01-03,2,negative,冰雕有些已经开始融化，维护不及时。
2025-01-03,3,neutral,人太多了，建议工作日去。
2025-01-03,3,neutral,园区很大，走得腿都酸了，建议多设休息点。
2025-01-03,5,positive,冰雪大世界的灯光秀太震撼了，音乐配合得绝佳！
2025-01-03,4,positive,夜场的冰灯特别漂亮，像童话世界一样。
2025-01-03,1,negative,停车费贵得离谱，而且不好找车位。
2025-01-03,3,neutral,园区很大，走得腿都酸了，建议多设休息点。
2025-01-03,1,negative,餐饮又贵又难吃，建议自带食物。
2025-01-03,4,positive,大滑梯超刺激，排队时间也在可接受范围内。
2025-01-03,4,positive,适合拍照打卡，随手一拍都是大片。
2025-01-03,2,negative,卫生间太少了，排队比看冰雕还久。
2025-01-03,3,neutral,人太多了，建议工作日去。
2025-01-03,3,neutral,白天看一般，晚上亮灯后效果才好。
2025-01-03,5,positive,冰滑梯排队虽久但值得，尖叫声不断。
2025-01-03,4,positive,主办方今年安排得很用心，动线合理不绕路。
2025-01-03,2,negative,餐饮又贵又难吃，建议自带食物。
2025-01-03,4,positive,冰雪大世界的灯光秀太震撼了，音乐配合得绝佳！
2025-01-03,5,positive,冰滑梯排队虽久但值得，尖叫声不断。
2025-01-04,5,positive,冰酒吧体验独特，零下30度喝热饮很特别。
2025-01-04,1,negative,餐饮又贵又难吃，建议自带食物。
2025-01-04,4,positive,今年冰雕规模比去年更大了，很壮观。
2025-01-04,1,negative,太冷了，园区取暖设施不够。
2025-01-04,5,positive,极地馆的企鹅太可爱了，拍了好多照片。
2025-01-04,5,positive,极地馆的企鹅太可爱了，拍了好多照片。
2025-01-04,3,neutral,票价有点贵，不过冰雕确实不错。
2025-01-04,4,positive,夜场的冰灯特别漂亮，像童话世界一样。
2025-01-04,4,positive,今年冰雕规模比去年更大了，很壮观。
2025-01-04,4,positive,虽然人多但是氛围感很棒，冰雪的快乐。
2025-01-04,3,neutral,人太多了，建议工作日去。
2025-01-04,4,positive,适合拍照打卡，随手一拍都是大片。
2025-01-04,2,negative,排队排了2个小时，体验很差。
2025-01-04,4,positive,主办方今年安排得很用心，动线合理不绕路。
2025-01-04,4,positive,今年冰雕规模比去年更大了，很壮观。
2025-01-04,1,negative,工作人员态度不好，问路都不理。
2025-01-04,4,positive,服务态度很好，园区管理有序。
2025-01-04,2,negative,门票太贵了，性价比低。
2025-01-04,2,negative,冰雕有些已经开始融化，维护不及时。
2025-01-04,4,positive,适合拍照打卡，随手一拍都是大片。
2025-01-04,3,neutral,冰雕很美，但是餐厅价格偏高。
2025-01-04,5,positive,夜场的冰灯特别漂亮，像童话世界一样。
2025-01-04,4,positive,主办方今年安排得很用心，动线合理不绕路。
2025-01-04,4,positive,虽然冷但值得，哈尔滨的冬天名不虚传。
2025-01-04,3,neutral,票价有点贵，不过冰雕确实不错。
2025-01-04,5,positive,夜场的冰灯特别漂亮，像童话世界一样。
2025-01-04,4,positive,夜场的冰灯特别漂亮，像童话世界一样。
2025-01-04,3,neutral,总体还行，就是排队太久了。
2025-01-04,2,negative,停车费贵得离谱，而且不好找车位。
2025-01-04,1,negative,停车费贵得离谱，而且不好找车位。
2025-01-04,2,negative,门票太贵了，性价比低。
2025-01-04,5,positive,冰酒吧体验独特，零下30度喝热饮很特别。
2025-01-04,1,negative,停车费贵得离谱，而且不好找车位。
2025-01-04,1,negative,停车费贵得离谱，而且不好找车位。
2025-01-04,2,negative,人挤人，根本没心情看冰雕。
2025-01-04,2,negative,停车费贵得离谱，而且不好找车位。
2025-01-04,2,negative,人挤人，根本没心情看冰雕。
2025-01-04,5,positive,虽然冷但值得，哈尔滨的冬天名不虚传。
2025-01-04,5,positive,冰雪大世界的灯光秀太震撼了，音乐配合得绝佳！
2025-01-04,3,neutral,总体还行，就是排队太久了。
2025-01-04,5,positive,今年冰雕规模比去年更大了，很壮观。
2025-01-04,5,positive,带孩子来的，小朋友玩得很开心，推荐！
2025-01-04,3,neutral,停车场离入口有点远，走了好久。
2025-01-04,3,neutral,人太多了，建议工作日去。
2025-01-04,3,neutral,停车场离入口有点远，走了好久。
2025-01-04,5,positive,适合拍照打卡，随手一拍都是大片。
2025-01-04,2,negative,地上太滑了，差点摔倒好几次。
2025-01-04,1,negative,餐饮又贵又难吃，建议自带食物。
2025-01-04,5,positive,虽然人多但是氛围感很棒，冰雪的快乐。
2025-01-04,4,positive,服务态度很好，园区管理有序。
2025-01-04,5,positive,冰上龙舟很有创意，适合全家一起玩。
2025-01-05,3,neutral,停车场离入口有点远，走了好久。
2025-01-05,4,positive,夜场的冰灯特别漂亮，像童话世界一样。
2025-01-05,5,positive,夜场的冰灯特别漂亮，像童话世界一样。
2025-01-05,5,positive,虽然冷但值得，哈尔滨的冬天名不虚传。
2025-01-05,2,negative,人挤人，根本没心情看冰雕。
2025-01-05,2,negative,排队排了2个小时，体验很差。
2025-01-05,5,positive,服务态度很好，园区管理有序。
2025-01-05,4,positive,主办方今年安排得很用心，动线合理不绕路。
2025-01-05,3,neutral,总体还行，就是排队太久了。
2025-01-05,3,neutral,冰雕很美，但是餐厅价格偏高。
2025-01-05,4,positive,服务态度很好，园区管理有序。
2025-01-05,2,negative,人挤人，根本没心情看冰雕。
2025-01-05,5,positive,适合拍照打卡，随手一拍都是大片。
2025-01-05,5,positive,冰雪大世界的灯光秀太震撼了，音乐配合得绝佳！
2025-01-05,5,positive,虽然冷但值得，哈尔滨的冬天名不虚传。
2025-01-05,3,neutral,园区很大，走得腿都酸了，建议多设休息点。
2025-01-05,4,positive,带孩子来的，小朋友玩得很开心，推荐！
2025-01-05,3,neutral,人太多了，建议工作日去。
2025-01-05,3,neutral,停车场离入口有点远，走了好久。
2025-01-05,5,positive,虽然人多但是氛围感很棒，冰雪的快乐。
2025-01-05,3,neutral,停车场离入口有点远，走了好久。
2025-01-05,5,positive,适合拍照打卡，随手一拍都是大片。
2025-01-05,1,negative,地上太滑了，差点摔倒好几次。
2025-01-05,5,positive,虽然人多但是氛围感很棒，冰雪的快乐。
2025-01-05,4,positive,冰上龙舟很有创意，适合全家一起玩。
2025-01-05,2,negative,人挤人，根本没心情看冰雕。
2025-01-05,5,positive,服务态度很好，园区管理有序。
2025-01-05,5,positive,服务态度很好，园区管理有序。
2025-01-05,4,positive,主办方今年安排得很用心，动线合理不绕路。
2025-01-05,2,negative,排队排了2个小时，体验很差。
2025-01-05,4,positive,冰酒吧体验独特，零下30度喝热饮很特别。
2025-01-05,4,positive,适合拍照打卡，随手一拍都是大片。
2025-01-05,5,positive,虽然人多但是氛围感很棒，冰雪的快乐。
2025-01-05,5,positive,服务态度很好，园区管理有序。
2025-01-05,3,neutral,中规中矩的一次体验，和预期差不多。
2025-01-05,5,positive,服务态度很好，园区管理有序。
2025-01-05,4,positive,冰酒吧体验独特，零下30度喝热饮很特别。
2025-01-05,4,positive,适合拍照打卡，随手一拍都是大片。
2025-01-05,5,positive,冰酒吧体验独特，零下30度喝热饮很特别。
2025-01-05,4,positive,冰酒吧体验独特，零下30度喝热饮很特别。
2025-01-05,3,neutral,总体还行，就是排队太久了。
2025-01-05,4,positive,极地馆的企鹅太可爱了，拍了好多照片。
2025-01-05,5,positive,带孩子来的，小朋友玩得很开心，推荐！
2025-01-05,2,negative,冰雕有些已经开始融化，维护不及时。
2025-01-05,2,negative,冰雕有些已经开始融化，维护不及时。
2025-01-05,3,neutral,总体还行，就是排队太久了。
2025-01-05,5,positive,冰滑梯排队虽久但值得，尖叫声不断。
2025-01-05,3,neutral,园区很大，走得腿都酸了，建议多设休息点。
2025-01-05,3,neutral,白天看一般，晚上亮灯后效果才好。
2025-01-05,3,neutral,总体还行，就是排队太久了。
2025-01-05,5,positive,极地馆的企鹅太可爱了，拍了好多照片。
2025-01-05,5,positive,服务态度很好，园区管理有序。
2025-01-05,4,positive,极地馆的企鹅太可爱了，拍了好多照片。
2025-01-05,5,positive,主办方今年安排得很用心，动线合理不绕路。
2025-01-05,4,positive,冰雪大世界的灯光秀太震撼了，音乐配合得绝佳！
2025-01-05,2,negative,排队排了2个小时，体验很差。
2025-01-05,4,positive,虽然冷但值得，哈尔滨的冬天名不虚传。
2025-01-05,5,positive,大滑梯超刺激，排队时间也在可接受范围内。
2025-01-05,4,positive,冰上龙舟很有创意，适合全家一起玩。
2025-01-05,5,positive,服务态度很好，园区管理有序。
2025-01-05,5,positive,冰滑梯排队虽久但值得，尖叫声不断。
2025-01-05,5,positive,大滑梯超刺激，排队时间也在可接受范围内。
2025-01-05,5,positive,主办方今年安排得很用心，动线合理不绕路。
2025-01-05,4,positive,虽然人多但是氛围感很棒，冰雪的快乐。
2025-01-05,3,neutral,冰雕很美，但是餐厅价格偏高。
2025-01-05,5,positive,冰上龙舟很有创意，适合全家一起玩。
2025-01-05,4,positive,夜场的冰灯特别漂亮，像童话世界一样。
2025-01-05,5,positive,服务态度很好，园区管理有序。
2025-01-05,5,positive,大滑梯超刺激，排队时间也在可接受范围内。
2025-01-05,3,neutral,总体还行，就是排队太久了。
2025-01-05,5,positive,适合拍照打卡，随手一拍都是大片。
2025-01-05,5,positive,极地馆的企鹅太可爱了，拍了好多照片。
2025-01-05,3,neutral,人太多了，建议工作日去。
2025-01-05,5,positive,冰上龙舟很有创意，适合全家一起玩。
2025-01-05,2,negative,冰雕有些已经开始融化，维护不及时。
2025-01-05,4,positive,带孩子来的，小朋友玩得很开心，推荐！
2025-01-05,3,neutral,票价有点贵，不过冰雕确实不错。
2025-01-05,3,neutral,人太多了，建议工作日去。
2025-01-05,5,positive,主办方今年安排得很用心，动线合理不绕路。
2025-01-05,4,positive,冰酒吧体验独特，零下30度喝热饮很特别。
2025-01-05,2,negative,卫生间太少了，排队比看冰雕还久。
2025-01-05,5,positive,夜场的冰灯特别漂亮，像童话世界一样。
2025-01-05,5,positive,服务态度很好，园区管理有序。
2025-01-05,5,positive,服务态度很好，园区管理有序。
2025-01-05,5,positive,今年冰雕规模比去年更大了，很壮观。
2025-01-05,3,neutral,停车场离入口有点远，走了好久。
2025-01-05,5,positive,太美了！冰雕非常震撼，下次还来。
2025-01-05,5,positive,夜场的冰灯特别漂亮，像童话世界一样。
2025-01-05,5,positive,冰上龙舟很有创意，适合全家一起玩。
2025-01-05,5,positive,冰酒吧体验独特，零下30度喝热饮很特别。
2025-01-05,3,neutral,园区很大，走得腿都酸了，建议多设休息点。
2025-01-05,3,neutral,停车场离入口有点远，走了好久。
2025-01-05,5,positive,带孩子来的，小朋友玩得很开心，推荐！
2025-01-05,5,positive,大滑梯超刺激，排队时间也在可接受范围内。
2025-01-05,1,negative,地上太滑了，差点摔倒好几次。
2025-01-05,3,neutral,人太多了，建议工作日去。
2025-01-05,5,positive,适合拍照打卡，随手一拍都是大片。
2025-01-05,4,positive,适合拍照打卡，随手一拍都是大片。
2025-01-05,3,neutral,票价有点贵，不过冰雕确实不错。
2025-01-05,4,positive,带孩子来的，小朋友玩得很开心，推荐！
2025-01-05,1,negative,太冷了，园区取暖设施不够。
2025-01-05,5,positive,适合拍照打卡，随手一拍都是大片。
2025-01-05,4,positive,冰上龙舟很有创意，适合全家一起玩。
2025-01-05,5,positive,冰雪大世界的灯光秀太震撼了，音乐配合得绝佳！
2025-01-06,5,positive,今年冰雕规模比去年更大了，很壮观。
2025-01-06,4,positive,带孩子来的，小朋友玩得很开心，推荐！
2025-01-06,5,positive,极地馆的企鹅太可爱了，拍了好多照片。
2025-01-06,3,neutral,白天看一般，晚上亮灯后效果才好。
2025-01-06,3,neutral,人太多了，建议工作日去。
2025-01-06,2,negative,工作人员态度不好，问路都不理。
2025-01-06,5,positive,极地馆的企鹅太可爱了，拍了好多照片。
2025-01-06,5,positive,服务态度很好，园区管理有序。
2025-01-06,3,neutral,总体还行，就是排队太久了。
2025-01-06,1,negative,餐饮又贵又难吃，建议自带食物。
2025-01-06,5,positive,冰滑梯排队虽久但值得，尖叫声不断。
2025-01-06,2,negative,地上太滑了，差点摔倒好几次。
2025-01-06,3,neutral,人太多了，建议工作日去。
2025-01-06,4,positive,夜场的冰灯特别漂亮，像童话世界一样。
2025-01-06,5,positive,虽然人多但是氛围感很棒，冰雪的快乐。
2025-01-06,4,positive,夜场的冰灯特别漂亮，像童话世界一样。
2025-01-06,1,negative,餐饮又贵又难吃，建议自带食物。
2025-01-06,3,neutral,总体还行，就是排队太久了。
2025-01-06,5,positive,服务态度很好，园区管理有序。
2025-01-06,5,positive,大滑梯超刺激，排队时间也在可接受范围内。
2025-01-06,4,positive,大滑梯超刺激，排队时间也在可接受范围内。
2025-01-06,3,neutral,停车场离入口有点远，走了好久。
2025-01-06,1,negative,门票太贵了，性价比低。
2025-01-06,1,negative,餐饮又贵又难吃，建议自带食物。
2025-01-06,3,neutral,票价有点贵，不过冰雕确实不错。
2025-01-06,4,positive,冰滑梯排队虽久但值得，尖叫声不断。
2025-01-06,5,positive,夜场的冰灯特别漂亮，像童话世界一样。
2025-01-06,3,neutral,园区很大，走得腿都酸了，建议多设休息点。
2025-01-06,5,positive,太美了！冰雕非常震撼，下次还来。
2025-01-06,3,neutral,冰雕很美，但是餐厅价格偏高。
2025-01-06,3,neutral,总体还行，就是排队太久了。
2025-01-06,3,neutral,停车场离入口有点远，走了好久。
2025-01-06,5,positive,冰上龙舟很有创意，适合全家一起玩。
2025-01-06,3,neutral,停车场离入口有点远，走了好久。
2025-01-06,3,neutral,总体还行，就是排队太久了。
2025-01-06,3,neutral,停车场离入口有点远，走了好久。
2025-01-06,1,negative,人挤人，根本没心情看冰雕。
2025-01-06,3,neutral,园区很大，走得腿都酸了，建议多设休息点。
2025-01-06,5,positive,冰酒吧体验独特，零下30度喝热饮很特别。
2025-01-06,3,neutral,停车场离入口有点远，走了好久。
2025-01-06,2,negative,冰雕有些已经开始融化，维护不及时。
2025-01-06,1,negative,工作人员态度不好，问路都不理。
2025-01-06,1,negative,冰雕有些已经开始融化，维护不及时。
2025-01-06,1,negative,太冷了，园区取暖设施不够。
2025-01-06,2,negative,停车费贵得离谱，而且不好找车位。
2025-01-06,4,positive,冰酒吧体验独特，零下30度喝热饮很特别。
2025-01-06,4,positive,太美了！冰雕非常震撼，下次还来。
2025-01-06,3,neutral,园区很大，走得腿都酸了，建议多设休息点。
2025-01-06,1,negative,卫生间太少了，排队比看冰雕还久。
2025-01-06,2,negative,门票太贵了，性价比低。
2025-01-06,1,negative,停车费贵得离谱，而且不好找车位。
2025-01-06,5,positive,冰雪大世界的灯光秀太震撼了，音乐配合得绝佳！
2025-01-07,3,neutral,园区很大，走得腿都酸了，建议多设休息点。
2025-01-07,5,positive,太美了！冰雕非常震撼，下次还来。
2025-01-07,4,positive,夜场的冰灯特别漂亮，像童话世界一样。
2025-01-07,5,positive,夜场的冰灯特别漂亮，像童话世界一样。
2025-01-07,3,neutral,总体还行，就是排队太久了。
2025-01-07,5,positive,冰雪大世界的灯光秀太震撼了，音乐配合得绝佳！
2025-01-07,1,negative,地上太滑了，差点摔倒好几次。
2025-01-07,3,neutral,总体还行，就是排队太久了。
2025-01-07,4,positive,夜场的冰灯特别漂亮，像童话世界一样。
2025-01-07,3,neutral,总体还行，就是排队太久了。
2025-01-07,5,positive,冰雪大世界的灯光秀太震撼了，音乐配合得绝佳！
2025-01-07,4,positive,冰酒吧体验独特，零下30度喝热饮很特别。
2025-01-07,2,negative,停车费贵得离谱，而且不好找车位。
2025-01-07,1,negative,门票太贵了，性价比低。
2025-01-07,5,positive,今年冰雕规模比去年更大了，很壮观。
2025-01-07,4,positive,冰滑梯排队虽久但值得，尖叫声不断。
2025-01-07,5,positive,带孩子来的，小朋友玩得很开心，推荐！
2025-01-07,1,negative,排队排了2个小时，体验很差。
2025-01-07,4,positive,带孩子来的，小朋友玩得很开心，推荐！
2025-01-07,1,negative,工作人员态度不好，问路都不理。
2025-01-07,4,positive,夜场的冰灯特别漂亮，像童话世界一样。
2025-01-07,3,neutral,人太多了，建议工作日去。
2025-01-07,4,positive,冰雪大世界的灯光秀太震撼了，音乐配合得绝佳！
2025-01-07,4,positive,大滑梯超刺激，排队时间也在可接受范围内。
2025-01-07,4,positive,冰酒吧体验独特，零下30度喝热饮很特别。
2025-01-07,1,negative,停车费贵得离谱，而且不好找车位。
2025-01-07,4,positive,冰酒吧体验独特，零下30度喝热饮很特别。
2025-01-07,2,negative,卫生间太少了，排队比看冰雕还久。
2025-01-07,5,positive,夜场的冰灯特别漂亮，像童话世界一样。
2025-01-07,1,negative,冰雕有些已经开始融化，维护不及时。
2025-01-07,4,positive,适合拍照打卡，随手一拍都是大片。
2025-01-07,5,positive,冰酒吧体验独特，零下30度喝热饮很特别。
2025-01-07,3,neutral,中规中矩的一次体验，和预期差不多。
2025-01-07,3,neutral,总体还行，就是排队太久了。
2025-01-07,3,neutral,票价有点贵，不过冰雕确实不错。
2025-01-07,5,positive,主办方今年安排得很用心，动线合理不绕路。
2025-01-07,1,negative,门票太贵了，性价比低。
2025-01-07,2,negative,地上太滑了，差点摔倒好几次。
2025-01-07,5,positive,今年冰雕规模比去年更大了，很壮观。
2025-01-07,4,positive,冰滑梯排队虽久但值得，尖叫声不断。
2025-01-07,1,negative,工作人员态度不好，问路都不理。
2025-01-07,3,neutral,票价有点贵，不过冰雕确实不错。
2025-01-07,5,positive,主办方今年安排得很用心，动线合理不绕路。
2025-01-07,5,positive,服务态度很好，园区管理有序。
2025-01-07,1,negative,卫生间太少了，排队比看冰雕还久。
2025-01-07,3,neutral,票价有点贵，不过冰雕确实不错。
2025-01-07,3,neutral,冰雕很美，但是餐厅价格偏高。
2025-01-07,3,neutral,停车场离入口有点远，走了好久。
2025-01-07,5,positive,夜场的冰灯特别漂亮，像童话世界一样。
2025-01-07,4,positive,带孩子来的，小朋友玩得很开心，推荐！
2025-01-07,4,positive,适合拍照打卡，随手一拍都是大片。
2025-01-07,2,negative,门票太贵了，性价比低。
2025-01-07,4,positive,今年冰雕规模比去年更大了，很壮观。
2025-01-07,5,positive,极地馆的企鹅太可爱了，拍了好多照片。
2025-01-07,5,positive,服务态度很好，园区管理有序。
2025-01-07,5,positive,极地馆的企鹅太可爱了，拍了好多照片。
2025-01-07,3,neutral,园区很大，走得腿都酸了，建议多设休息点。
2025-01-07,3,neutral,园区很大，走得腿都酸了，建议多设休息点。
2025-01-07,1,negative,停车费贵得离谱，而且不好找车位。
2025-01-07,3,neutral,总体还行，就是排队太久了。
2025-01-07,3,neutral,票价有点贵，不过冰雕确实不错。
2025-01-07,4,positive,冰酒吧体验独特，零下30度喝热饮很特别。
2025-01-07,5,positive,适合拍照打卡，随手一拍都是大片。
2025-01-07,5,positive,冰雪大世界的灯光秀太震撼了，音乐配合得绝佳！
2025-01-07,2,negative,卫生间太少了，排队比看冰雕还久。
2025-01-07,1,negative,太冷了，园区取暖设施不够。
2025-01-07,2,negative,冰雕有些已经开始融化，维护不及时。
2025-01-07,5,positive,适合拍照打卡，随手一拍都是大片。
2025-01-07,1,negative,停车费贵得离谱，而且不好找车位。
2025-01-07,3,neutral,冰雕很美，但是餐厅价格偏高。
2025-01-07,1,negative,工作人员态度不好，问路都不理。
2025-01-07,1,negative,停车费贵得离谱，而且不好找车位。
2025-01-07,2,negative,地上太滑了，差点摔倒好几次。
2025-01-07,4,positive,大滑梯超刺激，排队时间也在可接受范围内。
2025-01-08,4,positive,极地馆的企鹅太可爱了，拍了好多照片。
2025-01-08,4,positive,冰酒吧体验独特，零下30度喝热饮很特别。
2025-01-08,3,neutral,中规中矩的一次体验，和预期差不多。
2025-01-08,5,positive,冰滑梯排队虽久但值得，尖叫声不断。
2025-01-08,3,neutral,人太多了，建议工作日去。
2025-01-08,2,negative,停车费贵得离谱，而且不好找车位。
2025-01-08,1,negative,停车费贵得离谱，而且不好找车位。
2025-01-08,3,neutral,停车场离入口有点远，走了好久。
2025-01-08,3,neutral,停车场离入口有点远，走了好久。
2025-01-08,5,positive,冰上龙舟很有创意，适合全家一起玩。
2025-01-08,2,negative,餐饮又贵又难吃，建议自带食物。
2025-01-08,5,positive,冰滑梯排队虽久但值得，尖叫声不断。
2025-01-08,4,positive,冰酒吧体验独特，零下30度喝热饮很特别。
2025-01-08,3,neutral,园区很大，走得腿都酸了，建议多设休息点。
2025-01-08,5,positive,适合拍照打卡，随手一拍都是大片。
2025-01-08,4,positive,大滑梯超刺激，排队时间也在可接受范围内。
2025-01-08,4,positive,虽然冷但值得，哈尔滨的冬天名不虚传。
2025-01-08,2,negative,排队排了2个小时，体验很差。
2025-01-08,4,positive,带孩子来的，小朋友玩得很开心，推荐！
2025-01-08,5,positive,太美了！冰雕非常震撼，下次还来。
2025-01-08,3,neutral,停车场离入口有点远，走了好久。
2025-01-08,5,positive,冰雪大世界的灯光秀太震撼了，音乐配合得绝佳！
2025-01-08,4,positive,主办方今年安排得很用心，动线合理不绕路。
2025-01-08,5,positive,带孩子来的，小朋友玩得很开心，推荐！
2025-01-08,2,negative,人挤人，根本没心情看冰雕。
2025-01-08,3,neutral,白天看一般，晚上亮灯后效果才好。
2025-01-08,3,neutral,白天看一般，晚上亮灯后效果才好。
2025-01-08,2,negative,排队排了2个小时，体验很差。
2025-01-08,1,negative,地上太滑了，差点摔倒好几次。
2025-01-08,3,neutral,中规中矩的一次体验，和预期差不多。
2025-01-08,4,positive,极地馆的企鹅太可爱了，拍了好多照片。
2025-01-08,3,neutral,园区很大，走得腿都酸了，建议多设休息点。
2025-01-08,1,negative,排队排了2个小时，体验很差。
2025-01-08,3,neutral,园区很大，走得腿都酸了，建议多设休息点。
2025-01-08,1,negative,门票太贵了，性价比低。
2025-01-08,3,neutral,冰雕很美，但是餐厅价格偏高。
2025-01-08,5,positive,主办方今年安排得很用心，动线合理不绕路。
2025-01-08,4,positive,带孩子来的，小朋友玩得很开心，推荐！
2025-01-08,1,negative,门票太贵了，性价比低。
2025-01-08,5,positive,大滑梯超刺激，排队时间也在可接受范围内。
2025-01-08,5,positive,极地馆的企鹅太可爱了，拍了好多照片。
2025-01-08,4,positive,极地馆的企鹅太可爱了，拍了好多照片。
2025-01-08,5,positive,今年冰雕规模比去年更大了，很壮观。
2025-01-08,1,negative,排队排了2个小时，体验很差。
2025-01-08,1,negative,太冷了，园区取暖设施不够。
2025-01-08,3,neutral,中规中矩的一次体验，和预期差不多。
2025-01-08,3,neutral,中规中矩的一次体验，和预期差不多。
2025-01-08,5,positive,服务态度很好，园区管理有序。
2025-01-08,3,neutral,总体还行，就是排队太久了。
2025-01-08,5,positive,虽然人多但是氛围感很棒，冰雪的快乐。
2025-01-08,4,positive,夜场的冰灯特别漂亮，像童话世界一样。
2025-01-08,4,positive,虽然冷但值得，哈尔滨的冬天名不虚传。
2025-01-08,5,positive,今年冰雕规模比去年更大了，很壮观。
2025-01-08,2,negative,地上太滑了，差点摔倒好几次。
2025-01-08,1,negative,冰雕有些已经开始融化，维护不及时。
2025-01-08,5,positive,冰滑梯排队虽久但值得，尖叫声不断。
2025-01-08,3,neutral,停车场离入口有点远，走了好久。
2025-01-08,1,negative,排队排了2个小时，体验很差。
2025-01-08,3,neutral,人太多了，建议工作日去。
2025-01-08,2,negative,冰雕有些已经开始融化，维护不及时。
2025-01-08,4,positive,夜场的冰灯特别漂亮，像童话世界一样。
2025-01-08,5,positive,冰雪大世界的灯光秀太震撼了，音乐配合得绝佳！
2025-01-08,5,positive,冰上龙舟很有创意，适合全家一起玩。
2025-01-09,3,neutral,中规中矩的一次体验，和预期差不多。
2025-01-09,3,neutral,停车场离入口有点远，走了好久。
2025-01-09,1,negative,工作人员态度不好，问路都不理。
2025-01-09,1,negative,排队排了2个小时，体验很差。
2025-01-09,3,neutral,冰雕很美，但是餐厅价格偏高。
2025-01-09,5,positive,冰酒吧体验独特，零下30度喝热饮很特别。
2025-01-09,4,positive,适合拍照打卡，随手一拍都是大片。
2025-01-09,4,positive,冰雪大世界的灯光秀太震撼了，音乐配合得绝佳！
2025-01-09,4,positive,今年冰雕规模比去年更大了，很壮观。
2025-01-09,1,negative,卫生间太少了，排队比看冰雕还久。
2025-01-09,4,positive,极地馆的企鹅太可爱了，拍了好多照片。
2025-01-09,3,neutral,总体还行，就是排队太久了。
2025-01-09,5,positive,虽然冷但值得，哈尔滨的冬天名不虚传。
2025-01-09,5,positive,冰酒吧体验独特，零下30度喝热饮很特别。
2025-01-09,5,positive,冰雪大世界的灯光秀太震撼了，音乐配合得绝佳！
2025-01-09,2,negative,地上太滑了，差点摔倒好几次。
2025-01-09,5,positive,主办方今年安排得很用心，动线合理不绕路。
2025-01-09,3,neutral,中规中矩的一次体验，和预期差不多。
2025-01-09,3,neutral,票价有点贵，不过冰雕确实不错。
2025-01-09,5,positive,夜场的冰灯特别漂亮，像童话世界一样。
2025-01-09,4,positive,大滑梯超刺激，排队时间也在可接受范围内。
2025-01-09,4,positive,虽然人多但是氛围感很棒，冰雪的快乐。
2025-01-09,3,neutral,总体还行，就是排队太久了。
2025-01-09,5,positive,今年冰雕规模比去年更大了，很壮观。
2025-01-09,3,neutral,白天看一般，晚上亮灯后效果才好。
2025-01-09,5,positive,冰雪大世界的灯光秀太震撼了，音乐配合得绝佳！
2025-01-09,1,negative,卫生间太少了，排队比看冰雕还久。
2025-01-09,5,positive,虽然人多但是氛围感很棒，冰雪的快乐。
2025-01-09,1,negative,餐饮又贵又难吃，建议自带食物。
2025-01-09,4,positive,冰酒吧体验独特，零下30度喝热饮很特别。
2025-01-09,4,positive,冰酒吧体验独特，零下30度喝热饮很特别。
2025-01-09,4,positive,服务态度很好，园区管理有序。
2025-01-09,3,neutral,人太多了，建议工作日去。
2025-01-09,5,positive,冰酒吧体验独特，零下30度喝热饮很特别。
2025-01-09,4,positive,带孩子来的，小朋友玩得很开心，推荐！
2025-01-09,5,positive,虽然人多但是氛围感很棒，冰雪的快乐。
2025-01-09,3,neutral,冰雕很美，但是餐厅价格偏高。
2025-01-09,1,negative,地上太滑了，差点摔倒好几次。
2025-01-09,3,neutral,总体还行，就是排队太久了。
2025-01-09,5,positive,大滑梯超刺激，排队时间也在可接受范围内。
2025-01-09,3,neutral,白天看一般，晚上亮灯后效果才好。
2025-01-09,2,negative,太冷了，园区取暖设施不够。
2025-01-09,3,neutral,停车场离入口有点远，走了好久。
2025-01-09,4,positive,冰滑梯排队虽久但值得，尖叫声不断。
2025-01-09,5,positive,虽然冷但值得，哈尔滨的冬天名不虚传。
2025-01-09,5,positive,今年冰雕规模比去年更大了，很壮观。
2025-01-09,2,negative,冰雕有些已经开始融化，维护不及时。
2025-01-09,2,negative,门票太贵了，性价比低。
2025-01-09,5,positive,虽然冷但值得，哈尔滨的冬天名不虚传。
2025-01-09,5,positive,极地馆的企鹅太可爱了，拍了好多照片。
2025-01-09,3,neutral,冰雕很美，但是餐厅价格偏高。
2025-01-09,3,neutral,人太多了，建议工作日去。
2025-01-09,4,positive,带孩子来的，小朋友玩得很开心，推荐！
2025-01-09,1,negative,地上太滑了，差点摔倒好几次。
2025-01-09,4,positive,主办方今年安排得很用心，动线合理不绕路。
2025-01-10,3,neutral,总体还行，就是排队太久了。
2025-01-10,4,positive,主办方今年安排得很用心，动线合理不绕路。
2025-01-10,5,positive,虽然冷但值得，哈尔滨的冬天名不虚传。
2025-01-10,4,positive,冰滑梯排队虽久但值得，尖叫声不断。
2025-01-10,3,neutral,票价有点贵，不过冰雕确实不错。
2025-01-10,4,positive,冰上龙舟很有创意，适合全家一起玩。
2025-01-10,2,negative,卫生间太少了，排队比看冰雕还久。
2025-01-10,5,positive,太美了！冰雕非常震撼，下次还来。
2025-01-10,3,neutral,停车场离入口有点远，走了好久。
2025-01-10,3,neutral,人太多了，建议工作日去。
2025-01-10,5,positive,虽然冷但值得，哈尔滨的冬天名不虚传。
2025-01-10,5,positive,今年冰雕规模比去年更大了，很壮观。
2025-01-10,1,negative,冰雕有些已经开始融化，维护不及时。
2025-01-10,1,negative,卫生间太少了，排队比看冰雕还久。
2025-01-10,5,positive,大滑梯超刺激，排队时间也在可接受范围内。
2025-01-10,5,positive,主办方今年安排得很用心，动线合理不绕路。
2025-01-10,5,positive,今年冰雕规模比去年更大了，很壮观。
2025-01-10,4,positive,夜场的冰灯特别漂亮，像童话世界一样。
2025-01-10,5,positive,主办方今年安排得很用心，动线合理不绕路。
2025-01-10,3,neutral,票价有点贵，不过冰雕确实不错。
2025-01-10,3,neutral,人太多了，建议工作日去。
2025-01-10,2,negative,人挤人，根本没心情看冰雕。
2025-01-10,3,neutral,总体还行，就是排队太久了。
2025-01-10,4,positive,冰上龙舟很有创意，适合全家一起玩。
2025-01-10,4,positive,服务态度很好，园区管理有序。
2025-01-10,2,negative,卫生间太少了，排队比看冰雕还久。
2025-01-10,2,negative,太冷了，园区取暖设施不够。
2025-01-10,3,neutral,总体还行，就是排队太久了。
2025-01-10,4,positive,大滑梯超刺激，排队时间也在可接受范围内。
2025-01-10,4,positive,冰滑梯排队虽久但值得，尖叫声不断。
2025-01-10,1,negative,排队排了2个小时，体验很差。
2025-01-10,5,positive,冰雪大世界的灯光秀太震撼了，音乐配合得绝佳！
2025-01-10,5,positive,虽然人多但是氛围感很棒，冰雪的快乐。
2025-01-10,4,positive,冰酒吧体验独特，零下30度喝热饮很特别。
2025-01-10,3,neutral,票价有点贵，不过冰雕确实不错。
2025-01-10,5,positive,今年冰雕规模比去年更大了，很壮观。
2025-01-10,5,positive,冰上龙舟很有创意，适合全家一起玩。
2025-01-10,3,neutral,总体还行，就是排队太久了。
2025-01-10,5,positive,带孩子来的，小朋友玩得很开心，推荐！
2025-01-10,5,positive,极地馆的企鹅太可爱了，拍了好多照片。
2025-01-10,1,negative,门票太贵了，性价比低。
2025-01-10,5,positive,太美了！冰雕非常震撼，下次还来。
2025-01-10,5,positive,冰酒吧体验独特，零下30度喝热饮很特别。
2025-01-10,1,negative,门票太贵了，性价比低。
2025-01-10,5,positive,冰雪大世界的灯光秀太震撼了，音乐配合得绝佳！
2025-01-10,4,positive,冰滑梯排队虽久但值得，尖叫声不断。
2025-01-10,5,positive,虽然冷但值得，哈尔滨的冬天名不虚传。
2025-01-10,3,neutral,中规中矩的一次体验，和预期差不多。
2025-01-10,4,positive,虽然冷但值得，哈尔滨的冬天名不虚传。
2025-01-10,4,positive,虽然冷但值得，哈尔滨的冬天名不虚传。
2025-01-10,1,negative,门票太贵了，性价比低。
2025-01-10,3,neutral,冰雕很美，但是餐厅价格偏高。
2025-01-10,3,neutral,中规中矩的一次体验，和预期差不多。
2025-01-10,3,neutral,停车场离入口有点远，走了好久。
2025-01-10,3,neutral,票价有点贵，不过冰雕确实不错。
2025-01-10,5,positive,大滑梯超刺激，排队时间也在可接受范围内。
2025-01-10,5,positive,夜场的冰灯特别漂亮，像童话世界一样。
2025-01-10,4,positive,夜场的冰灯特别漂亮，像童话世界一样。
2025-01-10,3,neutral,冰雕很美，但是餐厅价格偏高。
2025-01-10,3,neutral,票价有点贵，不过冰雕确实不错。
2025-01-10,5,positive,太美了！冰雕非常震撼，下次还来。
2025-01-10,3,neutral,票价有点贵，不过冰雕确实不错。
2025-01-10,5,positive,虽然冷但值得，哈尔滨的冬天名不虚传。
2025-01-10,3,neutral,中规中矩的一次体验，和预期差不多。
2025-01-10,4,positive,极地馆的企鹅太可爱了，拍了好多照片。
2025-01-10,5,positive,今年冰雕规模比去年更大了，很壮观。
2025-01-10,4,positive,大滑梯超刺激，排队时间也在可接受范围内。
2025-01-10,5,positive,夜场的冰灯特别漂亮，像童话世界一样。
2025-01-10,4,positive,适合拍照打卡，随手一拍都是大片。
2025-01-10,2,negative,门票太贵了，性价比低。
2025-01-10,1,negative,停车费贵得离谱，而且不好找车位。
2025-01-10,4,positive,虽然冷但值得，哈尔滨的冬天名不虚传。
2025-01-10,4,positive,夜场的冰灯特别漂亮，像童话世界一样。
2025-01-10,1,negative,太冷了，园区取暖设施不够。
2025-01-10,4,positive,大滑梯超刺激，排队时间也在可接受范围内。
2025-01-10,2,negative,停车费贵得离谱，而且不好找车位。
2025-01-10,5,positive,冰滑梯排队虽久但值得，尖叫声不断。
2025-01-10,4,positive,今年冰雕规模比去年更大了，很壮观。
2025-01-10,5,positive,极地馆的企鹅太可爱了，拍了好多照片。
2025-01-10,4,positive,冰上龙舟很有创意，适合全家一起玩。
2025-01-10,4,positive,太美了！冰雕非常震撼，下次还来。
2025-01-10,4,positive,夜场的冰灯特别漂亮，像童话世界一样。
2025-01-10,5,positive,太美了！冰雕非常震撼，下次还来。
2025-01-10,5,positive,冰上龙舟很有创意，适合全家一起玩。
2025-01-10,3,neutral,总体还行，就是排队太久了。
2025-01-10,3,neutral,票价有点贵，不过冰雕确实不错。
2025-01-11,3,neutral,白天看一般，晚上亮灯后效果才好。
2025-01-11,3,neutral,总体还行，就是排队太久了。
2025-01-11,5,positive,带孩子来的，小朋友玩得很开心，推荐！
2025-01-11,5,positive,服务态度很好，园区管理有序。
2025-01-11,5,positive,服务态度很好，园区管理有序。
2025-01-11,3,neutral,人太多了，建议工作日去。
2025-01-11,4,positive,适合拍照打卡，随手一拍都是大片。
2025-01-11,1,negative,停车费贵得离谱，而且不好找车位。
2025-01-11,3,neutral,停车场离入口有点远，走了好久。
2025-01-11,5,positive,冰酒吧体验独特，零下30度喝热饮很特别。
2025-01-11,4,positive,今年冰雕规模比去年更大了，很壮观。
2025-01-11,5,positive,大滑梯超刺激，排队时间也在可接受范围内。
2025-01-11,1,negative,地上太滑了，差点摔倒好几次。
2025-01-11,5,positive,虽然人多但是氛围感很棒，冰雪的快乐。
2025-01-11,3,neutral,园区很大，走得腿都酸了，建议多设休息点。
2025-01-11,2,negative,卫生间太少了，排队比看冰雕还久。
2025-01-11,5,positive,带孩子来的，小朋友玩得很开心，推荐！
2025-01-11,3,neutral,停车场离入口有点远，走了好久。
2025-01-11,5,positive,冰酒吧体验独特，零下30度喝热饮很特别。
2025-01-11,4,positive,夜场的冰灯特别漂亮，像童话世界一样。
2025-01-11,5,positive,带孩子来的，小朋友玩得很开心，推荐！
2025-01-11,4,positive,虽然人多但是氛围感很棒，冰雪的快乐。
2025-01-11,3,neutral,停车场离入口有点远，走了好久。
2025-01-11,2,negative,太冷了，园区取暖设施不够。
2025-01-11,4,positive,冰上龙舟很有创意，适合全家一起玩。
2025-01-11,1,negative,门票太贵了，性价比低。
2025-01-11,3,neutral,停车场离入口有点远，走了好久。
2025-01-11,4,positive,冰上龙舟很有创意，适合全家一起玩。
2025-01-11,3,neutral,园区很大，走得腿都酸了，建议多设休息点。
2025-01-11,4,positive,虽然冷但值得，哈尔滨的冬天名不虚传。
2025-01-11,5,positive,夜场的冰灯特别漂亮，像童话世界一样。
2025-01-11,1,negative,停车费贵得离谱，而且不好找车位。
2025-01-11,4,positive,大滑梯超刺激，排队时间也在可接受范围内。
2025-01-11,5,positive,冰滑梯排队虽久但值得，尖叫声不断。
2025-01-11,4,positive,今年冰雕规模比去年更大了，很壮观。
2025-01-11,1,negative,工作人员态度不好，问路都不理。
2025-01-11,5,positive,夜场的冰灯特别漂亮，像童话世界一样。
2025-01-11,1,negative,地上太滑了，差点摔倒好几次。
2025-01-11,2,negative,地上太滑了，差点摔倒好几次。
2025-01-11,5,positive,冰上龙舟很有创意，适合全家一起玩。
2025-01-11,3,neutral,停车场离入口有点远，走了好久。
2025-01-11,4,positive,太美了！冰雕非常震撼，下次还来。
2025-01-11,1,negative,太冷了，园区取暖设施不够。
2025-01-11,4,positive,冰上龙舟很有创意，适合全家一起玩。
2025-01-11,2,negative,太冷了，园区取暖设施不够。
2025-01-11,4,positive,今年冰雕规模比去年更大了，很壮观。
2025-01-11,3,neutral,停车场离入口有点远，走了好久。
2025-01-11,2,negative,冰雕有些已经开始融化，维护不及时。
2025-01-11,2,negative,餐饮又贵又难吃，建议自带食物。
2025-01-11,1,negative,门票太贵了，性价比低。
2025-01-11,5,positive,主办方今年安排得很用心，动线合理不绕路。
2025-01-11,4,positive,今年冰雕规模比去年更大了，很壮观。
2025-01-11,5,positive,冰酒吧体验独特，零下30度喝热饮很特别。
2025-01-11,4,positive,冰酒吧体验独特，零下30度喝热饮很特别。
2025-01-11,5,positive,夜场的冰灯特别漂亮，像童话世界一样。
2025-01-11,1,negative,卫生间太少了，排队比看冰雕还久。
2025-01-11,4,positive,带孩子来的，小朋友玩得很开心，推荐！
2025-01-11,3,neutral,白天看一般，晚上亮灯后效果才好。
2025-01-11,5,positive,虽然人多但是氛围感很棒，冰雪的快乐。
2025-01-11,5,positive,适合拍照打卡，随手一拍都是大片。
2025-01-11,3,neutral,票价有点贵，不过冰雕确实不错。
2025-01-11,3,neutral,中规中矩的一次体验，和预期差不多。
2025-01-11,3,neutral,票价有点贵，不过冰雕确实不错。
2025-01-11,4,positive,主办方今年安排得很用心，动线合理不绕路。
2025-01-11,4,positive,大滑梯超刺激，排队时间也在可接受范围内。
2025-01-11,3,neutral,停车场离入口有点远，走了好久。
2025-01-11,3,neutral,白天看一般，晚上亮灯后效果才好。
2025-01-11,2,negative,停车费贵得离谱，而且不好找车位。
2025-01-11,2,negative,工作人员态度不好，问路都不理。
2025-01-11,3,neutral,园区很大，走得腿都酸了，建议多设休息点。
2025-01-11,4,positive,冰酒吧体验独特，零下30度喝热饮很特别。
2025-01-11,2,negative,人挤人，根本没心情看冰雕。
2025-01-11,4,positive,极地馆的企鹅太可爱了，拍了好多照片。
2025-01-11,3,neutral,人太多了，建议工作日去。
2025-01-12,5,positive,冰上龙舟很有创意，适合全家一起玩。
2025-01-12,4,positive,服务态度很好，园区管理有序。
2025-01-12,4,positive,带孩子来的，小朋友玩得很开心，推荐！
2025-01-12,3,neutral,中规中矩的一次体验，和预期差不多。
2025-01-12,5,positive,虽然冷但值得，哈尔滨的冬天名不虚传。
2025-01-12,3,neutral,白天看一般，晚上亮灯后效果才好。
2025-01-12,3,neutral,白天看一般，晚上亮灯后效果才好。
2025-01-12,5,positive,冰酒吧体验独特，零下30度喝热饮很特别。
2025-01-12,4,positive,主办方今年安排得很用心，动线合理不绕路。
2025-01-12,4,positive,今年冰雕规模比去年更大了，很壮观。
2025-01-12,5,positive,极地馆的企鹅太可爱了，拍了好多照片。
2025-01-12,5,positive,适合拍照打卡，随手一拍都是大片。
2025-01-12,4,positive,虽然冷但值得，哈尔滨的冬天名不虚传。
2025-01-12,1,negative,餐饮又贵又难吃，建议自带食物。
2025-01-12,5,positive,冰雪大世界的灯光秀太震撼了，音乐配合得绝佳！
2025-01-12,4,positive,冰雪大世界的灯光秀太震撼了，音乐配合得绝佳！
2025-01-12,4,positive,带孩子来的，小朋友玩得很开心，推荐！
2025-01-12,4,positive,适合拍照打卡，随手一拍都是大片。
2025-01-12,3,neutral,停车场离入口有点远，走了好久。
2025-01-12,4,positive,带孩子来的，小朋友玩得很开心，推荐！
2025-01-12,4,positive,冰酒吧体验独特，零下30度喝热饮很特别。
2025-01-12,3,neutral,停车场离入口有点远，走了好久。
2025-01-12,5,positive,今年冰雕规模比去年更大了，很壮观。
2025-01-12,3,neutral,票价有点贵，不过冰雕确实不错。
2025-01-12,3,neutral,停车场离入口有点远，走了好久。
2025-01-12,5,positive,夜场的冰灯特别漂亮，像童话世界一样。
2025-01-12,5,positive,大滑梯超刺激，排队时间也在可接受范围内。
2025-01-12,3,neutral,白天看一般，晚上亮灯后效果才好。
2025-01-12,2,negative,太冷了，园区取暖设施不够。
2025-01-12,4,positive,冰酒吧体验独特，零下30度喝热饮很特别。
2025-01-12,3,neutral,票价有点贵，不过冰雕确实不错。
2025-01-12,3,neutral,白天看一般，晚上亮灯后效果才好。
2025-01-12,4,positive,今年冰雕规模比去年更大了，很壮观。
2025-01-12,5,positive,冰上龙舟很有创意，适合全家一起玩。
2025-01-12,5,positive,冰雪大世界的灯光秀太震撼了，音乐配合得绝佳！
2025-01-12,2,negative,排队排了2个小时，体验很差。
2025-01-12,4,positive,带孩子来的，小朋友玩得很开心，推荐！
2025-01-12,4,positive,虽然冷但值得，哈尔滨的冬天名不虚传。
2025-01-12,3,neutral,人太多了，建议工作日去。
2025-01-12,3,neutral,总体还行，就是排队太久了。
2025-01-12,5,positive,主办方今年安排得很用心，动线合理不绕路。
2025-01-12,4,positive,夜场的冰灯特别漂亮，像童话世界一样。
2025-01-12,4,positive,冰雪大世界的灯光秀太震撼了，音乐配合得绝佳！
2025-01-12,3,neutral,人太多了，建议工作日去。
2025-01-12,5,positive,冰上龙舟很有创意，适合全家一起玩。
2025-01-12,3,neutral,冰雕很美，但是餐厅价格偏高。
2025-01-12,5,positive,服务态度很好，园区管理有序。
2025-01-12,3,neutral,停车场离入口有点远，走了好久。
2025-01-12,4,positive,虽然冷但值得，哈尔滨的冬天名不虚传。
2025-01-12,2,negative,人挤人，根本没心情看冰雕。
2025-01-12,5,positive,冰雪大世界的灯光秀太震撼了，音乐配合得绝佳！
2025-01-12,4,positive,冰滑梯排队虽久但值得，尖叫声不断。
2025-01-12,4,positive,今年冰雕规模比去年更大了，很壮观。
2025-01-12,3,neutral,冰雕很美，但是餐厅价格偏高。
2025-01-12,5,positive,冰酒吧体验独特，零下30度喝热饮很特别。
2025-01-12,4,positive,主办方今年安排得很用心，动线合理不绕路。
2025-01-12,2,negative,门票太贵了，性价比低。
2025-01-12,3,neutral,白天看一般，晚上亮灯后效果才好。
2025-01-12,5,positive,适合拍照打卡，随手一拍都是大片。
2025-01-12,5,positive,冰滑梯排队虽久但值得，尖叫声不断。
2025-01-12,5,positive,今年冰雕规模比去年更大了，很壮观。
2025-01-12,3,neutral,票价有点贵，不过冰雕确实不错。
2025-01-12,5,positive,冰酒吧体验独特，零下30度喝热饮很特别。
2025-01-12,5,positive,太美了！冰雕非常震撼，下次还来。
2025-01-12,4,positive,冰酒吧体验独特，零下30度喝热饮很特别。
2025-01-12,3,neutral,白天看一般，晚上亮灯后效果才好。
2025-01-12,4,positive,虽然人多但是氛围感很棒，冰雪的快乐。
2025-01-12,5,positive,夜场的冰灯特别漂亮，像童话世界一样。
2025-01-13,3,neutral,冰雕很美，但是餐厅价格偏高。
2025-01-13,4,positive,太美了！冰雕非常震撼，下次还来。
2025-01-13,4,positive,今年冰雕规模比去年更大了，很壮观。
2025-01-13,2,negative,卫生间太少了，排队比看冰雕还久。
2025-01-13,4,positive,太美了！冰雕非常震撼，下次还来。
2025-01-13,1,negative,排队排了2个小时，体验很差。
2025-01-13,1,negative,卫生间太少了，排队比看冰雕还久。
2025-01-13,4,positive,虽然人多但是氛围感很棒，冰雪的快乐。
2025-01-13,1,negative,地上太滑了，差点摔倒好几次。
2025-01-13,4,positive,带孩子来的，小朋友玩得很开心，推荐！
2025-01-13,4,positive,虽然人多但是氛围感很棒，冰雪的快乐。
2025-01-13,4,positive,大滑梯超刺激，排队时间也在可接受范围内。
2025-01-13,3,neutral,总体还行，就是排队太久了。
2025-01-13,4,positive,虽然冷但值得，哈尔滨的冬天名不虚传。
2025-01-13,4,positive,服务态度很好，园区管理有序。
2025-01-13,3,neutral,白天看一般，晚上亮灯后效果才好。
2025-01-13,5,positive,冰雪大世界的灯光秀太震撼了，音乐配合得绝佳！
2025-01-13,5,positive,今年冰雕规模比去年更大了，很壮观。
2025-01-13,3,neutral,白天看一般，晚上亮灯后效果才好。
2025-01-13,3,neutral,白天看一般，晚上亮灯后效果才好。
2025-01-13,2,negative,工作人员态度不好，问路都不理。
2025-01-13,4,positive,服务态度很好，园区管理有序。
2025-01-13,3,neutral,园区很大，走得腿都酸了，建议多设休息点。
2025-01-13,1,negative,餐饮又贵又难吃，建议自带食物。
2025-01-13,3,neutral,停车场离入口有点远，走了好久。
2025-01-13,3,neutral,人太多了，建议工作日去。
2025-01-13,3,neutral,园区很大，走得腿都酸了，建议多设休息点。
2025-01-13,5,positive,极地馆的企鹅太可爱了，拍了好多照片。
2025-01-13,3,neutral,白天看一般，晚上亮灯后效果才好。
2025-01-13,5,positive,虽然人多但是氛围感很棒，冰雪的快乐。
2025-01-13,3,neutral,中规中矩的一次体验，和预期差不多。
2025-01-13,5,positive,虽然人多但是氛围感很棒，冰雪的快乐。
2025-01-13,4,positive,服务态度很好，园区管理有序。
2025-01-13,5,positive,夜场的冰灯特别漂亮，像童话世界一样。
2025-01-13,4,positive,大滑梯超刺激，排队时间也在可接受范围内。
2025-01-13,2,negative,餐饮又贵又难吃，建议自带食物。
2025-01-13,3,neutral,人太多了，建议工作日去。
2025-01-13,5,positive,太美了！冰雕非常震撼，下次还来。
2025-01-13,3,neutral,票价有点贵，不过冰雕确实不错。
2025-01-13,5,positive,冰雪大世界的灯光秀太震撼了，音乐配合得绝佳！
2025-01-13,4,positive,太美了！冰雕非常震撼，下次还来。
2025-01-13,1,negative,餐饮又贵又难吃，建议自带食物。
2025-01-13,4,positive,适合拍照打卡，随手一拍都是大片。
2025-01-13,2,negative,冰雕有些已经开始融化，维护不及时。
2025-01-13,1,negative,工作人员态度不好，问路都不理。
2025-01-13,4,positive,夜场的冰灯特别漂亮，像童话世界一样。
2025-01-13,5,positive,带孩子来的，小朋友玩得很开心，推荐！
2025-01-13,2,negative,餐饮又贵又难吃，建议自带食物。
2025-01-13,4,positive,冰雪大世界的灯光秀太震撼了，音乐配合得绝佳！
2025-01-13,3,neutral,白天看一般，晚上亮灯后效果才好。
2025-01-13,3,neutral,停车场离入口有点远，走了好久。
2025-01-13,4,positive,冰滑梯排队虽久但值得，尖叫声不断。
2025-01-13,5,positive,主办方今年安排得很用心，动线合理不绕路。
2025-01-13,2,negative,停车费贵得离谱，而且不好找车位。
2025-01-13,2,negative,工作人员态度不好，问路都不理。
2025-01-13,1,negative,停车费贵得离谱，而且不好找车位。
2025-01-13,2,negative,餐饮又贵又难吃，建议自带食物。
2025-01-13,3,neutral,停车场离入口有点远，走了好久。
2025-01-13,3,neutral,白天看一般，晚上亮灯后效果才好。
2025-01-13,4,positive,极地馆的企鹅太可爱了，拍了好多照片。
2025-01-13,3,neutral,停车场离入口有点远，走了好久。
2025-01-13,2,negative,工作人员态度不好，问路都不理。
2025-01-13,3,neutral,中规中矩的一次体验，和预期差不多。
2025-01-13,3,neutral,园区很大，走得腿都酸了，建议多设休息点。
2025-01-13,3,neutral,人太多了，建议工作日去。
2025-01-13,4,positive,服务态度很好，园区管理有序。
2025-01-13,3,neutral,总体还行，就是排队太久了。
2025-01-13,4,positive,冰酒吧体验独特，零下30度喝热饮很特别。
2025-01-13,2,negative,冰雕有些已经开始融化，维护不及时。
2025-01-13,4,positive,虽然人多但是氛围感很棒，冰雪的快乐。
2025-01-13,1,negative,人挤人，根本没心情看冰雕。
2025-01-13,3,neutral,冰雕很美，但是餐厅价格偏高。
2025-01-13,3,neutral,白天看一般，晚上亮灯后效果才好。
2025-01-13,1,negative,卫生间太少了，排队比看冰雕还久。
2025-01-13,2,negative,停车费贵得离谱，而且不好找车位。
2025-01-13,2,negative,地上太滑了，差点摔倒好几次。
2025-01-13,1,negative,排队排了2个小时，体验很差。
2025-01-13,4,positive,太美了！冰雕非常震撼，下次还来。
2025-01-13,4,positive,冰酒吧体验独特，零下30度喝热饮很特别。
2025-01-13,5,positive,冰上龙舟很有创意，适合全家一起玩。
2025-01-13,3,neutral,中规中矩的一次体验，和预期差不多。
2025-01-13,3,neutral,票价有点贵，不过冰雕确实不错。
2025-01-13,4,positive,冰酒吧体验独特，零下30度喝热饮很特别。
2025-01-13,5,positive,冰上龙舟很有创意，适合全家一起玩。
2025-01-13,4,positive,适合拍照打卡，随手一拍都是大片。
2025-01-13,3,neutral,票价有点贵，不过冰雕确实不错。
2025-01-13,2,negative,餐饮又贵又难吃，建议自带食物。
2025-01-13,2,negative,卫生间太少了，排队比看冰雕还久。
2025-01-13,4,positive,虽然人多但是氛围感很棒，冰雪的快乐。
2025-01-13,5,positive,主办方今年安排得很用心，动线合理不绕路。
2025-01-13,5,positive,主办方今年安排得很用心，动线合理不绕路。
2025-01-13,3,neutral,冰雕很美，但是餐厅价格偏高。
2025-01-13,5,positive,冰上龙舟很有创意，适合全家一起玩。
2025-01-14,2,negative,卫生间太少了，排队比看冰雕还久。
2025-01-14,1,negative,太冷了，园区取暖设施不够。
2025-01-14,2,negative,卫生间太少了，排队比看冰雕还久。
2025-01-14,2,negative,停车费贵得离谱，而且不好找车位。
2025-01-14,1,negative,太冷了，园区取暖设施不够。
2025-01-14,1,negative,人挤人，根本没心情看冰雕。
2025-01-14,4,positive,冰上龙舟很有创意，适合全家一起玩。
2025-01-14,3,neutral,票价有点贵，不过冰雕确实不错。
2025-01-14,3,neutral,冰雕很美，但是餐厅价格偏高。
2025-01-14,3,neutral,总体还行，就是排队太久了。
2025-01-14,1,negative,地上太滑了，差点摔倒好几次。
2025-01-14,1,negative,卫生间太少了，排队比看冰雕还久。
2025-01-14,3,neutral,总体还行，就是排队太久了。
2025-01-14,2,negative,冰雕有些已经开始融化，维护不及时。
2025-01-14,5,positive,冰上龙舟很有创意，适合全家一起玩。
2025-01-14,4,positive,极地馆的企鹅太可爱了，拍了好多照片。
2025-01-14,3,neutral,停车场离入口有点远，走了好久。
2025-01-14,3,neutral,中规中矩的一次体验，和预期差不多。
2025-01-14,3,neutral,白天看一般，晚上亮灯后效果才好。
2025-01-14,5,positive,今年冰雕规模比去年更大了，很壮观。
2025-01-14,5,positive,主办方今年安排得很用心，动线合理不绕路。
2025-01-14,4,positive,大滑梯超刺激，排队时间也在可接受范围内。
2025-01-14,5,positive,大滑梯超刺激，排队时间也在可接受范围内。
2025-01-14,3,neutral,人太多了，建议工作日去。
2025-01-14,5,positive,太美了！冰雕非常震撼，下次还来。
2025-01-14,3,neutral,冰雕很美，但是餐厅价格偏高。
2025-01-14,5,positive,适合拍照打卡，随手一拍都是大片。
2025-01-14,1,negative,停车费贵得离谱，而且不好找车位。
2025-01-14,2,negative,门票太贵了，性价比低。
2025-01-14,3,neutral,总体还行，就是排队太久了。
2025-01-14,1,negative,冰雕有些已经开始融化，维护不及时。
2025-01-14,3,neutral,人太多了，建议工作日去。
2025-01-14,3,neutral,总体还行，就是排队太久了。
2025-01-14,4,positive,冰雪大世界的灯光秀太震撼了，音乐配合得绝佳！
2025-01-14,5,positive,大滑梯超刺激，排队时间也在可接受范围内。
2025-01-14,5,positive,主办方今年安排得很用心，动线合理不绕路。
2025-01-14,3,neutral,总体还行，就是排队太久了。
2025-01-14,5,positive,大滑梯超刺激，排队时间也在可接受范围内。
2025-01-14,3,neutral,停车场离入口有点远，走了好久。
2025-01-14,5,positive,带孩子来的，小朋友玩得很开心，推荐！
2025-01-14,5,positive,夜场的冰灯特别漂亮，像童话世界一样。
2025-01-14,2,negative,卫生间太少了，排队比看冰雕还久。
2025-01-14,3,neutral,票价有点贵，不过冰雕确实不错。
2025-01-14,4,positive,虽然人多但是氛围感很棒，冰雪的快乐。
2025-01-14,5,positive,主办方今年安排得很用心，动线合理不绕路。
2025-01-14,4,positive,大滑梯超刺激，排队时间也在可接受范围内。
2025-01-14,4,positive,大滑梯超刺激，排队时间也在可接受范围内。
2025-01-14,3,neutral,人太多了，建议工作日去。
2025-01-14,4,positive,冰酒吧体验独特，零下30度喝热饮很特别。
2025-01-14,5,positive,大滑梯超刺激，排队时间也在可接受范围内。
2025-01-14,1,negative,门票太贵了，性价比低。
2025-01-14,5,positive,虽然人多但是氛围感很棒，冰雪的快乐。
2025-01-14,5,positive,大滑梯超刺激，排队时间也在可接受范围内。
2025-01-14,1,negative,排队排了2个小时，体验很差。
2025-01-14,4,positive,适合拍照打卡，随手一拍都是大片。
2025-01-14,3,neutral,票价有点贵，不过冰雕确实不错。
2025-01-14,4,positive,冰酒吧体验独特，零下30度喝热饮很特别。
2025-01-14,5,positive,夜场的冰灯特别漂亮，像童话世界一样。
2025-01-14,5,positive,冰滑梯排队虽久但值得，尖叫声不断。
2025-01-14,1,negative,停车费贵得离谱，而且不好找车位。
2025-01-14,3,neutral,人太多了，建议工作日去。
2025-01-14,2,negative,冰雕有些已经开始融化，维护不及时。
2025-01-14,3,neutral,中规中矩的一次体验，和预期差不多。
2025-01-14,5,positive,主办方今年安排得很用心，动线合理不绕路。
2025-01-14,4,positive,夜场的冰灯特别漂亮，像童话世界一样。
2025-01-14,3,neutral,冰雕很美，但是餐厅价格偏高。
2025-01-14,1,negative,人挤人，根本没心情看冰雕。
2025-01-14,1,negative,冰雕有些已经开始融化，维护不及时。
2025-01-14,4,positive,夜场的冰灯特别漂亮，像童话世界一样。
2025-01-14,3,neutral,总体还行，就是排队太久了。
2025-01-14,1,negative,地上太滑了，差点摔倒好几次。
2025-01-14,2,negative,太冷了，园区取暖设施不够。
2025-01-14,4,positive,夜场的冰灯特别漂亮，像童话世界一样。
2025-01-14,4,positive,冰酒吧体验独特，零下30度喝热饮很特别。
2025-01-14,1,negative,餐饮又贵又难吃，建议自带食物。
2025-01-14,4,positive,虽然人多但是氛围感很棒，冰雪的快乐。
2025-01-14,4,positive,冰上龙舟很有创意，适合全家一起玩。
2025-01-14,1,negative,工作人员态度不好，问路都不理。
2025-01-14,1,negative,工作人员态度不好，问路都不理。
2025-01-14,2,negative,人挤人，根本没心情看冰雕。
2025-01-14,4,positive,冰雪大世界的灯光秀太震撼了，音乐配合得绝佳！
2025-01-14,3,neutral,停车场离入口有点远，走了好久。
2025-01-14,5,positive,适合拍照打卡，随手一拍都是大片。
2025-01-14,1,negative,餐饮又贵又难吃，建议自带食物。
2025-01-14,4,positive,虽然冷但值得，哈尔滨的冬天名不虚传。
2025-01-14,5,positive,冰酒吧体验独特，零下30度喝热饮很特别。
2025-01-14,1,negative,地上太滑了，差点摔倒好几次。
2025-01-14,2,negative,排队排了2个小时，体验很差。
2025-01-14,4,positive,冰雪大世界的灯光秀太震撼了，音乐配合得绝佳！
2025-01-14,1,negative,门票太贵了，性价比低。
2025-01-14,3,neutral,票价有点贵，不过冰雕确实不错。
2025-01-14,2,negative,排队排了2个小时，体验很差。
2025-01-14,2,negative,餐饮又贵又难吃，建议自带食物。
2025-01-14,3,neutral,停车场离入口有点远，走了好久。
2025-01-14,4,positive,服务态度很好，园区管理有序。
2025-01-14,1,negative,冰雕有些已经开始融化，维护不及时。
2025-01-14,3,neutral,冰雕很美，但是餐厅价格偏高。
2025-01-14,5,positive,冰上龙舟很有创意，适合全家一起玩。
2025-01-14,5,positive,适合拍照打卡，随手一拍都是大片。
2025-01-14,1,negative,卫生间太少了，排队比看冰雕还久。
2025-01-14,5,positive,虽然冷但值得，哈尔滨的冬天名不虚传。
2025-01-14,3,neutral,白天看一般，晚上亮灯后效果才好。
2025-01-14,4,positive,冰雪大世界的灯光秀太震撼了，音乐配合得绝佳！
2025-01-14,5,positive,适合拍照打卡，随手一拍都是大片。
2025-01-14,4,positive,服务态度很好，园区管理有序。
2025-01-14,4,positive,冰上龙舟很有创意，适合全家一起玩。
2025-01-14,3,neutral,冰雕很美，但是餐厅价格偏高。
2025-01-14,1,negative,餐饮又贵又难吃，建议自带食物。
2025-01-14,4,positive,极地馆的企鹅太可爱了，拍了好多照片。
2025-01-14,1,negative,工作人员态度不好，问路都不理。
2025-01-14,2,negative,排队排了2个小时，体验很差。
2025-01-15,4,positive,大滑梯超刺激，排队时间也在可接受范围内。
2025-01-15,5,positive,冰滑梯排队虽久但值得，尖叫声不断。
2025-01-15,4,positive,主办方今年安排得很用心，动线合理不绕路。
2025-01-15,2,negative,冰雕有些已经开始融化，维护不及时。
2025-01-15,3,neutral,白天看一般，晚上亮灯后效果才好。
2025-01-15,2,negative,地上太滑了，差点摔倒好几次。
2025-01-15,4,positive,极地馆的企鹅太可爱了，拍了好多照片。
2025-01-15,5,positive,冰雪大世界的灯光秀太震撼了，音乐配合得绝佳！
2025-01-15,5,positive,太美了！冰雕非常震撼，下次还来。
2025-01-15,5,positive,带孩子来的，小朋友玩得很开心，推荐！
2025-01-15,2,negative,卫生间太少了，排队比看冰雕还久。
2025-01-15,4,positive,冰雪大世界的灯光秀太震撼了，音乐配合得绝佳！
2025-01-15,3,neutral,中规中矩的一次体验，和预期差不多。
2025-01-15,2,negative,工作人员态度不好，问路都不理。
2025-01-15,3,neutral,冰雕很美，但是餐厅价格偏高。
2025-01-15,4,positive,今年冰雕规模比去年更大了，很壮观。
2025-01-15,2,negative,门票太贵了，性价比低。
2025-01-15,3,neutral,冰雕很美，但是餐厅价格偏高。
2025-01-15,1,negative,太冷了，园区取暖设施不够。
2025-01-15,5,positive,大滑梯超刺激，排队时间也在可接受范围内。
2025-01-15,2,negative,停车费贵得离谱，而且不好找车位。
2025-01-15,4,positive,服务态度很好，园区管理有序。
2025-01-15,1,negative,冰雕有些已经开始融化，维护不及时。
2025-01-15,4,positive,主办方今年安排得很用心，动线合理不绕路。
2025-01-15,5,positive,冰雪大世界的灯光秀太震撼了，音乐配合得绝佳！
2025-01-15,1,negative,人挤人，根本没心情看冰雕。
2025-01-15,5,positive,适合拍照打卡，随手一拍都是大片。
2025-01-15,3,neutral,园区很大，走得腿都酸了，建议多设休息点。
2025-01-15,3,neutral,中规中矩的一次体验，和预期差不多。
2025-01-15,5,positive,冰雪大世界的灯光秀太震撼了，音乐配合得绝佳！
2025-01-15,3,neutral,人太多了，建议工作日去。
2025-01-15,4,positive,今年冰雕规模比去年更大了，很壮观。
2025-01-15,4,positive,极地馆的企鹅太可爱了，拍了好多照片。
2025-01-15,5,positive,太美了！冰雕非常震撼，下次还来。
2025-01-15,5,positive,冰雪大世界的灯光秀太震撼了，音乐配合得绝佳！
2025-01-15,3,neutral,总体还行，就是排队太久了。
2025-01-15,4,positive,虽然人多但是氛围感很棒，冰雪的快乐。
2025-01-15,2,negative,太冷了，园区取暖设施不够。
2025-01-15,1,negative,排队排了2个小时，体验很差。
2025-01-15,2,negative,工作人员态度不好，问路都不理。
2025-01-15,5,positive,带孩子来的，小朋友玩得很开心，推荐！
2025-01-15,5,positive,极地馆的企鹅太可爱了，拍了好多照片。
2025-01-15,5,positive,带孩子来的，小朋友玩得很开心，推荐！
2025-01-15,5,positive,冰雪大世界的灯光秀太震撼了，音乐配合得绝佳！
2025-01-15,4,positive,冰上龙舟很有创意，适合全家一起玩。
2025-01-15,2,negative,地上太滑了，差点摔倒好几次。
2025-01-15,5,positive,虽然冷但值得，哈尔滨的冬天名不虚传。
2025-01-15,3,neutral,冰雕很美，但是餐厅价格偏高。
2025-01-15,3,neutral,冰雕很美，但是餐厅价格偏高。
2025-01-15,3,neutral,园区很大，走得腿都酸了，建议多设休息点。
2025-01-15,4,positive,太美了！冰雕非常震撼，下次还来。
2025-01-15,5,positive,太美了！冰雕非常震撼，下次还来。
2025-01-15,1,negative,停车费贵得离谱，而且不好找车位。
2025-01-15,3,neutral,票价有点贵，不过冰雕确实不错。
2025-01-15,3,neutral,总体还行，就是排队太久了。
2025-01-15,2,negative,停车费贵得离谱，而且不好找车位。
2025-01-15,2,negative,人挤人，根本没心情看冰雕。
2025-01-15,1,negative,停车费贵得离谱，而且不好找车位。
2025-01-15,5,positive,冰雪大世界的灯光秀太震撼了，音乐配合得绝佳！
2025-01-15,3,neutral,票价有点贵，不过冰雕确实不错。
2025-01-15,3,neutral,票价有点贵，不过冰雕确实不错。
2025-01-15,3,neutral,票价有点贵，不过冰雕确实不错。
2025-01-15,4,positive,虽然人多但是氛围感很棒，冰雪的快乐。
2025-01-15,2,negative,停车费贵得离谱，而且不好找车位。
2025-01-15,4,positive,夜场的冰灯特别漂亮，像童话世界一样。
2025-01-15,4,positive,服务态度很好，园区管理有序。
2025-01-15,4,positive,冰雪大世界的灯光秀太震撼了，音乐配合得绝佳！
2025-01-15,3,neutral,人太多了，建议工作日去。
2025-01-15,5,positive,冰滑梯排队虽久但值得，尖叫声不断。
2025-01-15,4,positive,带孩子来的，小朋友玩得很开心，推荐！
2025-01-15,5,positive,适合拍照打卡，随手一拍都是大片。
2025-01-15,4,positive,夜场的冰灯特别漂亮，像童话世界一样。
2025-01-15,4,positive,大滑梯超刺激，排队时间也在可接受范围内。
2025-01-15,4,positive,大滑梯超刺激，排队时间也在可接受范围内。
2025-01-15,5,positive,冰上龙舟很有创意，适合全家一起玩。
2025-01-15,4,positive,冰雪大世界的灯光秀太震撼了，音乐配合得绝佳！
2025-01-15,5,positive,冰滑梯排队虽久但值得，尖叫声不断。
2025-01-15,4,positive,带孩子来的，小朋友玩得很开心，推荐！
2025-01-15,4,positive,冰雪大世界的灯光秀太震撼了，音乐配合得绝佳！
2025-01-15,3,neutral,停车场离入口有点远，走了好久。
2025-01-15,5,positive,冰滑梯排队虽久但值得，尖叫声不断。
2025-01-15,2,negative,门票太贵了，性价比低。
2025-01-16,3,neutral,白天看一般，晚上亮灯后效果才好。
2025-01-16,5,positive,适合拍照打卡，随手一拍都是大片。
2025-01-16,1,negative,地上太滑了，差点摔倒好几次。
2025-01-16,5,positive,大滑梯超刺激，排队时间也在可接受范围内。
2025-01-16,4,positive,夜场的冰灯特别漂亮，像童话世界一样。
2025-01-16,3,neutral,票价有点贵，不过冰雕确实不错。
2025-01-16,5,positive,大滑梯超刺激，排队时间也在可接受范围内。
2025-01-16,3,neutral,总体还行，就是排队太久了。
2025-01-16,5,positive,服务态度很好，园区管理有序。
2025-01-16,3,neutral,白天看一般，晚上亮灯后效果才好。
2025-01-16,3,neutral,中规中矩的一次体验，和预期差不多。
2025-01-16,2,negative,排队排了2个小时，体验很差。
2025-01-16,2,negative,门票太贵了，性价比低。
2025-01-16,2,negative,门票太贵了，性价比低。
2025-01-16,3,neutral,人太多了，建议工作日去。
2025-01-16,3,neutral,停车场离入口有点远，走了好久。
2025-01-16,3,neutral,票价有点贵，不过冰雕确实不错。
2025-01-16,4,positive,冰上龙舟很有创意，适合全家一起玩。
2025-01-16,5,positive,冰滑梯排队虽久但值得，尖叫声不断。
2025-01-16,2,negative,人挤人，根本没心情看冰雕。
2025-01-16,2,negative,停车费贵得离谱，而且不好找车位。
2025-01-16,4,positive,服务态度很好，园区管理有序。
2025-01-16,3,neutral,人太多了，建议工作日去。
2025-01-16,2,negative,冰雕有些已经开始融化，维护不及时。
2025-01-16,3,neutral,票价有点贵，不过冰雕确实不错。
2025-01-16,4,positive,夜场的冰灯特别漂亮，像童话世界一样。
2025-01-16,4,positive,极地馆的企鹅太可爱了，拍了好多照片。
2025-01-16,2,negative,工作人员态度不好，问路都不理。
2025-01-16,4,positive,虽然冷但值得，哈尔滨的冬天名不虚传。
2025-01-16,3,neutral,票价有点贵，不过冰雕确实不错。
2025-01-16,5,positive,冰滑梯排队虽久但值得，尖叫声不断。
2025-01-16,2,negative,冰雕有些已经开始融化，维护不及时。
2025-01-16,4,positive,适合拍照打卡，随手一拍都是大片。
2025-01-16,4,positive,大滑梯超刺激，排队时间也在可接受范围内。
2025-01-16,3,neutral,票价有点贵，不过冰雕确实不错。
2025-01-16,5,positive,太美了！冰雕非常震撼，下次还来。
2025-01-16,2,negative,太冷了，园区取暖设施不够。
2025-01-16,3,neutral,票价有点贵，不过冰雕确实不错。
2025-01-16,4,positive,冰酒吧体验独特，零下30度喝热饮很特别。
2025-01-16,5,positive,适合拍照打卡，随手一拍都是大片。
2025-01-16,3,neutral,冰雕很美，但是餐厅价格偏高。
2025-01-16,1,negative,冰雕有些已经开始融化，维护不及时。
2025-01-16,5,positive,太美了！冰雕非常震撼，下次还来。
2025-01-16,5,positive,冰滑梯排队虽久但值得，尖叫声不断。
2025-01-16,2,negative,冰雕有些已经开始融化，维护不及时。
2025-01-16,1,negative,餐饮又贵又难吃，建议自带食物。
2025-01-16,3,neutral,总体还行，就是排队太久了。
2025-01-16,5,positive,冰滑梯排队虽久但值得，尖叫声不断。
2025-01-16,4,positive,太美了！冰雕非常震撼，下次还来。
2025-01-16,5,positive,冰雪大世界的灯光秀太震撼了，音乐配合得绝佳！
2025-01-16,3,neutral,白天看一般，晚上亮灯后效果才好。
2025-01-16,5,positive,大滑梯超刺激，排队时间也在可接受范围内。
2025-01-16,3,neutral,人太多了，建议工作日去。
2025-01-16,3,neutral,中规中矩的一次体验，和预期差不多。
2025-01-16,5,positive,冰滑梯排队虽久但值得，尖叫声不断。
2025-01-16,2,negative,工作人员态度不好，问路都不理。
2025-01-16,3,neutral,总体还行，就是排队太久了。
2025-01-16,4,positive,极地馆的企鹅太可爱了，拍了好多照片。
2025-01-16,1,negative,冰雕有些已经开始融化，维护不及时。
2025-01-16,5,positive,冰上龙舟很有创意，适合全家一起玩。
2025-01-16,4,positive,服务态度很好，园区管理有序。
2025-01-16,2,negative,工作人员态度不好，问路都不理。
2025-01-16,1,negative,太冷了，园区取暖设施不够。
2025-01-16,2,negative,卫生间太少了，排队比看冰雕还久。
2025-01-16,5,positive,虽然冷但值得，哈尔滨的冬天名不虚传。
2025-01-16,4,positive,太美了！冰雕非常震撼，下次还来。
2025-01-16,3,neutral,白天看一般，晚上亮灯后效果才好。
2025-01-16,4,positive,适合拍照打卡，随手一拍都是大片。
2025-01-16,3,neutral,停车场离入口有点远，走了好久。
2025-01-16,4,positive,带孩子来的，小朋友玩得很开心，推荐！
2025-01-16,4,positive,冰酒吧体验独特，零下30度喝热饮很特别。
2025-01-16,3,neutral,中规中矩的一次体验，和预期差不多。
2025-01-16,2,negative,地上太滑了，差点摔倒好几次。
2025-01-16,2,negative,门票太贵了，性价比低。
2025-01-16,2,negative,工作人员态度不好，问路都不理。
2025-01-16,3,neutral,总体还行，就是排队太久了。
2025-01-16,5,positive,冰雪大世界的灯光秀太震撼了，音乐配合得绝佳！
2025-01-16,4,positive,冰雪大世界的灯光秀太震撼了，音乐配合得绝佳！
2025-01-16,3,neutral,票价有点贵，不过冰雕确实不错。
2025-01-16,4,positive,今年冰雕规模比去年更大了，很壮观。
2025-01-16,4,positive,极地馆的企鹅太可爱了，拍了好多照片。
2025-01-16,2,negative,地上太滑了，差点摔倒好几次。
2025-01-16,5,positive,带孩子来的，小朋友玩得很开心，推荐！
2025-01-16,4,positive,虽然人多但是氛围感很棒，冰雪的快乐。
2025-01-16,2,negative,冰雕有些已经开始融化，维护不及时。
2025-01-16,5,positive,主办方今年安排得很用心，动线合理不绕路。
2025-01-16,4,positive,主办方今年安排得很用心，动线合理不绕路。
2025-01-16,5,positive,大滑梯超刺激，排队时间也在可接受范围内。
2025-01-16,1,negative,人挤人，根本没心情看冰雕。
2025-01-16,3,neutral,人太多了，建议工作日去。
2025-01-16,5,positive,极地馆的企鹅太可爱了，拍了好多照片。
2025-01-16,1,negative,排队排了2个小时，体验很差。
2025-01-16,5,positive,服务态度很好，园区管理有序。
2025-01-16,3,neutral,园区很大，走得腿都酸了，建议多设休息点。
2025-01-16,2,negative,门票太贵了，性价比低。
2025-01-16,4,positive,适合拍照打卡，随手一拍都是大片。
2025-01-16,1,negative,工作人员态度不好，问路都不理。
2025-01-16,3,neutral,票价有点贵，不过冰雕确实不错。
2025-01-16,2,negative,地上太滑了，差点摔倒好几次。
2025-01-16,5,positive,冰上龙舟很有创意，适合全家一起玩。
2025-01-16,3,neutral,票价有点贵，不过冰雕确实不错。
2025-01-16,2,negative,冰雕有些已经开始融化，维护不及时。
2025-01-16,3,neutral,园区很大，走得腿都酸了，建议多设休息点。
2025-01-16,4,positive,夜场的冰灯特别漂亮，像童话世界一样。
2025-01-16,3,neutral,总体还行，就是排队太久了。
2025-01-16,3,neutral,园区很大，走得腿都酸了，建议多设休息点。
2025-01-16,1,negative,排队排了2个小时，体验很差。
2025-01-16,3,neutral,园区很大，走得腿都酸了，建议多设休息点。
2025-01-16,1,negative,冰雕有些已经开始融化，维护不及时。
2025-01-16,5,positive,服务态度很好，园区管理有序。
2025-01-16,1,negative,太冷了，园区取暖设施不够。
2025-01-16,4,positive,主办方今年安排得很用心，动线合理不绕路。
2025-01-16,1,negative,卫生间太少了，排队比看冰雕还久。
2025-01-16,4,positive,冰雪大世界的灯光秀太震撼了，音乐配合得绝佳！
2025-01-16,5,positive,大滑梯超刺激，排队时间也在可接受范围内。
2025-01-16,3,neutral,停车场离入口有点远，走了好久。
2025-01-16,3,neutral,停车场离入口有点远，走了好久。
2025-01-16,5,positive,太美了！冰雕非常震撼，下次还来。
2025-01-16,5,positive,太美了！冰雕非常震撼，下次还来。
2025-01-16,1,negative,地上太滑了，差点摔倒好几次。
2025-01-16,5,positive,太美了！冰雕非常震撼，下次还来。
2025-01-16,5,positive,今年冰雕规模比去年更大了，很壮观。
2025-01-16,4,positive,主办方今年安排得很用心，动线合理不绕路。
2025-01-16,4,positive,适合拍照打卡，随手一拍都是大片。
2025-01-16,5,positive,太美了！冰雕非常震撼，下次还来。
2025-01-16,3,neutral,白天看一般，晚上亮灯后效果才好。
2025-01-16,5,positive,带孩子来的，小朋友玩得很开心，推荐！
2025-01-17,4,positive,虽然冷但值得，哈尔滨的冬天名不虚传。
2025-01-17,1,negative,卫生间太少了，排队比看冰雕还久。
2025-01-17,4,positive,冰上龙舟很有创意，适合全家一起玩。
2025-01-17,3,neutral,人太多了，建议工作日去。
2025-01-17,1,negative,停车费贵得离谱，而且不好找车位。
2025-01-17,3,neutral,园区很大，走得腿都酸了，建议多设休息点。
2025-01-17,4,positive,冰滑梯排队虽久但值得，尖叫声不断。
2025-01-17,3,neutral,票价有点贵，不过冰雕确实不错。
2025-01-17,3,neutral,总体还行，就是排队太久了。
2025-01-17,3,neutral,人太多了，建议工作日去。
2025-01-17,5,positive,冰上龙舟很有创意，适合全家一起玩。
2025-01-17,3,neutral,总体还行，就是排队太久了。
2025-01-17,5,positive,冰上龙舟很有创意，适合全家一起玩。
2025-01-17,3,neutral,总体还行，就是排队太久了。
2025-01-17,5,positive,虽然冷但值得，哈尔滨的冬天名不虚传。
2025-01-17,4,positive,适合拍照打卡，随手一拍都是大片。
2025-01-17,4,positive,冰雪大世界的灯光秀太震撼了，音乐配合得绝佳！
2025-01-17,3,neutral,人太多了，建议工作日去。
2025-01-17,5,positive,太美了！冰雕非常震撼，下次还来。
2025-01-17,3,neutral,人太多了，建议工作日去。
2025-01-17,3,neutral,总体还行，就是排队太久了。
2025-01-17,5,positive,冰滑梯排队虽久但值得，尖叫声不断。
2025-01-17,1,negative,门票太贵了，性价比低。
2025-01-17,5,positive,虽然人多但是氛围感很棒，冰雪的快乐。
2025-01-17,3,neutral,票价有点贵，不过冰雕确实不错。
2025-01-17,3,neutral,停车场离入口有点远，走了好久。
2025-01-17,3,neutral,人太多了，建议工作日去。
2025-01-17,5,positive,虽然人多但是氛围感很棒，冰雪的快乐。
2025-01-17,5,positive,冰酒吧体验独特，零下30度喝热饮很特别。
2025-01-17,4,positive,带孩子来的，小朋友玩得很开心，推荐！
2025-01-17,3,neutral,票价有点贵，不过冰雕确实不错。
2025-01-17,4,positive,带孩子来的，小朋友玩得很开心，推荐！
2025-01-17,5,positive,冰上龙舟很有创意，适合全家一起玩。
2025-01-17,3,neutral,园区很大，走得腿都酸了，建议多设休息点。
2025-01-17,3,neutral,票价有点贵，不过冰雕确实不错。
2025-01-17,4,positive,主办方今年安排得很用心，动线合理不绕路。
2025-01-17,5,positive,虽然冷但值得，哈尔滨的冬天名不虚传。
2025-01-17,1,negative,工作人员态度不好，问路都不理。
2025-01-17,4,positive,今年冰雕规模比去年更大了，很壮观。
2025-01-17,2,negative,工作人员态度不好，问路都不理。
2025-01-17,4,positive,今年冰雕规模比去年更大了，很壮观。
2025-01-17,2,negative,太冷了，园区取暖设施不够。
2025-01-17,5,positive,冰雪大世界的灯光秀太震撼了，音乐配合得绝佳！
2025-01-17,5,positive,冰酒吧体验独特，零下30度喝热饮很特别。
2025-01-17,5,positive,极地馆的企鹅太可爱了，拍了好多照片。
2025-01-17,5,positive,夜场的冰灯特别漂亮，像童话世界一样。
2025-01-17,5,positive,今年冰雕规模比去年更大了，很壮观。
2025-01-17,3,neutral,园区很大，走得腿都酸了，建议多设休息点。
2025-01-17,5,positive,主办方今年安排得很用心，动线合理不绕路。
2025-01-17,5,positive,太美了！冰雕非常震撼，下次还来。
2025-01-17,2,negative,停车费贵得离谱，而且不好找车位。
2025-01-17,4,positive,夜场的冰灯特别漂亮，像童话世界一样。
2025-01-17,3,neutral,中规中矩的一次体验，和预期差不多。
2025-01-17,4,positive,带孩子来的，小朋友玩得很开心，推荐！
2025-01-17,3,neutral,票价有点贵，不过冰雕确实不错。
2025-01-17,2,negative,门票太贵了，性价比低。
2025-01-17,3,neutral,人太多了，建议工作日去。
2025-01-17,2,negative,工作人员态度不好，问路都不理。
2025-01-17,4,positive,夜场的冰灯特别漂亮，像童话世界一样。
2025-01-17,3,neutral,中规中矩的一次体验，和预期差不多。
2025-01-17,3,neutral,人太多了，建议工作日去。
2025-01-17,5,positive,冰上龙舟很有创意，适合全家一起玩。
2025-01-17,5,positive,虽然冷但值得，哈尔滨的冬天名不虚传。
2025-01-17,2,negative,停车费贵得离谱，而且不好找车位。
2025-01-18,2,negative,排队排了2个小时，体验很差。
2025-01-18,3,neutral,人太多了，建议工作日去。
2025-01-18,1,negative,太冷了，园区取暖设施不够。
2025-01-18,1,negative,停车费贵得离谱，而且不好找车位。
2025-01-18,5,positive,服务态度很好，园区管理有序。
2025-01-18,5,positive,主办方今年安排得很用心，动线合理不绕路。
2025-01-18,3,neutral,人太多了，建议工作日去。
2025-01-18,4,positive,太美了！冰雕非常震撼，下次还来。
2025-01-18,3,neutral,停车场离入口有点远，走了好久。
2025-01-18,4,positive,带孩子来的，小朋友玩得很开心，推荐！
2025-01-18,2,negative,排队排了2个小时，体验很差。
2025-01-18,5,positive,太美了！冰雕非常震撼，下次还来。
2025-01-18,5,positive,夜场的冰灯特别漂亮，像童话世界一样。
2025-01-18,4,positive,冰滑梯排队虽久但值得，尖叫声不断。
2025-01-18,5,positive,带孩子来的，小朋友玩得很开心，推荐！
2025-01-18,3,neutral,冰雕很美，但是餐厅价格偏高。
2025-01-18,2,negative,工作人员态度不好，问路都不理。
2025-01-18,2,negative,冰雕有些已经开始融化，维护不及时。
2025-01-18,3,neutral,人太多了，建议工作日去。
2025-01-18,4,positive,虽然冷但值得，哈尔滨的冬天名不虚传。
2025-01-18,4,positive,夜场的冰灯特别漂亮，像童话世界一样。
2025-01-18,3,neutral,冰雕很美，但是餐厅价格偏高。
2025-01-18,3,neutral,停车场离入口有点远，走了好久。
2025-01-18,3,neutral,白天看一般，晚上亮灯后效果才好。
2025-01-18,4,positive,虽然冷但值得，哈尔滨的冬天名不虚传。
2025-01-18,1,negative,餐饮又贵又难吃，建议自带食物。
2025-01-18,3,neutral,总体还行，就是排队太久了。
2025-01-18,1,negative,停车费贵得离谱，而且不好找车位。
2025-01-18,1,negative,餐饮又贵又难吃，建议自带食物。
2025-01-18,3,neutral,停车场离入口有点远，走了好久。
2025-01-18,3,neutral,票价有点贵，不过冰雕确实不错。
2025-01-18,2,negative,门票太贵了，性价比低。
2025-01-18,3,neutral,中规中矩的一次体验，和预期差不多。
2025-01-18,5,positive,服务态度很好，园区管理有序。
2025-01-18,3,neutral,总体还行，就是排队太久了。
2025-01-18,3,neutral,园区很大，走得腿都酸了，建议多设休息点。
2025-01-18,1,negative,人挤人，根本没心情看冰雕。
2025-01-18,3,neutral,票价有点贵，不过冰雕确实不错。
2025-01-18,5,positive,极地馆的企鹅太可爱了，拍了好多照片。
2025-01-18,1,negative,太冷了，园区取暖设施不够。
2025-01-18,4,positive,冰酒吧体验独特，零下30度喝热饮很特别。
2025-01-18,2,negative,地上太滑了，差点摔倒好几次。
2025-01-18,2,negative,卫生间太少了，排队比看冰雕还久。
2025-01-18,4,positive,极地馆的企鹅太可爱了，拍了好多照片。
2025-01-18,2,negative,人挤人，根本没心情看冰雕。
2025-01-18,5,positive,冰上龙舟很有创意，适合全家一起玩。
2025-01-18,4,positive,主办方今年安排得很用心，动线合理不绕路。
2025-01-18,3,neutral,园区很大，走得腿都酸了，建议多设休息点。
2025-01-18,3,neutral,冰雕很美，但是餐厅价格偏高。
2025-01-18,4,positive,太美了！冰雕非常震撼，下次还来。
2025-01-18,5,positive,虽然冷但值得，哈尔滨的冬天名不虚传。
2025-01-18,1,negative,太冷了，园区取暖设施不够。
2025-01-18,3,neutral,人太多了，建议工作日去。
2025-01-18,4,positive,冰雪大世界的灯光秀太震撼了，音乐配合得绝佳！
2025-01-18,5,positive,虽然人多但是氛围感很棒，冰雪的快乐。
2025-01-18,4,positive,冰滑梯排队虽久但值得，尖叫声不断。
2025-01-18,1,negative,冰雕有些已经开始融化，维护不及时。
2025-01-18,1,negative,冰雕有些已经开始融化，维护不及时。
2025-01-18,5,positive,夜场的冰灯特别漂亮，像童话世界一样。
2025-01-18,1,negative,餐饮又贵又难吃，建议自带食物。
2025-01-18,3,neutral,总体还行，就是排队太久了。
2025-01-18,4,positive,太美了！冰雕非常震撼，下次还来。
2025-01-18,1,negative,地上太滑了，差点摔倒好几次。
2025-01-18,5,positive,大滑梯超刺激，排队时间也在可接受范围内。
2025-01-18,4,positive,虽然冷但值得，哈尔滨的冬天名不虚传。
2025-01-18,4,positive,服务态度很好，园区管理有序。
2025-01-18,5,positive,大滑梯超刺激，排队时间也在可接受范围内。
2025-01-18,4,positive,今年冰雕规模比去年更大了，很壮观。
2025-01-18,3,neutral,停车场离入口有点远，走了好久。
2025-01-18,1,negative,排队排了2个小时，体验很差。
2025-01-18,3,neutral,票价有点贵，不过冰雕确实不错。
2025-01-18,4,positive,适合拍照打卡，随手一拍都是大片。
2025-01-18,3,neutral,总体还行，就是排队太久了。
2025-01-19,5,positive,冰滑梯排队虽久但值得，尖叫声不断。
2025-01-19,1,negative,卫生间太少了，排队比看冰雕还久。
2025-01-19,3,neutral,人太多了，建议工作日去。
2025-01-19,4,positive,夜场的冰灯特别漂亮，像童话世界一样。
2025-01-19,2,negative,排队排了2个小时，体验很差。
2025-01-19,5,positive,冰上龙舟很有创意，适合全家一起玩。
2025-01-19,3,neutral,票价有点贵，不过冰雕确实不错。
2025-01-19,3,neutral,票价有点贵，不过冰雕确实不错。
2025-01-19,2,negative,人挤人，根本没心情看冰雕。
2025-01-19,3,neutral,停车场离入口有点远，走了好久。
2025-01-19,3,neutral,中规中矩的一次体验，和预期差不多。
2025-01-19,5,positive,服务态度很好，园区管理有序。
2025-01-19,2,negative,人挤人，根本没心情看冰雕。
2025-01-19,4,positive,适合拍照打卡，随手一拍都是大片。
2025-01-19,2,negative,地上太滑了，差点摔倒好几次。
2025-01-19,3,neutral,园区很大，走得腿都酸了，建议多设休息点。
2025-01-19,2,negative,太冷了，园区取暖设施不够。
2025-01-19,3,neutral,中规中矩的一次体验，和预期差不多。
2025-01-19,1,negative,人挤人，根本没心情看冰雕。
2025-01-19,2,negative,太冷了，园区取暖设施不够。
2025-01-19,1,negative,人挤人，根本没心情看冰雕。
2025-01-19,5,positive,适合拍照打卡，随手一拍都是大片。
2025-01-19,4,positive,服务态度很好，园区管理有序。
2025-01-19,4,positive,虽然人多但是氛围感很棒，冰雪的快乐。
2025-01-19,1,negative,人挤人，根本没心情看冰雕。
2025-01-19,5,positive,服务态度很好，园区管理有序。
2025-01-19,4,positive,冰滑梯排队虽久但值得，尖叫声不断。
2025-01-19,5,positive,虽然冷但值得，哈尔滨的冬天名不虚传。
2025-01-19,4,positive,带孩子来的，小朋友玩得很开心，推荐！
2025-01-19,2,negative,冰雕有些已经开始融化，维护不及时。
2025-01-19,3,neutral,停车场离入口有点远，走了好久。
2025-01-19,3,neutral,总体还行，就是排队太久了。
2025-01-19,5,positive,冰滑梯排队虽久但值得，尖叫声不断。
2025-01-19,1,negative,工作人员态度不好，问路都不理。
2025-01-19,5,positive,夜场的冰灯特别漂亮，像童话世界一样。
2025-01-19,3,neutral,园区很大，走得腿都酸了，建议多设休息点。
2025-01-19,2,negative,停车费贵得离谱，而且不好找车位。
2025-01-19,4,positive,冰上龙舟很有创意，适合全家一起玩。
2025-01-19,5,positive,夜场的冰灯特别漂亮，像童话世界一样。
2025-01-19,5,positive,服务态度很好，园区管理有序。
2025-01-19,5,positive,今年冰雕规模比去年更大了，很壮观。
2025-01-19,2,negative,餐饮又贵又难吃，建议自带食物。
2025-01-19,3,neutral,停车场离入口有点远，走了好久。
2025-01-19,3,neutral,园区很大，走得腿都酸了，建议多设休息点。
2025-01-19,2,negative,地上太滑了，差点摔倒好几次。
2025-01-19,3,neutral,冰雕很美，但是餐厅价格偏高。
2025-01-19,2,negative,人挤人，根本没心情看冰雕。
2025-01-19,2,negative,地上太滑了，差点摔倒好几次。
2025-01-19,3,neutral,人太多了，建议工作日去。
2025-01-19,2,negative,排队排了2个小时，体验很差。
2025-01-19,3,neutral,总体还行，就是排队太久了。
2025-01-19,3,neutral,冰雕很美，但是餐厅价格偏高。
2025-01-19,4,positive,夜场的冰灯特别漂亮，像童话世界一样。
2025-01-19,3,neutral,票价有点贵，不过冰雕确实不错。
2025-01-19,4,positive,虽然人多但是氛围感很棒，冰雪的快乐。
2025-01-19,3,neutral,停车场离入口有点远，走了好久。
2025-01-19,5,positive,冰上龙舟很有创意，适合全家一起玩。
2025-01-19,4,positive,服务态度很好，园区管理有序。
2025-01-19,3,neutral,人太多了，建议工作日去。
2025-01-19,1,negative,地上太滑了，差点摔倒好几次。
2025-01-19,5,positive,虽然冷但值得，哈尔滨的冬天名不虚传。
2025-01-19,3,neutral,冰雕很美，但是餐厅价格偏高。
2025-01-19,3,neutral,人太多了，建议工作日去。
2025-01-19,5,positive,主办方今年安排得很用心，动线合理不绕路。
2025-01-19,3,neutral,人太多了，建议工作日去。
2025-01-19,3,neutral,园区很大，走得腿都酸了，建议多设休息点。
2025-01-19,1,negative,太冷了，园区取暖设施不够。
2025-01-19,2,negative,工作人员态度不好，问路都不理。
2025-01-19,3,neutral,停车场离入口有点远，走了好久。
2025-01-19,3,neutral,园区很大，走得腿都酸了，建议多设休息点。
2025-01-19,2,negative,停车费贵得离谱，而且不好找车位。
2025-01-19,2,negative,冰雕有些已经开始融化，维护不及时。
2025-01-19,3,neutral,停车场离入口有点远，走了好久。
2025-01-19,4,positive,大滑梯超刺激，排队时间也在可接受范围内。
2025-01-19,5,positive,太美了！冰雕非常震撼，下次还来。
2025-01-19,3,neutral,白天看一般，晚上亮灯后效果才好。
2025-01-19,3,neutral,园区很大，走得腿都酸了，建议多设休息点。
2025-01-19,3,neutral,园区很大，走得腿都酸了，建议多设休息点。
2025-01-19,4,positive,今年冰雕规模比去年更大了，很壮观。
2025-01-19,2,negative,工作人员态度不好，问路都不理。
2025-01-19,5,positive,冰酒吧体验独特，零下30度喝热饮很特别。
2025-01-19,3,neutral,园区很大，走得腿都酸了，建议多设休息点。
2025-01-19,3,neutral,人太多了，建议工作日去。
2025-01-19,5,positive,冰滑梯排队虽久但值得，尖叫声不断。
2025-01-19,5,positive,冰酒吧体验独特，零下30度喝热饮很特别。
2025-01-20,5,positive,冰滑梯排队虽久但值得，尖叫声不断。
2025-01-20,4,positive,太美了！冰雕非常震撼，下次还来。
2025-01-20,5,positive,服务态度很好，园区管理有序。
2025-01-20,4,positive,太美了！冰雕非常震撼，下次还来。
2025-01-20,2,negative,排队排了2个小时，体验很差。
2025-01-20,4,positive,冰上龙舟很有创意，适合全家一起玩。
2025-01-20,4,positive,适合拍照打卡，随手一拍都是大片。
2025-01-20,3,neutral,总体还行，就是排队太久了。
2025-01-20,4,positive,服务态度很好，园区管理有序。
2025-01-20,3,neutral,白天看一般，晚上亮灯后效果才好。
2025-01-20,5,positive,冰上龙舟很有创意，适合全家一起玩。
2025-01-20,4,positive,主办方今年安排得很用心，动线合理不绕路。
2025-01-20,5,positive,主办方今年安排得很用心，动线合理不绕路。
2025-01-20,4,positive,适合拍照打卡，随手一拍都是大片。
2025-01-20,3,neutral,票价有点贵，不过冰雕确实不错。
2025-01-20,5,positive,冰上龙舟很有创意，适合全家一起玩。
2025-01-20,5,positive,冰上龙舟很有创意，适合全家一起玩。
2025-01-20,2,negative,人挤人，根本没心情看冰雕。
2025-01-20,5,positive,带孩子来的，小朋友玩得很开心，推荐！
2025-01-20,4,positive,极地馆的企鹅太可爱了，拍了好多照片。
2025-01-20,3,neutral,总体还行，就是排队太久了。
2025-01-20,4,positive,适合拍照打卡，随手一拍都是大片。
2025-01-20,4,positive,适合拍照打卡，随手一拍都是大片。
2025-01-20,4,positive,服务态度很好，园区管理有序。
2025-01-20,5,positive,虽然冷但值得，哈尔滨的冬天名不虚传。
2025-01-20,3,neutral,人太多了，建议工作日去。
2025-01-20,5,positive,今年冰雕规模比去年更大了，很壮观。
2025-01-20,5,positive,大滑梯超刺激，排队时间也在可接受范围内。
2025-01-20,4,positive,虽然冷但值得，哈尔滨的冬天名不虚传。
2025-01-20,5,positive,冰雪大世界的灯光秀太震撼了，音乐配合得绝佳！
2025-01-20,3,neutral,票价有点贵，不过冰雕确实不错。
2025-01-20,3,neutral,总体还行，就是排队太久了。
2025-01-20,3,neutral,停车场离入口有点远，走了好久。
2025-01-20,5,positive,冰雪大世界的灯光秀太震撼了，音乐配合得绝佳！
2025-01-20,3,neutral,冰雕很美，但是餐厅价格偏高。
2025-01-20,4,positive,夜场的冰灯特别漂亮，像童话世界一样。
2025-01-20,3,neutral,停车场离入口有点远，走了好久。
2025-01-20,4,positive,虽然人多但是氛围感很棒，冰雪的快乐。
2025-01-20,1,negative,停车费贵得离谱，而且不好找车位。
2025-01-20,3,neutral,总体还行，就是排队太久了。
2025-01-20,3,neutral,停车场离入口有点远，走了好久。
2025-01-20,5,positive,冰上龙舟很有创意，适合全家一起玩。
2025-01-20,3,neutral,人太多了，建议工作日去。
2025-01-20,2,negative,工作人员态度不好，问路都不理。
2025-01-20,2,negative,餐饮又贵又难吃，建议自带食物。
2025-01-20,2,negative,地上太滑了，差点摔倒好几次。
2025-01-20,2,negative,冰雕有些已经开始融化，维护不及时。
2025-01-20,4,positive,适合拍照打卡，随手一拍都是大片。
2025-01-20,2,negative,排队排了2个小时，体验很差。
2025-01-20,2,negative,太冷了，园区取暖设施不够。
2025-01-20,1,negative,工作人员态度不好，问路都不理。
2025-01-20,5,positive,冰滑梯排队虽久但值得，尖叫声不断。
2025-01-20,5,positive,适合拍照打卡，随手一拍都是大片。
2025-01-20,4,positive,今年冰雕规模比去年更大了，很壮观。
2025-01-20,3,neutral,总体还行，就是排队太久了。
2025-01-20,4,positive,大滑梯超刺激，排队时间也在可接受范围内。
2025-01-20,5,positive,服务态度很好，园区管理有序。
2025-01-21,4,positive,主办方今年安排得很用心，动线合理不绕路。
2025-01-21,4,positive,大滑梯超刺激，排队时间也在可接受范围内。
2025-01-21,5,positive,适合拍照打卡，随手一拍都是大片。
2025-01-21,5,positive,冰酒吧体验独特，零下30度喝热饮很特别。
2025-01-21,1,negative,卫生间太少了，排队比看冰雕还久。
2025-01-21,3,neutral,园区很大，走得腿都酸了，建议多设休息点。
2025-01-21,4,positive,主办方今年安排得很用心，动线合理不绕路。
2025-01-21,1,negative,太冷了，园区取暖设施不够。
2025-01-21,3,neutral,中规中矩的一次体验，和预期差不多。
2025-01-21,3,neutral,总体还行，就是排队太久了。
2025-01-21,4,positive,极地馆的企鹅太可爱了，拍了好多照片。
2025-01-21,2,negative,地上太滑了，差点摔倒好几次。
2025-01-21,3,neutral,总体还行，就是排队太久了。
2025-01-21,3,neutral,票价有点贵，不过冰雕确实不错。
2025-01-21,1,negative,工作人员态度不好，问路都不理。
2025-01-21,4,positive,今年冰雕规模比去年更大了，很壮观。
2025-01-21,5,positive,冰上龙舟很有创意，适合全家一起玩。
2025-01-21,3,neutral,总体还行，就是排队太久了。
2025-01-21,3,neutral,中规中矩的一次体验，和预期差不多。
2025-01-21,3,neutral,中规中矩的一次体验，和预期差不多。
2025-01-21,3,neutral,人太多了，建议工作日去。
2025-01-21,4,positive,冰雪大世界的灯光秀太震撼了，音乐配合得绝佳！
2025-01-21,4,positive,极地馆的企鹅太可爱了，拍了好多照片。
2025-01-21,3,neutral,票价有点贵，不过冰雕确实不错。
2025-01-21,4,positive,极地馆的企鹅太可爱了，拍了好多照片。
2025-01-21,5,positive,适合拍照打卡，随手一拍都是大片。
2025-01-21,5,positive,主办方今年安排得很用心，动线合理不绕路。
2025-01-21,3,neutral,园区很大，走得腿都酸了，建议多设休息点。
2025-01-21,3,neutral,人太多了，建议工作日去。
2025-01-21,1,negative,地上太滑了，差点摔倒好几次。
2025-01-21,4,positive,虽然冷但值得，哈尔滨的冬天名不虚传。
2025-01-21,3,neutral,票价有点贵，不过冰雕确实不错。
2025-01-21,3,neutral,停车场离入口有点远，走了好久。
2025-01-21,3,neutral,园区很大，走得腿都酸了，建议多设休息点。
2025-01-21,4,positive,主办方今年安排得很用心，动线合理不绕路。
2025-01-21,2,negative,人挤人，根本没心情看冰雕。
2025-01-21,2,negative,地上太滑了，差点摔倒好几次。
2025-01-21,3,neutral,中规中矩的一次体验，和预期差不多。
2025-01-21,4,positive,冰滑梯排队虽久但值得，尖叫声不断。
2025-01-21,3,neutral,冰雕很美，但是餐厅价格偏高。
2025-01-21,1,negative,卫生间太少了，排队比看冰雕还久。
2025-01-21,5,positive,冰雪大世界的灯光秀太震撼了，音乐配合得绝佳！
2025-01-21,5,positive,服务态度很好，园区管理有序。
2025-01-21,3,neutral,冰雕很美，但是餐厅价格偏高。
2025-01-21,5,positive,太美了！冰雕非常震撼，下次还来。
2025-01-21,4,positive,带孩子来的，小朋友玩得很开心，推荐！
2025-01-21,5,positive,今年冰雕规模比去年更大了，很壮观。
2025-01-21,4,positive,今年冰雕规模比去年更大了，很壮观。
2025-01-21,5,positive,冰上龙舟很有创意，适合全家一起玩。
2025-01-21,4,positive,冰上龙舟很有创意，适合全家一起玩。
2025-01-21,4,positive,极地馆的企鹅太可爱了，拍了好多照片。
2025-01-21,3,neutral,票价有点贵，不过冰雕确实不错。
2025-01-21,5,positive,冰上龙舟很有创意，适合全家一起玩。
2025-01-21,2,negative,卫生间太少了，排队比看冰雕还久。
2025-01-21,4,positive,冰雪大世界的灯光秀太震撼了，音乐配合得绝佳！
2025-01-21,4,positive,虽然人多但是氛围感很棒，冰雪的快乐。
2025-01-21,2,negative,卫生间太少了，排队比看冰雕还久。
2025-01-21,3,neutral,冰雕很美，但是餐厅价格偏高。
2025-01-21,3,neutral,停车场离入口有点远，走了好久。
2025-01-21,4,positive,冰酒吧体验独特，零下30度喝热饮很特别。
2025-01-21,4,positive,今年冰雕规模比去年更大了，很壮观。
2025-01-21,1,negative,太冷了，园区取暖设施不够。
2025-01-21,1,negative,人挤人，根本没心情看冰雕。
2025-01-22,3,neutral,停车场离入口有点远，走了好久。
2025-01-22,1,negative,太冷了，园区取暖设施不够。
2025-01-22,5,positive,带孩子来的，小朋友玩得很开心，推荐！
2025-01-22,4,positive,服务态度很好，园区管理有序。
2025-01-22,5,positive,冰滑梯排队虽久但值得，尖叫声不断。
2025-01-22,3,neutral,人太多了，建议工作日去。
2025-01-22,2,negative,门票太贵了，性价比低。
2025-01-22,5,positive,带孩子来的，小朋友玩得很开心，推荐！
2025-01-22,4,positive,带孩子来的，小朋友玩得很开心，推荐！
2025-01-22,3,neutral,人太多了，建议工作日去。
2025-01-22,4,positive,大滑梯超刺激，排队时间也在可接受范围内。
2025-01-22,1,negative,太冷了，园区取暖设施不够。
2025-01-22,5,positive,适合拍照打卡，随手一拍都是大片。
2025-01-22,1,negative,餐饮又贵又难吃，建议自带食物。
2025-01-22,3,neutral,停车场离入口有点远，走了好久。
2025-01-22,4,positive,夜场的冰灯特别漂亮，像童话世界一样。
2025-01-22,3,neutral,园区很大，走得腿都酸了，建议多设休息点。
2025-01-22,4,positive,极地馆的企鹅太可爱了，拍了好多照片。
2025-01-22,4,positive,冰雪大世界的灯光秀太震撼了，音乐配合得绝佳！
2025-01-22,3,neutral,总体还行，就是排队太久了。
2025-01-22,5,positive,大滑梯超刺激，排队时间也在可接受范围内。
2025-01-22,5,positive,服务态度很好，园区管理有序。
2025-01-22,2,negative,卫生间太少了，排队比看冰雕还久。
2025-01-22,4,positive,冰滑梯排队虽久但值得，尖叫声不断。
2025-01-22,4,positive,夜场的冰灯特别漂亮，像童话世界一样。
2025-01-22,1,negative,冰雕有些已经开始融化，维护不及时。
2025-01-22,4,positive,今年冰雕规模比去年更大了，很壮观。
2025-01-22,5,positive,服务态度很好，园区管理有序。
2025-01-22,5,positive,冰上龙舟很有创意，适合全家一起玩。
2025-01-22,4,positive,适合拍照打卡，随手一拍都是大片。
2025-01-22,3,neutral,总体还行，就是排队太久了。
2025-01-22,5,positive,大滑梯超刺激，排队时间也在可接受范围内。
2025-01-22,5,positive,虽然冷但值得，哈尔滨的冬天名不虚传。
2025-01-22,3,neutral,票价有点贵，不过冰雕确实不错。
2025-01-22,4,positive,太美了！冰雕非常震撼，下次还来。
2025-01-22,3,neutral,园区很大，走得腿都酸了，建议多设休息点。
2025-01-22,1,negative,卫生间太少了，排队比看冰雕还久。
2025-01-22,4,positive,冰雪大世界的灯光秀太震撼了，音乐配合得绝佳！
2025-01-22,1,negative,地上太滑了，差点摔倒好几次。
2025-01-22,3,neutral,白天看一般，晚上亮灯后效果才好。
2025-01-22,2,negative,停车费贵得离谱，而且不好找车位。
2025-01-22,3,neutral,中规中矩的一次体验，和预期差不多。
2025-01-22,4,positive,冰雪大世界的灯光秀太震撼了，音乐配合得绝佳！
2025-01-22,2,negative,地上太滑了，差点摔倒好几次。
2025-01-22,1,negative,冰雕有些已经开始融化，维护不及时。
2025-01-22,4,positive,冰酒吧体验独特，零下30度喝热饮很特别。
2025-01-22,4,positive,冰雪大世界的灯光秀太震撼了，音乐配合得绝佳！
2025-01-22,5,positive,适合拍照打卡，随手一拍都是大片。
2025-01-22,5,positive,极地馆的企鹅太可爱了，拍了好多照片。
2025-01-22,3,neutral,停车场离入口有点远，走了好久。
2025-01-22,3,neutral,停车场离入口有点远，走了好久。
2025-01-22,1,negative,门票太贵了，性价比低。
2025-01-22,5,positive,冰酒吧体验独特，零下30度喝热饮很特别。
2025-01-22,3,neutral,人太多了，建议工作日去。
2025-01-22,4,positive,冰滑梯排队虽久但值得，尖叫声不断。
2025-01-22,3,neutral,冰雕很美，但是餐厅价格偏高。
2025-01-22,3,neutral,人太多了，建议工作日去。
2025-01-22,4,positive,主办方今年安排得很用心，动线合理不绕路。
2025-01-22,3,neutral,冰雕很美，但是餐厅价格偏高。
2025-01-22,4,positive,虽然冷但值得，哈尔滨的冬天名不虚传。
2025-01-22,2,negative,冰雕有些已经开始融化，维护不及时。
2025-01-22,3,neutral,中规中矩的一次体验，和预期差不多。
2025-01-22,5,positive,大滑梯超刺激，排队时间也在可接受范围内。
2025-01-22,5,positive,主办方今年安排得很用心，动线合理不绕路。
2025-01-22,4,positive,虽然人多但是氛围感很棒，冰雪的快乐。
2025-01-22,3,neutral,总体还行，就是排队太久了。
2025-01-22,5,positive,夜场的冰灯特别漂亮，像童话世界一样。
2025-01-22,3,neutral,中规中矩的一次体验，和预期差不多。
2025-01-22,4,positive,大滑梯超刺激，排队时间也在可接受范围内。
2025-01-22,4,positive,冰上龙舟很有创意，适合全家一起玩。
2025-01-22,4,positive,夜场的冰灯特别漂亮，像童话世界一样。
2025-01-22,5,positive,冰酒吧体验独特，零下30度喝热饮很特别。
2025-01-22,3,neutral,人太多了，建议工作日去。
2025-01-22,4,positive,适合拍照打卡，随手一拍都是大片。
2025-01-22,5,positive,极地馆的企鹅太可爱了，拍了好多照片。
2025-01-22,4,positive,大滑梯超刺激，排队时间也在可接受范围内。
2025-01-22,4,positive,夜场的冰灯特别漂亮，像童话世界一样。
2025-01-22,3,neutral,人太多了，建议工作日去。
2025-01-22,5,positive,虽然人多但是氛围感很棒，冰雪的快乐。
2025-01-22,4,positive,适合拍照打卡，随手一拍都是大片。
2025-01-22,4,positive,适合拍照打卡，随手一拍都是大片。
2025-01-22,3,neutral,人太多了，建议工作日去。
2025-01-22,4,positive,夜场的冰灯特别漂亮，像童话世界一样。
2025-01-22,4,positive,虽然冷但值得，哈尔滨的冬天名不虚传。
2025-01-22,1,negative,太冷了，园区取暖设施不够。
2025-01-22,2,negative,排队排了2个小时，体验很差。
2025-01-22,5,positive,今年冰雕规模比去年更大了，很壮观。
2025-01-22,5,positive,冰酒吧体验独特，零下30度喝热饮很特别。
2025-01-22,5,positive,夜场的冰灯特别漂亮，像童话世界一样。
2025-01-22,5,positive,冰上龙舟很有创意，适合全家一起玩。
2025-01-22,5,positive,大滑梯超刺激，排队时间也在可接受范围内。
2025-01-22,3,neutral,中规中矩的一次体验，和预期差不多。
2025-01-22,5,positive,夜场的冰灯特别漂亮，像童话世界一样。
2025-01-22,4,positive,虽然冷但值得，哈尔滨的冬天名不虚传。
2025-01-22,5,positive,极地馆的企鹅太可爱了，拍了好多照片。
2025-01-22,4,positive,适合拍照打卡，随手一拍都是大片。
2025-01-22,4,positive,太美了！冰雕非常震撼，下次还来。
2025-01-22,4,positive,冰雪大世界的灯光秀太震撼了，音乐配合得绝佳！
2025-01-22,1,negative,地上太滑了，差点摔倒好几次。
2025-01-22,3,neutral,中规中矩的一次体验，和预期差不多。
2025-01-22,5,positive,夜场的冰灯特别漂亮，像童话世界一样。
2025-01-22,4,positive,今年冰雕规模比去年更大了，很壮观。
2025-01-22,5,positive,冰上龙舟很有创意，适合全家一起玩。
2025-01-23,3,neutral,人太多了，建议工作日去。
2025-01-23,2,negative,卫生间太少了，排队比看冰雕还久。
2025-01-23,5,positive,大滑梯超刺激，排队时间也在可接受范围内。
2025-01-23,4,positive,带孩子来的，小朋友玩得很开心，推荐！
2025-01-23,4,positive,冰滑梯排队虽久但值得，尖叫声不断。
2025-01-23,2,negative,排队排了2个小时，体验很差。
2025-01-23,2,negative,工作人员态度不好，问路都不理。
2025-01-23,1,negative,冰雕有些已经开始融化，维护不及时。
2025-01-23,5,positive,主办方今年安排得很用心，动线合理不绕路。
2025-01-23,2,negative,餐饮又贵又难吃，建议自带食物。
2025-01-23,3,neutral,停车场离入口有点远，走了好久。
2025-01-23,3,neutral,中规中矩的一次体验，和预期差不多。
2025-01-23,3,neutral,人太多了，建议工作日去。
2025-01-23,4,positive,太美了！冰雕非常震撼，下次还来。
2025-01-23,5,positive,适合拍照打卡，随手一拍都是大片。
2025-01-23,4,positive,极地馆的企鹅太可爱了，拍了好多照片。
2025-01-23,1,negative,卫生间太少了，排队比看冰雕还久。
2025-01-23,2,negative,地上太滑了，差点摔倒好几次。
2025-01-23,3,neutral,冰雕很美，但是餐厅价格偏高。
2025-01-23,4,positive,冰上龙舟很有创意，适合全家一起玩。
2025-01-23,3,neutral,冰雕很美，但是餐厅价格偏高。
2025-01-23,4,positive,主办方今年安排得很用心，动线合理不绕路。
2025-01-23,5,positive,冰酒吧体验独特，零下30度喝热饮很特别。
2025-01-23,4,positive,冰雪大世界的灯光秀太震撼了，音乐配合得绝佳！
2025-01-23,4,positive,夜场的冰灯特别漂亮，像童话世界一样。
2025-01-23,4,positive,主办方今年安排得很用心，动线合理不绕路。
2025-01-23,4,positive,冰酒吧体验独特，零下30度喝热饮很特别。
2025-01-23,4,positive,适合拍照打卡，随手一拍都是大片。
2025-01-23,5,positive,冰滑梯排队虽久但值得，尖叫声不断。
2025-01-23,3,neutral,停车场离入口有点远，走了好久。
2025-01-23,1,negative,地上太滑了，差点摔倒好几次。
2025-01-23,5,positive,适合拍照打卡，随手一拍都是大片。
2025-01-23,4,positive,带孩子来的，小朋友玩得很开心，推荐！
2025-01-23,5,positive,适合拍照打卡，随手一拍都是大片。
2025-01-23,1,negative,冰雕有些已经开始融化，维护不及时。
2025-01-23,3,neutral,总体还行，就是排队太久了。
2025-01-23,5,positive,夜场的冰灯特别漂亮，像童话世界一样。
2025-01-23,2,negative,卫生间太少了，排队比看冰雕还久。
2025-01-23,2,negative,太冷了，园区取暖设施不够。
2025-01-23,3,neutral,冰雕很美，但是餐厅价格偏高。
2025-01-23,3,neutral,总体还行，就是排队太久了。
2025-01-23,4,positive,服务态度很好，园区管理有序。
2025-01-23,4,positive,冰酒吧体验独特，零下30度喝热饮很特别。
2025-01-23,5,positive,虽然人多但是氛围感很棒，冰雪的快乐。
2025-01-23,3,neutral,园区很大，走得腿都酸了，建议多设休息点。
2025-01-23,5,positive,冰上龙舟很有创意，适合全家一起玩。
2025-01-23,3,neutral,中规中矩的一次体验，和预期差不多。
2025-01-23,3,neutral,票价有点贵，不过冰雕确实不错。
2025-01-23,3,neutral,中规中矩的一次体验，和预期差不多。
2025-01-23,1,negative,排队排了2个小时，体验很差。
2025-01-23,5,positive,冰酒吧体验独特，零下30度喝热饮很特别。
2025-01-23,5,positive,冰雪大世界的灯光秀太震撼了，音乐配合得绝佳！
2025-01-23,4,positive,虽然冷但值得，哈尔滨的冬天名不虚传。
2025-01-23,4,positive,冰酒吧体验独特，零下30度喝热饮很特别。
2025-01-23,1,negative,卫生间太少了，排队比看冰雕还久。
2025-01-23,5,positive,虽然冷但值得，哈尔滨的冬天名不虚传。
2025-01-23,5,positive,主办方今年安排得很用心，动线合理不绕路。
2025-01-23,4,positive,冰滑梯排队虽久但值得，尖叫声不断。
2025-01-23,4,positive,主办方今年安排得很用心，动线合理不绕路。
2025-01-23,4,positive,大滑梯超刺激，排队时间也在可接受范围内。
2025-01-23,2,negative,人挤人，根本没心情看冰雕。
2025-01-23,4,positive,太美了！冰雕非常震撼，下次还来。
2025-01-23,3,neutral,票价有点贵，不过冰雕确实不错。
2025-01-23,1,negative,卫生间太少了，排队比看冰雕还久。
2025-01-23,3,neutral,停车场离入口有点远，走了好久。
2025-01-23,5,positive,冰雪大世界的灯光秀太震撼了，音乐配合得绝佳！
2025-01-23,4,positive,冰雪大世界的灯光秀太震撼了，音乐配合得绝佳！
2025-01-23,4,positive,带孩子来的，小朋友玩得很开心，推荐！
2025-01-23,4,positive,极地馆的企鹅太可爱了，拍了好多照片。
2025-01-23,4,positive,服务态度很好，园区管理有序。
2025-01-23,3,neutral,园区很大，走得腿都酸了，建议多设休息点。
2025-01-23,2,negative,冰雕有些已经开始融化，维护不及时。
2025-01-23,4,positive,今年冰雕规模比去年更大了，很壮观。
2025-01-23,3,neutral,总体还行，就是排队太久了。
2025-01-23,5,positive,冰滑梯排队虽久但值得，尖叫声不断。
2025-01-23,5,positive,冰雪大世界的灯光秀太震撼了，音乐配合得绝佳！
2025-01-23,3,neutral,中规中矩的一次体验，和预期差不多。
2025-01-23,2,negative,工作人员态度不好，问路都不理。
2025-01-23,4,positive,夜场的冰灯特别漂亮，像童话世界一样。
2025-01-23,5,positive,适合拍照打卡，随手一拍都是大片。
2025-01-23,2,negative,工作人员态度不好，问路都不理。
2025-01-23,3,neutral,中规中矩的一次体验，和预期差不多。
2025-01-23,3,neutral,白天看一般，晚上亮灯后效果才好。
2025-01-24,5,positive,今年冰雕规模比去年更大了，很壮观。
2025-01-24,1,negative,排队排了2个小时，体验很差。
2025-01-24,4,positive,大滑梯超刺激，排队时间也在可接受范围内。
2025-01-24,3,neutral,中规中矩的一次体验，和预期差不多。
2025-01-24,5,positive,今年冰雕规模比去年更大了，很壮观。
2025-01-24,5,positive,大滑梯超刺激，排队时间也在可接受范围内。
2025-01-24,2,negative,冰雕有些已经开始融化，维护不及时。
2025-01-24,2,negative,卫生间太少了，排队比看冰雕还久。
2025-01-24,4,positive,带孩子来的，小朋友玩得很开心，推荐！
2025-01-24,2,negative,人挤人，根本没心情看冰雕。
2025-01-24,1,negative,冰雕有些已经开始融化，维护不及时。
2025-01-24,2,negative,工作人员态度不好，问路都不理。
2025-01-24,3,neutral,停车场离入口有点远，走了好久。
2025-01-24,1,negative,门票太贵了，性价比低。
2025-01-24,1,negative,餐饮又贵又难吃，建议自带食物。
2025-01-24,5,positive,主办方今年安排得很用心，动线合理不绕路。
2025-01-24,5,positive,适合拍照打卡，随手一拍都是大片。
2025-01-24,4,positive,冰滑梯排队虽久但值得，尖叫声不断。
2025-01-24,4,positive,服务态度很好，园区管理有序。
2025-01-24,1,negative,工作人员态度不好，问路都不理。
2025-01-24,3,neutral,人太多了，建议工作日去。
2025-01-24,3,neutral,票价有点贵，不过冰雕确实不错。
2025-01-24,2,negative,餐饮又贵又难吃，建议自带食物。
2025-01-24,2,negative,人挤人，根本没心情看冰雕。
2025-01-24,5,positive,大滑梯超刺激，排队时间也在可接受范围内。
2025-01-24,4,positive,冰上龙舟很有创意，适合全家一起玩。
2025-01-24,2,negative,卫生间太少了，排队比看冰雕还久。
2025-01-24,5,positive,今年冰雕规模比去年更大了，很壮观。
2025-01-24,5,positive,带孩子来的，小朋友玩得很开心，推荐！
2025-01-24,5,positive,冰滑梯排队虽久但值得，尖叫声不断。
2025-01-24,2,negative,停车费贵得离谱，而且不好找车位。
2025-01-24,3,neutral,白天看一般，晚上亮灯后效果才好。
2025-01-24,3,neutral,票价有点贵，不过冰雕确实不错。
2025-01-24,1,negative,排队排了2个小时，体验很差。
2025-01-24,2,negative,工作人员态度不好，问路都不理。
2025-01-24,5,positive,冰雪大世界的灯光秀太震撼了，音乐配合得绝佳！
2025-01-24,3,neutral,冰雕很美，但是餐厅价格偏高。
2025-01-24,3,neutral,白天看一般，晚上亮灯后效果才好。
2025-01-24,2,negative,餐饮又贵又难吃，建议自带食物。
2025-01-24,2,negative,卫生间太少了，排队比看冰雕还久。
2025-01-24,2,negative,冰雕有些已经开始融化，维护不及时。
2025-01-24,1,negative,停车费贵得离谱，而且不好找车位。
2025-01-24,2,negative,餐饮又贵又难吃，建议自带食物。
2025-01-24,1,negative,人挤人，根本没心情看冰雕。
2025-01-24,1,negative,餐饮又贵又难吃，建议自带食物。
2025-01-24,3,neutral,白天看一般，晚上亮灯后效果才好。
2025-01-24,3,neutral,冰雕很美，但是餐厅价格偏高。
2025-01-24,3,neutral,停车场离入口有点远，走了好久。
2025-01-24,1,negative,排队排了2个小时，体验很差。
2025-01-24,1,negative,门票太贵了，性价比低。
2025-01-24,3,neutral,冰雕很美，但是餐厅价格偏高。
2025-01-24,5,positive,冰上龙舟很有创意，适合全家一起玩。
2025-01-24,3,neutral,停车场离入口有点远，走了好久。
2025-01-24,4,positive,虽然冷但值得，哈尔滨的冬天名不虚传。
2025-01-24,2,negative,排队排了2个小时，体验很差。
2025-01-24,2,negative,排队排了2个小时，体验很差。
2025-01-24,1,negative,餐饮又贵又难吃，建议自带食物。
2025-01-24,2,negative,门票太贵了，性价比低。
2025-01-24,3,neutral,冰雕很美，但是餐厅价格偏高。
2025-01-25,5,positive,冰雪大世界的灯光秀太震撼了，音乐配合得绝佳！
2025-01-25,2,negative,冰雕有些已经开始融化，维护不及时。
2025-01-25,3,neutral,票价有点贵，不过冰雕确实不错。
2025-01-25,4,positive,冰雪大世界的灯光秀太震撼了，音乐配合得绝佳！
2025-01-25,3,neutral,冰雕很美，但是餐厅价格偏高。
2025-01-25,2,negative,工作人员态度不好，问路都不理。
2025-01-25,3,neutral,人太多了，建议工作日去。
2025-01-25,3,neutral,停车场离入口有点远，走了好久。
2025-01-25,4,positive,冰滑梯排队虽久但值得，尖叫声不断。
2025-01-25,5,positive,适合拍照打卡，随手一拍都是大片。
2025-01-25,3,neutral,园区很大，走得腿都酸了，建议多设休息点。
2025-01-25,4,positive,太美了！冰雕非常震撼，下次还来。
2025-01-25,4,positive,带孩子来的，小朋友玩得很开心，推荐！
2025-01-25,1,negative,门票太贵了，性价比低。
2025-01-25,3,neutral,停车场离入口有点远，走了好久。
2025-01-25,3,neutral,票价有点贵，不过冰雕确实不错。
2025-01-25,3,neutral,中规中矩的一次体验，和预期差不多。
2025-01-25,3,neutral,停车场离入口有点远，走了好久。
2025-01-25,2,negative,停车费贵得离谱，而且不好找车位。
2025-01-25,4,positive,服务态度很好，园区管理有序。
2025-01-25,3,neutral,冰雕很美，但是餐厅价格偏高。
2025-01-25,3,neutral,停车场离入口有点远，走了好久。
2025-01-25,5,positive,适合拍照打卡，随手一拍都是大片。
2025-01-25,5,positive,虽然人多但是氛围感很棒，冰雪的快乐。
2025-01-25,2,negative,太冷了，园区取暖设施不够。
2025-01-25,2,negative,地上太滑了，差点摔倒好几次。
2025-01-25,3,neutral,总体还行，就是排队太久了。
2025-01-25,4,positive,虽然人多但是氛围感很棒，冰雪的快乐。
2025-01-25,1,negative,门票太贵了，性价比低。
2025-01-25,1,negative,餐饮又贵又难吃，建议自带食物。
2025-01-25,2,negative,停车费贵得离谱，而且不好找车位。
2025-01-25,3,neutral,总体还行，就是排队太久了。
2025-01-25,3,neutral,人太多了，建议工作日去。
2025-01-25,2,negative,地上太滑了，差点摔倒好几次。
2025-01-25,1,negative,冰雕有些已经开始融化，维护不及时。
2025-01-25,3,neutral,人太多了，建议工作日去。
2025-01-25,1,negative,地上太滑了，差点摔倒好几次。
2025-01-25,3,neutral,人太多了，建议工作日去。
2025-01-25,5,positive,太美了！冰雕非常震撼，下次还来。
2025-01-25,5,positive,大滑梯超刺激，排队时间也在可接受范围内。
2025-01-25,3,neutral,中规中矩的一次体验，和预期差不多。
2025-01-25,2,negative,工作人员态度不好，问路都不理。
2025-01-25,4,positive,冰雪大世界的灯光秀太震撼了，音乐配合得绝佳！
2025-01-25,4,positive,冰滑梯排队虽久但值得，尖叫声不断。
2025-01-25,2,negative,地上太滑了，差点摔倒好几次。
2025-01-25,5,positive,太美了！冰雕非常震撼，下次还来。
2025-01-25,4,positive,大滑梯超刺激，排队时间也在可接受范围内。
2025-01-25,4,positive,大滑梯超刺激，排队时间也在可接受范围内。
2025-01-25,5,positive,极地馆的企鹅太可爱了，拍了好多照片。
2025-01-25,1,negative,太冷了，园区取暖设施不够。
2025-01-25,3,neutral,园区很大，走得腿都酸了，建议多设休息点。
2025-01-25,3,neutral,人太多了，建议工作日去。
2025-01-25,4,positive,主办方今年安排得很用心，动线合理不绕路。
2025-01-25,5,positive,带孩子来的，小朋友玩得很开心，推荐！
2025-01-25,1,negative,停车费贵得离谱，而且不好找车位。
2025-01-25,3,neutral,人太多了，建议工作日去。
2025-01-25,3,neutral,中规中矩的一次体验，和预期差不多。
2025-01-25,1,negative,地上太滑了，差点摔倒好几次。
2025-01-25,5,positive,虽然人多但是氛围感很棒，冰雪的快乐。
2025-01-25,1,negative,门票太贵了，性价比低。
2025-01-25,4,positive,大滑梯超刺激，排队时间也在可接受范围内。
2025-01-25,4,positive,冰雪大世界的灯光秀太震撼了，音乐配合得绝佳！
2025-01-25,3,neutral,中规中矩的一次体验，和预期差不多。
2025-01-25,4,positive,带孩子来的，小朋友玩得很开心，推荐！
2025-01-25,3,neutral,中规中矩的一次体验，和预期差不多。
2025-01-25,4,positive,虽然人多但是氛围感很棒，冰雪的快乐。
2025-01-25,1,negative,餐饮又贵又难吃，建议自带食物。
2025-01-25,3,neutral,总体还行，就是排队太久了。
2025-01-25,1,negative,餐饮又贵又难吃，建议自带食物。
2025-01-25,5,positive,极地馆的企鹅太可爱了，拍了好多照片。
2025-01-25,2,negative,门票太贵了，性价比低。
2025-01-25,1,negative,地上太滑了，差点摔倒好几次。
2025-01-25,4,positive,主办方今年安排得很用心，动线合理不绕路。
2025-01-25,4,positive,冰上龙舟很有创意，适合全家一起玩。
2025-01-25,5,positive,服务态度很好，园区管理有序。
2025-01-25,3,neutral,中规中矩的一次体验，和预期差不多。
2025-01-25,1,negative,餐饮又贵又难吃，建议自带食物。
2025-01-25,3,neutral,票价有点贵，不过冰雕确实不错。
2025-01-25,4,positive,虽然冷但值得，哈尔滨的冬天名不虚传。
2025-01-25,2,negative,餐饮又贵又难吃，建议自带食物。
2025-01-25,2,negative,卫生间太少了，排队比看冰雕还久。
2025-01-25,1,negative,人挤人，根本没心情看冰雕。
2025-01-25,1,negative,人挤人，根本没心情看冰雕。
2025-01-25,1,negative,卫生间太少了，排队比看冰雕还久。
2025-01-25,1,negative,停车费贵得离谱，而且不好找车位。
2025-01-25,3,neutral,票价有点贵，不过冰雕确实不错。
2025-01-25,4,positive,服务态度很好，园区管理有序。
2025-01-25,1,negative,冰雕有些已经开始融化，维护不及时。
2025-01-25,4,positive,冰滑梯排队虽久但值得，尖叫声不断。
2025-01-25,5,positive,带孩子来的，小朋友玩得很开心，推荐！
2025-01-25,2,negative,太冷了，园区取暖设施不够。
2025-01-25,4,positive,虽然人多但是氛围感很棒，冰雪的快乐。
2025-01-26,4,positive,夜场的冰灯特别漂亮，像童话世界一样。
2025-01-26,5,positive,冰滑梯排队虽久但值得，尖叫声不断。
2025-01-26,5,positive,太美了！冰雕非常震撼，下次还来。
2025-01-26,3,neutral,停车场离入口有点远，走了好久。
2025-01-26,5,positive,今年冰雕规模比去年更大了，很壮观。
2025-01-26,1,negative,门票太贵了，性价比低。
2025-01-26,4,positive,适合拍照打卡，随手一拍都是大片。
2025-01-26,3,neutral,中规中矩的一次体验，和预期差不多。
2025-01-26,1,negative,餐饮又贵又难吃，建议自带食物。
2025-01-26,4,positive,虽然人多但是氛围感很棒，冰雪的快乐。
2025-01-26,4,positive,冰上龙舟很有创意，适合全家一起玩。
2025-01-26,4,positive,冰滑梯排队虽久但值得，尖叫声不断。
2025-01-26,3,neutral,中规中矩的一次体验，和预期差不多。
2025-01-26,3,neutral,人太多了，建议工作日去。
2025-01-26,2,negative,门票太贵了，性价比低。
2025-01-26,5,positive,太美了！冰雕非常震撼，下次还来。
2025-01-26,5,positive,适合拍照打卡，随手一拍都是大片。
2025-01-26,5,positive,虽然人多但是氛围感很棒，冰雪的快乐。
2025-01-26,5,positive,带孩子来的，小朋友玩得很开心，推荐！
2025-01-26,4,positive,虽然冷但值得，哈尔滨的冬天名不虚传。
2025-01-26,2,negative,餐饮又贵又难吃，建议自带食物。
2025-01-26,5,positive,虽然人多但是氛围感很棒，冰雪的快乐。
2025-01-26,4,positive,适合拍照打卡，随手一拍都是大片。
2025-01-26,2,negative,餐饮又贵又难吃，建议自带食物。
2025-01-26,5,positive,适合拍照打卡，随手一拍都是大片。
2025-01-26,4,positive,虽然冷但值得，哈尔滨的冬天名不虚传。
2025-01-26,5,positive,大滑梯超刺激，排队时间也在可接受范围内。
2025-01-26,4,positive,夜场的冰灯特别漂亮，像童话世界一样。
2025-01-26,3,neutral,园区很大，走得腿都酸了，建议多设休息点。
2025-01-26,3,neutral,人太多了，建议工作日去。
2025-01-26,5,positive,带孩子来的，小朋友玩得很开心，推荐！
2025-01-26,4,positive,服务态度很好，园区管理有序。
2025-01-26,4,positive,适合拍照打卡，随手一拍都是大片。
2025-01-26,4,positive,主办方今年安排得很用心，动线合理不绕路。
2025-01-26,4,positive,主办方今年安排得很用心，动线合理不绕路。
2025-01-26,4,positive,带孩子来的，小朋友玩得很开心，推荐！
2025-01-26,4,positive,带孩子来的，小朋友玩得很开心，推荐！
2025-01-26,4,positive,太美了！冰雕非常震撼，下次还来。
2025-01-26,5,positive,主办方今年安排得很用心，动线合理不绕路。
2025-01-26,2,negative,冰雕有些已经开始融化，维护不及时。
2025-01-26,5,positive,主办方今年安排得很用心，动线合理不绕路。
2025-01-26,5,positive,服务态度很好，园区管理有序。
2025-01-26,4,positive,太美了！冰雕非常震撼，下次还来。
2025-01-26,4,positive,虽然冷但值得，哈尔滨的冬天名不虚传。
2025-01-26,5,positive,带孩子来的，小朋友玩得很开心，推荐！
2025-01-26,1,negative,排队排了2个小时，体验很差。
2025-01-26,3,neutral,总体还行，就是排队太久了。
2025-01-26,1,negative,冰雕有些已经开始融化，维护不及时。
2025-01-26,2,negative,太冷了，园区取暖设施不够。
2025-01-26,1,negative,门票太贵了，性价比低。
2025-01-26,3,neutral,总体还行，就是排队太久了。
2025-01-26,4,positive,带孩子来的，小朋友玩得很开心，推荐！
2025-01-26,5,positive,大滑梯超刺激，排队时间也在可接受范围内。
2025-01-26,4,positive,冰雪大世界的灯光秀太震撼了，音乐配合得绝佳！
2025-01-26,2,negative,排队排了2个小时，体验很差。
2025-01-26,4,positive,主办方今年安排得很用心，动线合理不绕路。
2025-01-26,2,negative,太冷了，园区取暖设施不够。
2025-01-26,3,neutral,票价有点贵，不过冰雕确实不错。
2025-01-26,4,positive,冰滑梯排队虽久但值得，尖叫声不断。
2025-01-26,4,positive,冰酒吧体验独特，零下30度喝热饮很特别。
2025-01-26,2,negative,人挤人，根本没心情看冰雕。
2025-01-26,4,positive,冰酒吧体验独特，零下30度喝热饮很特别。
2025-01-26,5,positive,冰滑梯排队虽久但值得，尖叫声不断。
2025-01-26,2,negative,人挤人，根本没心情看冰雕。
2025-01-26,4,positive,夜场的冰灯特别漂亮，像童话世界一样。
2025-01-26,5,positive,冰雪大世界的灯光秀太震撼了，音乐配合得绝佳！
2025-01-26,4,positive,今年冰雕规模比去年更大了，很壮观。
2025-01-26,5,positive,太美了！冰雕非常震撼，下次还来。
2025-01-26,5,positive,带孩子来的，小朋友玩得很开心，推荐！
2025-01-26,5,positive,夜场的冰灯特别漂亮，像童话世界一样。
2025-01-26,5,positive,虽然人多但是氛围感很棒，冰雪的快乐。
2025-01-26,3,neutral,冰雕很美，但是餐厅价格偏高。
2025-01-26,1,negative,停车费贵得离谱，而且不好找车位。
2025-01-26,3,neutral,中规中矩的一次体验，和预期差不多。
2025-01-26,5,positive,今年冰雕规模比去年更大了，很壮观。
2025-01-26,3,neutral,人太多了，建议工作日去。
2025-01-26,5,positive,虽然人多但是氛围感很棒，冰雪的快乐。
2025-01-26,4,positive,极地馆的企鹅太可爱了，拍了好多照片。
2025-01-26,1,negative,停车费贵得离谱，而且不好找车位。
2025-01-26,3,neutral,园区很大，走得腿都酸了，建议多设休息点。
2025-01-26,4,positive,极地馆的企鹅太可爱了，拍了好多照片。
2025-01-26,4,positive,冰酒吧体验独特，零下30度喝热饮很特别。
2025-01-26,3,neutral,票价有点贵，不过冰雕确实不错。
2025-01-26,5,positive,带孩子来的，小朋友玩得很开心，推荐！
2025-01-26,3,neutral,总体还行，就是排队太久了。
2025-01-26,1,negative,卫生间太少了，排队比看冰雕还久。
2025-01-26,2,negative,人挤人，根本没心情看冰雕。
2025-01-26,5,positive,适合拍照打卡，随手一拍都是大片。
2025-01-26,4,positive,虽然冷但值得，哈尔滨的冬天名不虚传。
2025-01-26,4,positive,大滑梯超刺激，排队时间也在可接受范围内。
2025-01-26,4,positive,夜场的冰灯特别漂亮，像童话世界一样。
2025-01-26,4,positive,冰滑梯排队虽久但值得，尖叫声不断。
2025-01-26,2,negative,卫生间太少了，排队比看冰雕还久。
2025-01-26,5,positive,太美了！冰雕非常震撼，下次还来。
2025-01-26,4,positive,适合拍照打卡，随手一拍都是大片。
2025-01-26,2,negative,太冷了，园区取暖设施不够。
2025-01-26,4,positive,冰滑梯排队虽久但值得，尖叫声不断。
2025-01-26,4,positive,虽然冷但值得，哈尔滨的冬天名不虚传。
2025-01-26,4,positive,冰滑梯排队虽久但值得，尖叫声不断。
2025-01-26,1,negative,卫生间太少了，排队比看冰雕还久。
2025-01-26,4,positive,虽然人多但是氛围感很棒，冰雪的快乐。
2025-01-26,4,positive,适合拍照打卡，随手一拍都是大片。
2025-01-27,3,neutral,停车场离入口有点远，走了好久。
2025-01-27,5,positive,今年冰雕规模比去年更大了，很壮观。
2025-01-27,3,neutral,人太多了，建议工作日去。
2025-01-27,4,positive,冰上龙舟很有创意，适合全家一起玩。
2025-01-27,4,positive,冰雪大世界的灯光秀太震撼了，音乐配合得绝佳！
2025-01-27,5,positive,带孩子来的，小朋友玩得很开心，推荐！
2025-01-27,4,positive,夜场的冰灯特别漂亮，像童话世界一样。
2025-01-27,2,negative,地上太滑了，差点摔倒好几次。
2025-01-27,5,positive,服务态度很好，园区管理有序。
2025-01-27,3,neutral,白天看一般，晚上亮灯后效果才好。
2025-01-27,1,negative,人挤人，根本没心情看冰雕。
2025-01-27,5,positive,极地馆的企鹅太可爱了，拍了好多照片。
2025-01-27,4,positive,虽然冷但值得，哈尔滨的冬天名不虚传。
2025-01-27,5,positive,服务态度很好，园区管理有序。
2025-01-27,3,neutral,票价有点贵，不过冰雕确实不错。
2025-01-27,5,positive,主办方今年安排得很用心，动线合理不绕路。
2025-01-27,5,positive,今年冰雕规模比去年更大了，很壮观。
2025-01-27,4,positive,带孩子来的，小朋友玩得很开心，推荐！
2025-01-27,4,positive,冰上龙舟很有创意，适合全家一起玩。
2025-01-27,5,positive,带孩子来的，小朋友玩得很开心，推荐！
2025-01-27,4,positive,极地馆的企鹅太可爱了，拍了好多照片。
2025-01-27,5,positive,夜场的冰灯特别漂亮，像童话世界一样。
2025-01-27,4,positive,冰上龙舟很有创意，适合全家一起玩。
2025-01-27,5,positive,主办方今年安排得很用心，动线合理不绕路。
2025-01-27,3,neutral,中规中矩的一次体验，和预期差不多。
2025-01-27,1,negative,门票太贵了，性价比低。
2025-01-27,5,positive,极地馆的企鹅太可爱了，拍了好多照片。
2025-01-27,3,neutral,总体还行，就是排队太久了。
2025-01-27,5,positive,带孩子来的，小朋友玩得很开心，推荐！
2025-01-27,3,neutral,中规中矩的一次体验，和预期差不多。
2025-01-27,3,neutral,停车场离入口有点远，走了好久。
2025-01-27,3,neutral,票价有点贵，不过冰雕确实不错。
2025-01-27,3,neutral,白天看一般，晚上亮灯后效果才好。
2025-01-27,3,neutral,冰雕很美，但是餐厅价格偏高。
2025-01-27,4,positive,冰上龙舟很有创意，适合全家一起玩。
2025-01-27,4,positive,冰酒吧体验独特，零下30度喝热饮很特别。
2025-01-27,1,negative,门票太贵了，性价比低。
2025-01-27,2,negative,冰雕有些已经开始融化，维护不及时。
2025-01-27,4,positive,虽然冷但值得，哈尔滨的冬天名不虚传。
2025-01-27,2,negative,卫生间太少了，排队比看冰雕还久。
2025-01-27,3,neutral,白天看一般，晚上亮灯后效果才好。
2025-01-27,3,neutral,冰雕很美，但是餐厅价格偏高。
2025-01-27,5,positive,虽然人多但是氛围感很棒，冰雪的快乐。
2025-01-27,4,positive,服务态度很好，园区管理有序。
2025-01-27,3,neutral,园区很大，走得腿都酸了，建议多设休息点。
2025-01-27,5,positive,虽然人多但是氛围感很棒，冰雪的快乐。
2025-01-27,1,negative,太冷了，园区取暖设施不够。
2025-01-27,3,neutral,停车场离入口有点远，走了好久。
2025-01-27,5,positive,冰雪大世界的灯光秀太震撼了，音乐配合得绝佳！
2025-01-27,4,positive,今年冰雕规模比去年更大了，很壮观。
2025-01-27,5,positive,夜场的冰灯特别漂亮，像童话世界一样。
2025-01-27,1,negative,排队排了2个小时，体验很差。
2025-01-27,3,neutral,停车场离入口有点远，走了好久。
2025-01-27,2,negative,太冷了，园区取暖设施不够。
2025-01-27,4,positive,服务态度很好，园区管理有序。
2025-01-27,3,neutral,停车场离入口有点远，走了好久。
2025-01-27,5,positive,极地馆的企鹅太可爱了，拍了好多照片。
2025-01-27,5,positive,冰雪大世界的灯光秀太震撼了，音乐配合得绝佳！
2025-01-27,5,positive,冰雪大世界的灯光秀太震撼了，音乐配合得绝佳！
2025-01-27,5,positive,带孩子来的，小朋友玩得很开心，推荐！
2025-01-27,3,neutral,票价有点贵，不过冰雕确实不错。
2025-01-27,4,positive,夜场的冰灯特别漂亮，像童话世界一样。
2025-01-27,4,positive,服务态度很好，园区管理有序。
2025-01-27,2,negative,工作人员态度不好，问路都不理。
2025-01-27,5,positive,适合拍照打卡，随手一拍都是大片。
2025-01-27,3,neutral,票价有点贵，不过冰雕确实不错。
2025-01-27,3,neutral,人太多了，建议工作日去。
2025-01-27,2,negative,太冷了，园区取暖设施不够。
2025-01-27,4,positive,今年冰雕规模比去年更大了，很壮观。
2025-01-27,5,positive,虽然冷但值得，哈尔滨的冬天名不虚传。
2025-01-27,4,positive,今年冰雕规模比去年更大了，很壮观。
2025-01-27,5,positive,虽然冷但值得，哈尔滨的冬天名不虚传。
2025-01-27,5,positive,冰酒吧体验独特，零下30度喝热饮很特别。
2025-01-27,3,neutral,白天看一般，晚上亮灯后效果才好。
2025-01-27,4,positive,带孩子来的，小朋友玩得很开心，推荐！
2025-01-27,4,positive,虽然冷但值得，哈尔滨的冬天名不虚传。
2025-01-27,3,neutral,白天看一般，晚上亮灯后效果才好。
2025-01-27,1,negative,冰雕有些已经开始融化，维护不及时。
2025-01-27,3,neutral,冰雕很美，但是餐厅价格偏高。
2025-01-27,5,positive,主办方今年安排得很用心，动线合理不绕路。
2025-01-27,5,positive,适合拍照打卡，随手一拍都是大片。
2025-01-27,2,negative,停车费贵得离谱，而且不好找车位。
2025-01-27,5,positive,冰酒吧体验独特，零下30度喝热饮很特别。
2025-01-27,5,positive,大滑梯超刺激，排队时间也在可接受范围内。
2025-01-27,1,negative,工作人员态度不好，问路都不理。
2025-01-27,2,negative,地上太滑了，差点摔倒好几次。
2025-01-27,5,positive,冰上龙舟很有创意，适合全家一起玩。
2025-01-27,4,positive,冰雪大世界的灯光秀太震撼了，音乐配合得绝佳！
2025-01-27,4,positive,冰酒吧体验独特，零下30度喝热饮很特别。
2025-01-27,4,positive,服务态度很好，园区管理有序。
2025-01-27,4,positive,冰上龙舟很有创意，适合全家一起玩。
2025-01-27,4,positive,极地馆的企鹅太可爱了，拍了好多照片。
2025-01-27,5,positive,大滑梯超刺激，排队时间也在可接受范围内。
2025-01-27,4,positive,夜场的冰灯特别漂亮，像童话世界一样。
2025-01-28,1,negative,冰雕有些已经开始融化，维护不及时。
2025-01-28,5,positive,带孩子来的，小朋友玩得很开心，推荐！
2025-01-28,5,positive,带孩子来的，小朋友玩得很开心，推荐！
2025-01-28,1,negative,门票太贵了，性价比低。
2025-01-28,3,neutral,停车场离入口有点远，走了好久。
2025-01-28,5,positive,冰上龙舟很有创意，适合全家一起玩。
2025-01-28,3,neutral,园区很大，走得腿都酸了，建议多设休息点。
2025-01-28,4,positive,冰雪大世界的灯光秀太震撼了，音乐配合得绝佳！
2025-01-28,4,positive,夜场的冰灯特别漂亮，像童话世界一样。
2025-01-28,1,negative,排队排了2个小时，体验很差。
2025-01-28,1,negative,太冷了，园区取暖设施不够。
2025-01-28,3,neutral,总体还行，就是排队太久了。
2025-01-28,5,positive,虽然人多但是氛围感很棒，冰雪的快乐。
2025-01-28,3,neutral,票价有点贵，不过冰雕确实不错。
2025-01-28,3,neutral,停车场离入口有点远，走了好久。
2025-01-28,3,neutral,总体还行，就是排队太久了。
2025-01-28,1,negative,餐饮又贵又难吃，建议自带食物。
2025-01-28,4,positive,服务态度很好，园区管理有序。
2025-01-28,3,neutral,中规中矩的一次体验，和预期差不多。
2025-01-28,4,positive,夜场的冰灯特别漂亮，像童话世界一样。
2025-01-28,3,neutral,冰雕很美，但是餐厅价格偏高。
2025-01-28,4,positive,冰酒吧体验独特，零下30度喝热饮很特别。
2025-01-28,4,positive,冰酒吧体验独特，零下30度喝热饮很特别。
2025-01-28,5,positive,带孩子来的，小朋友玩得很开心，推荐！
2025-01-28,5,positive,主办方今年安排得很用心，动线合理不绕路。
2025-01-28,4,positive,带孩子来的，小朋友玩得很开心，推荐！
2025-01-28,3,neutral,停车场离入口有点远，走了好久。
2025-01-28,1,negative,冰雕有些已经开始融化，维护不及时。
2025-01-28,5,positive,虽然冷但值得，哈尔滨的冬天名不虚传。
2025-01-28,5,positive,大滑梯超刺激，排队时间也在可接受范围内。
2025-01-28,5,positive,冰雪大世界的灯光秀太震撼了，音乐配合得绝佳！
2025-01-28,5,positive,冰上龙舟很有创意，适合全家一起玩。
2025-01-28,5,positive,冰上龙舟很有创意，适合全家一起玩。
2025-01-28,5,positive,极地馆的企鹅太可爱了，拍了好多照片。
2025-01-28,4,positive,大滑梯超刺激，排队时间也在可接受范围内。
2025-01-28,1,negative,卫生间太少了，排队比看冰雕还久。
2025-01-28,4,positive,今年冰雕规模比去年更大了，很壮观。
2025-01-28,4,positive,主办方今年安排得很用心，动线合理不绕路。
2025-01-28,3,neutral,总体还行，就是排队太久了。
2025-01-28,1,negative,排队排了2个小时，体验很差。
2025-01-28,3,neutral,白天看一般，晚上亮灯后效果才好。
2025-01-28,5,positive,冰滑梯排队虽久但值得，尖叫声不断。
2025-01-28,5,positive,冰滑梯排队虽久但值得，尖叫声不断。
2025-01-28,3,neutral,票价有点贵，不过冰雕确实不错。
2025-01-28,4,positive,服务态度很好，园区管理有序。
2025-01-28,5,positive,冰上龙舟很有创意，适合全家一起玩。
2025-01-28,5,positive,今年冰雕规模比去年更大了，很壮观。
2025-01-28,4,positive,虽然人多但是氛围感很棒，冰雪的快乐。
2025-01-28,3,neutral,白天看一般，晚上亮灯后效果才好。
2025-01-28,5,positive,冰上龙舟很有创意，适合全家一起玩。
2025-01-28,5,positive,冰上龙舟很有创意，适合全家一起玩。
2025-01-28,4,positive,太美了！冰雕非常震撼，下次还来。
2025-01-28,3,neutral,总体还行，就是排队太久了。
2025-01-28,5,positive,夜场的冰灯特别漂亮，像童话世界一样。
2025-01-28,3,neutral,冰雕很美，但是餐厅价格偏高。
2025-01-28,3,neutral,人太多了，建议工作日去。
2025-01-28,4,positive,冰上龙舟很有创意，适合全家一起玩。
2025-01-28,3,neutral,白天看一般，晚上亮灯后效果才好。
2025-01-28,3,neutral,人太多了，建议工作日去。
2025-01-28,4,positive,大滑梯超刺激，排队时间也在可接受范围内。
2025-01-28,3,neutral,白天看一般，晚上亮灯后效果才好。
2025-01-28,3,neutral,停车场离入口有点远，走了好久。
2025-01-28,5,positive,主办方今年安排得很用心，动线合理不绕路。
2025-01-28,3,neutral,票价有点贵，不过冰雕确实不错。
2025-01-28,4,positive,冰酒吧体验独特，零下30度喝热饮很特别。
2025-01-28,4,positive,冰雪大世界的灯光秀太震撼了，音乐配合得绝佳！
2025-01-28,2,negative,冰雕有些已经开始融化，维护不及时。
2025-01-28,5,positive,冰雪大世界的灯光秀太震撼了，音乐配合得绝佳！
2025-01-28,5,positive,极地馆的企鹅太可爱了，拍了好多照片。
2025-01-28,5,positive,冰雪大世界的灯光秀太震撼了，音乐配合得绝佳！
2025-01-28,3,neutral,停车场离入口有点远，走了好久。
2025-01-28,2,negative,冰雕有些已经开始融化，维护不及时。
2025-01-28,5,positive,极地馆的企鹅太可爱了，拍了好多照片。
2025-01-28,3,neutral,人太多了，建议工作日去。
2025-01-28,4,positive,极地馆的企鹅太可爱了，拍了好多照片。
2025-01-28,4,positive,太美了！冰雕非常震撼，下次还来。
2025-01-28,4,positive,服务态度很好，园区管理有序。
2025-01-28,4,positive,大滑梯超刺激，排队时间也在可接受范围内。
2025-01-28,5,positive,冰上龙舟很有创意，适合全家一起玩。
2025-01-28,1,negative,停车费贵得离谱，而且不好找车位。
2025-01-28,2,negative,工作人员态度不好，问路都不理。
2025-01-28,4,positive,冰酒吧体验独特，零下30度喝热饮很特别。
2025-01-28,4,positive,冰雪大世界的灯光秀太震撼了，音乐配合得绝佳！
2025-01-28,5,positive,今年冰雕规模比去年更大了，很壮观。
2025-01-28,3,neutral,冰雕很美，但是餐厅价格偏高。
2025-01-28,2,negative,地上太滑了，差点摔倒好几次。
2025-01-28,3,neutral,总体还行，就是排队太久了。
2025-01-28,3,neutral,总体还行，就是排队太久了。
2025-01-28,3,neutral,总体还行，就是排队太久了。
2025-01-28,3,neutral,人太多了，建议工作日去。
2025-01-28,2,negative,地上太滑了，差点摔倒好几次。
2025-01-28,4,positive,今年冰雕规模比去年更大了，很壮观。
2025-01-28,5,positive,主办方今年安排得很用心，动线合理不绕路。
2025-01-28,3,neutral,总体还行，就是排队太久了。
2025-01-28,2,negative,地上太滑了，差点摔倒好几次。
2025-01-28,4,positive,服务态度很好，园区管理有序。
2025-01-28,3,neutral,票价有点贵，不过冰雕确实不错。
2025-01-28,4,positive,服务态度很好，园区管理有序。
2025-01-28,2,negative,地上太滑了，差点摔倒好几次。
2025-01-28,4,positive,今年冰雕规模比去年更大了，很壮观。
2025-01-28,5,positive,服务态度很好，园区管理有序。
2025-01-28,5,positive,今年冰雕规模比去年更大了，很壮观。
2025-01-28,4,positive,太美了！冰雕非常震撼，下次还来。
2025-01-28,3,neutral,园区很大，走得腿都酸了，建议多设休息点。
2025-01-28,1,negative,人挤人，根本没心情看冰雕。
2025-01-28,5,positive,虽然冷但值得，哈尔滨的冬天名不虚传。
2025-01-28,5,positive,冰雪大世界的灯光秀太震撼了，音乐配合得绝佳！
2025-01-28,3,neutral,冰雕很美，但是餐厅价格偏高。
2025-01-28,3,neutral,票价有点贵，不过冰雕确实不错。
2025-01-28,3,neutral,票价有点贵，不过冰雕确实不错。
2025-01-28,5,positive,虽然人多但是氛围感很棒，冰雪的快乐。
2025-01-28,5,positive,大滑梯超刺激，排队时间也在可接受范围内。
2025-01-28,1,negative,太冷了，园区取暖设施不够。
2025-01-28,3,neutral,中规中矩的一次体验，和预期差不多。
2025-01-28,3,neutral,人太多了，建议工作日去。
2025-01-28,4,positive,太美了！冰雕非常震撼，下次还来。
2025-01-28,3,neutral,中规中矩的一次体验，和预期差不多。
2025-01-28,3,neutral,总体还行，就是排队太久了。
2025-01-28,3,neutral,停车场离入口有点远，走了好久。
2025-01-28,3,neutral,白天看一般，晚上亮灯后效果才好。
2025-01-28,4,positive,冰酒吧体验独特，零下30度喝热饮很特别。
2025-01-28,5,positive,极地馆的企鹅太可爱了，拍了好多照片。
2025-01-28,5,positive,冰滑梯排队虽久但值得，尖叫声不断。
2025-01-28,3,neutral,白天看一般，晚上亮灯后效果才好。
2025-01-28,5,positive,大滑梯超刺激，排队时间也在可接受范围内。
2025-01-28,3,neutral,总体还行，就是排队太久了。
2025-01-28,2,negative,冰雕有些已经开始融化，维护不及时。
2025-01-28,4,positive,冰酒吧体验独特，零下30度喝热饮很特别。
2025-01-28,4,positive,太美了！冰雕非常震撼，下次还来。
2025-01-28,2,negative,地上太滑了，差点摔倒好几次。
2025-01-28,4,positive,服务态度很好，园区管理有序。
2025-01-28,3,neutral,白天看一般，晚上亮灯后效果才好。
2025-01-28,3,neutral,中规中矩的一次体验，和预期差不多。
2025-01-28,2,negative,停车费贵得离谱，而且不好找车位。
2025-01-28,5,positive,带孩子来的，小朋友玩得很开心，推荐！
2025-01-28,5,positive,主办方今年安排得很用心，动线合理不绕路。
2025-01-28,1,negative,冰雕有些已经开始融化，维护不及时。
2025-01-29,3,neutral,票价有点贵，不过冰雕确实不错。
2025-01-29,5,positive,适合拍照打卡，随手一拍都是大片。
2025-01-29,1,negative,人挤人，根本没心情看冰雕。
2025-01-29,5,positive,今年冰雕规模比去年更大了，很壮观。
2025-01-29,5,positive,冰上龙舟很有创意，适合全家一起玩。
2025-01-29,1,negative,卫生间太少了，排队比看冰雕还久。
2025-01-29,3,neutral,中规中矩的一次体验，和预期差不多。
2025-01-29,2,negative,餐饮又贵又难吃，建议自带食物。
2025-01-29,4,positive,冰酒吧体验独特，零下30度喝热饮很特别。
2025-01-29,4,positive,大滑梯超刺激，排队时间也在可接受范围内。
2025-01-29,1,negative,地上太滑了，差点摔倒好几次。
2025-01-29,5,positive,服务态度很好，园区管理有序。
2025-01-29,5,positive,虽然冷但值得，哈尔滨的冬天名不虚传。
2025-01-29,2,negative,冰雕有些已经开始融化，维护不及时。
2025-01-29,3,neutral,票价有点贵，不过冰雕确实不错。
2025-01-29,4,positive,虽然人多但是氛围感很棒，冰雪的快乐。
2025-01-29,5,positive,虽然人多但是氛围感很棒，冰雪的快乐。
2025-01-29,4,positive,极地馆的企鹅太可爱了，拍了好多照片。
2025-01-29,4,positive,虽然冷但值得，哈尔滨的冬天名不虚传。
2025-01-29,4,positive,大滑梯超刺激，排队时间也在可接受范围内。
2025-01-29,1,negative,门票太贵了，性价比低。
2025-01-29,3,neutral,总体还行，就是排队太久了。
2025-01-29,1,negative,门票太贵了，性价比低。
2025-01-29,2,negative,停车费贵得离谱，而且不好找车位。
2025-01-29,3,neutral,白天看一般，晚上亮灯后效果才好。
2025-01-29,4,positive,主办方今年安排得很用心，动线合理不绕路。
2025-01-29,5,positive,虽然冷但值得，哈尔滨的冬天名不虚传。
2025-01-29,1,negative,停车费贵得离谱，而且不好找车位。
2025-01-29,3,neutral,票价有点贵，不过冰雕确实不错。
2025-01-29,1,negative,停车费贵得离谱，而且不好找车位。
2025-01-29,3,neutral,票价有点贵，不过冰雕确实不错。
2025-01-29,3,neutral,中规中矩的一次体验，和预期差不多。
2025-01-29,4,positive,大滑梯超刺激，排队时间也在可接受范围内。
2025-01-29,5,positive,带孩子来的，小朋友玩得很开心，推荐！
2025-01-29,1,negative,停车费贵得离谱，而且不好找车位。
2025-01-29,5,positive,主办方今年安排得很用心，动线合理不绕路。
2025-01-29,5,positive,极地馆的企鹅太可爱了，拍了好多照片。
2025-01-29,3,neutral,停车场离入口有点远，走了好久。
2025-01-29,3,neutral,白天看一般，晚上亮灯后效果才好。
2025-01-29,5,positive,虽然冷但值得，哈尔滨的冬天名不虚传。
2025-01-29,4,positive,今年冰雕规模比去年更大了，很壮观。
2025-01-29,2,negative,太冷了，园区取暖设施不够。
2025-01-29,4,positive,冰雪大世界的灯光秀太震撼了，音乐配合得绝佳！
2025-01-29,2,negative,门票太贵了，性价比低。
2025-01-29,3,neutral,冰雕很美，但是餐厅价格偏高。
2025-01-29,2,negative,工作人员态度不好，问路都不理。
2025-01-29,3,neutral,中规中矩的一次体验，和预期差不多。
2025-01-29,4,positive,虽然冷但值得，哈尔滨的冬天名不虚传。
2025-01-29,5,positive,服务态度很好，园区管理有序。
2025-01-29,5,positive,服务态度很好，园区管理有序。
2025-01-29,4,positive,大滑梯超刺激，排队时间也在可接受范围内。
2025-01-29,3,neutral,停车场离入口有点远，走了好久。
2025-01-29,3,neutral,人太多了，建议工作日去。
2025-01-29,4,positive,冰滑梯排队虽久但值得，尖叫声不断。
2025-01-29,1,negative,排队排了2个小时，体验很差。
2025-01-29,5,positive,冰雪大世界的灯光秀太震撼了，音乐配合得绝佳！
2025-01-29,4,positive,适合拍照打卡，随手一拍都是大片。
2025-01-29,4,positive,极地馆的企鹅太可爱了，拍了好多照片。
2025-01-29,4,positive,虽然人多但是氛围感很棒，冰雪的快乐。
2025-01-29,5,positive,夜场的冰灯特别漂亮，像童话世界一样。
2025-01-29,3,neutral,停车场离入口有点远，走了好久。
2025-01-29,5,positive,虽然冷但值得，哈尔滨的冬天名不虚传。
2025-01-29,4,positive,冰雪大世界的灯光秀太震撼了，音乐配合得绝佳！
2025-01-29,2,negative,冰雕有些已经开始融化，维护不及时。
2025-01-29,1,negative,门票太贵了，性价比低。
2025-01-29,2,negative,卫生间太少了，排队比看冰雕还久。
2025-01-29,3,neutral,白天看一般，晚上亮灯后效果才好。
2025-01-29,5,positive,冰滑梯排队虽久但值得，尖叫声不断。
2025-01-29,5,positive,冰酒吧体验独特，零下30度喝热饮很特别。
2025-01-29,5,positive,适合拍照打卡，随手一拍都是大片。
2025-01-29,5,positive,冰雪大世界的灯光秀太震撼了，音乐配合得绝佳！
2025-01-29,3,neutral,总体还行，就是排队太久了。
2025-01-29,2,negative,卫生间太少了，排队比看冰雕还久。
2025-01-29,5,positive,虽然冷但值得，哈尔滨的冬天名不虚传。
2025-01-29,1,negative,地上太滑了，差点摔倒好几次。
2025-01-29,2,negative,冰雕有些已经开始融化，维护不及时。
2025-01-29,4,positive,夜场的冰灯特别漂亮，像童话世界一样。
2025-01-29,3,neutral,园区很大，走得腿都酸了，建议多设休息点。
2025-01-29,3,neutral,人太多了，建议工作日去。
2025-01-29,4,positive,适合拍照打卡，随手一拍都是大片。
2025-01-29,5,positive,冰雪大世界的灯光秀太震撼了，音乐配合得绝佳！
2025-01-29,4,positive,主办方今年安排得很用心，动线合理不绕路。
2025-01-29,3,neutral,冰雕很美，但是餐厅价格偏高。
2025-01-29,2,negative,工作人员态度不好，问路都不理。
2025-01-29,5,positive,服务态度很好，园区管理有序。
2025-01-29,4,positive,今年冰雕规模比去年更大了，很壮观。
2025-01-29,1,negative,太冷了，园区取暖设施不够。
2025-01-29,4,positive,冰雪大世界的灯光秀太震撼了，音乐配合得绝佳！
2025-01-29,1,negative,人挤人，根本没心情看冰雕。
2025-01-29,2,negative,工作人员态度不好，问路都不理。
2025-01-29,3,neutral,冰雕很美，但是餐厅价格偏高。
2025-01-29,2,negative,门票太贵了，性价比低。
2025-01-29,1,negative,餐饮又贵又难吃，建议自带食物。
2025-01-29,3,neutral,冰雕很美，但是餐厅价格偏高。
2025-01-29,1,negative,停车费贵得离谱，而且不好找车位。
2025-01-29,1,negative,人挤人，根本没心情看冰雕。
2025-01-29,3,neutral,白天看一般，晚上亮灯后效果才好。
2025-01-29,5,positive,虽然冷但值得，哈尔滨的冬天名不虚传。
2025-01-29,5,positive,带孩子来的，小朋友玩得很开心，推荐！
2025-01-29,2,negative,餐饮又贵又难吃，建议自带食物。
2025-01-29,2,negative,人挤人，根本没心情看冰雕。
2025-01-29,3,neutral,总体还行，就是排队太久了。
2025-01-29,3,neutral,园区很大，走得腿都酸了，建议多设休息点。
2025-01-29,3,neutral,冰雕很美，但是餐厅价格偏高。
2025-01-29,2,negative,冰雕有些已经开始融化，维护不及时。
2025-01-29,1,negative,冰雕有些已经开始融化，维护不及时。
2025-01-29,1,negative,卫生间太少了，排队比看冰雕还久。
2025-01-29,2,negative,工作人员态度不好，问路都不理。
2025-01-29,1,negative,工作人员态度不好，问路都不理。
2025-01-29,3,neutral,总体还行，就是排队太久了。
2025-01-29,5,positive,虽然冷但值得，哈尔滨的冬天名不虚传。
2025-01-29,5,positive,夜场的冰灯特别漂亮，像童话世界一样。
2025-01-29,4,positive,大滑梯超刺激，排队时间也在可接受范围内。
2025-01-29,4,positive,夜场的冰灯特别漂亮，像童话世界一样。
2025-01-29,1,negative,排队排了2个小时，体验很差。
2025-01-29,3,neutral,冰雕很美，但是餐厅价格偏高。
2025-01-29,2,negative,门票太贵了，性价比低。
2025-01-29,5,positive,冰雪大世界的灯光秀太震撼了，音乐配合得绝佳！
2025-01-29,3,neutral,人太多了，建议工作日去。
2025-01-29,4,positive,冰雪大世界的灯光秀太震撼了，音乐配合得绝佳！
2025-01-29,3,neutral,总体还行，就是排队太久了。
2025-01-29,4,positive,适合拍照打卡，随手一拍都是大片。
2025-01-29,1,negative,冰雕有些已经开始融化，维护不及时。
2025-01-29,1,negative,排队排了2个小时，体验很差。
2025-01-29,3,neutral,总体还行，就是排队太久了。
2025-01-29,5,positive,虽然人多但是氛围感很棒，冰雪的快乐。
2025-01-29,5,positive,冰滑梯排队虽久但值得，尖叫声不断。
2025-01-29,3,neutral,票价有点贵，不过冰雕确实不错。
2025-01-29,3,neutral,中规中矩的一次体验，和预期差不多。
2025-01-29,5,positive,冰酒吧体验独特，零下30度喝热饮很特别。
2025-01-29,5,positive,大滑梯超刺激，排队时间也在可接受范围内。
2025-01-29,1,negative,太冷了，园区取暖设施不够。
2025-01-29,3,neutral,白天看一般，晚上亮灯后效果才好。
2025-01-29,3,neutral,中规中矩的一次体验，和预期差不多。
2025-01-29,4,positive,冰雪大世界的灯光秀太震撼了，音乐配合得绝佳！
2025-01-29,2,negative,太冷了，园区取暖设施不够。
2025-01-29,2,negative,工作人员态度不好，问路都不理。
2025-01-29,1,negative,餐饮又贵又难吃，建议自带食物。
2025-01-29,1,negative,人挤人，根本没心情看冰雕。
2025-01-30,3,neutral,票价有点贵，不过冰雕确实不错。
2025-01-30,5,positive,冰酒吧体验独特，零下30度喝热饮很特别。
2025-01-30,4,positive,适合拍照打卡，随手一拍都是大片。
2025-01-30,3,neutral,票价有点贵，不过冰雕确实不错。
2025-01-30,3,neutral,冰雕很美，但是餐厅价格偏高。
2025-01-30,1,negative,冰雕有些已经开始融化，维护不及时。
2025-01-30,5,positive,冰滑梯排队虽久但值得，尖叫声不断。
2025-01-30,4,positive,带孩子来的，小朋友玩得很开心，推荐！
2025-01-30,4,positive,虽然冷但值得，哈尔滨的冬天名不虚传。
2025-01-30,2,negative,停车费贵得离谱，而且不好找车位。
2025-01-30,3,neutral,票价有点贵，不过冰雕确实不错。
2025-01-30,4,positive,主办方今年安排得很用心，动线合理不绕路。
2025-01-30,5,positive,主办方今年安排得很用心，动线合理不绕路。
2025-01-30,2,negative,地上太滑了，差点摔倒好几次。
2025-01-30,4,positive,今年冰雕规模比去年更大了，很壮观。
2025-01-30,1,negative,停车费贵得离谱，而且不好找车位。
2025-01-30,3,neutral,白天看一般，晚上亮灯后效果才好。
2025-01-30,3,neutral,园区很大，走得腿都酸了，建议多设休息点。
2025-01-30,1,negative,工作人员态度不好，问路都不理。
2025-01-30,2,negative,人挤人，根本没心情看冰雕。
2025-01-30,3,neutral,人太多了，建议工作日去。
2025-01-30,4,positive,带孩子来的，小朋友玩得很开心，推荐！
2025-01-30,4,positive,夜场的冰灯特别漂亮，像童话世界一样。
2025-01-30,3,neutral,园区很大，走得腿都酸了，建议多设休息点。
2025-01-30,4,positive,大滑梯超刺激，排队时间也在可接受范围内。
2025-01-30,2,negative,冰雕有些已经开始融化，维护不及时。
2025-01-30,3,neutral,白天看一般，晚上亮灯后效果才好。
2025-01-30,5,positive,大滑梯超刺激，排队时间也在可接受范围内。
2025-01-30,3,neutral,总体还行，就是排队太久了。
2025-01-30,4,positive,冰上龙舟很有创意，适合全家一起玩。
2025-01-30,4,positive,极地馆的企鹅太可爱了，拍了好多照片。
2025-01-30,5,positive,今年冰雕规模比去年更大了，很壮观。
2025-01-30,4,positive,适合拍照打卡，随手一拍都是大片。
2025-01-30,2,negative,太冷了，园区取暖设施不够。
2025-01-30,3,neutral,中规中矩的一次体验，和预期差不多。
2025-01-30,5,positive,极地馆的企鹅太可爱了，拍了好多照片。
2025-01-30,5,positive,服务态度很好，园区管理有序。
2025-01-30,3,neutral,停车场离入口有点远，走了好久。
2025-01-30,5,positive,冰雪大世界的灯光秀太震撼了，音乐配合得绝佳！
2025-01-30,2,negative,人挤人，根本没心情看冰雕。
2025-01-30,2,negative,门票太贵了，性价比低。
2025-01-30,2,negative,餐饮又贵又难吃，建议自带食物。
2025-01-30,3,neutral,中规中矩的一次体验，和预期差不多。
2025-01-30,4,positive,冰上龙舟很有创意，适合全家一起玩。
2025-01-30,5,positive,适合拍照打卡，随手一拍都是大片。
2025-01-30,2,negative,地上太滑了，差点摔倒好几次。
2025-01-30,3,neutral,冰雕很美，但是餐厅价格偏高。
2025-01-30,3,neutral,总体还行，就是排队太久了。
2025-01-30,3,neutral,总体还行，就是排队太久了。
2025-01-30,2,negative,排队排了2个小时，体验很差。
2025-01-30,5,positive,适合拍照打卡，随手一拍都是大片。
2025-01-30,3,neutral,园区很大，走得腿都酸了，建议多设休息点。
2025-01-30,1,negative,门票太贵了，性价比低。
2025-01-30,3,neutral,白天看一般，晚上亮灯后效果才好。
2025-01-30,3,neutral,冰雕很美，但是餐厅价格偏高。
2025-01-30,2,negative,地上太滑了，差点摔倒好几次。
2025-01-30,2,negative,太冷了，园区取暖设施不够。
2025-01-30,4,positive,极地馆的企鹅太可爱了，拍了好多照片。
2025-01-30,3,neutral,园区很大，走得腿都酸了，建议多设休息点。
2025-01-30,1,negative,冰雕有些已经开始融化，维护不及时。
2025-01-30,3,neutral,白天看一般，晚上亮灯后效果才好。
2025-01-30,1,negative,排队排了2个小时，体验很差。
2025-01-30,4,positive,冰滑梯排队虽久但值得，尖叫声不断。
2025-01-30,5,positive,服务态度很好，园区管理有序。
2025-01-30,1,negative,门票太贵了，性价比低。
2025-01-30,1,negative,门票太贵了，性价比低。
2025-01-30,4,positive,带孩子来的，小朋友玩得很开心，推荐！
2025-01-30,4,positive,冰滑梯排队虽久但值得，尖叫声不断。
2025-01-30,5,positive,虽然人多但是氛围感很棒，冰雪的快乐。
2025-01-30,3,neutral,园区很大，走得腿都酸了，建议多设休息点。
2025-01-30,1,negative,门票太贵了，性价比低。
2025-01-30,4,positive,虽然冷但值得，哈尔滨的冬天名不虚传。
2025-01-30,5,positive,虽然人多但是氛围感很棒，冰雪的快乐。
2025-01-30,4,positive,冰滑梯排队虽久但值得，尖叫声不断。
2025-01-30,3,neutral,人太多了，建议工作日去。
2025-01-30,2,negative,冰雕有些已经开始融化，维护不及时。
2025-01-30,2,negative,地上太滑了，差点摔倒好几次。
2025-01-30,1,negative,工作人员态度不好，问路都不理。
2025-01-30,1,negative,排队排了2个小时，体验很差。
2025-01-30,4,positive,大滑梯超刺激，排队时间也在可接受范围内。
2025-01-30,3,neutral,票价有点贵，不过冰雕确实不错。
2025-01-30,5,positive,虽然人多但是氛围感很棒，冰雪的快乐。
2025-01-30,4,positive,主办方今年安排得很用心，动线合理不绕路。
2025-01-31,1,negative,冰雕有些已经开始融化，维护不及时。
2025-01-31,5,positive,冰上龙舟很有创意，适合全家一起玩。
2025-01-31,3,neutral,白天看一般，晚上亮灯后效果才好。
2025-01-31,5,positive,冰滑梯排队虽久但值得，尖叫声不断。
2025-01-31,2,negative,地上太滑了，差点摔倒好几次。
2025-01-31,5,positive,适合拍照打卡，随手一拍都是大片。
2025-01-31,4,positive,服务态度很好，园区管理有序。
2025-01-31,4,positive,冰滑梯排队虽久但值得，尖叫声不断。
2025-01-31,4,positive,冰滑梯排队虽久但值得，尖叫声不断。
2025-01-31,5,positive,虽然人多但是氛围感很棒，冰雪的快乐。
2025-01-31,4,positive,带孩子来的，小朋友玩得很开心，推荐！
2025-01-31,5,positive,虽然人多但是氛围感很棒，冰雪的快乐。
2025-01-31,5,positive,夜场的冰灯特别漂亮，像童话世界一样。
2025-01-31,5,positive,适合拍照打卡，随手一拍都是大片。
2025-01-31,5,positive,大滑梯超刺激，排队时间也在可接受范围内。
2025-01-31,4,positive,极地馆的企鹅太可爱了，拍了好多照片。
2025-01-31,2,negative,太冷了，园区取暖设施不够。
2025-01-31,5,positive,今年冰雕规模比去年更大了，很壮观。
2025-01-31,4,positive,服务态度很好，园区管理有序。
2025-01-31,3,neutral,中规中矩的一次体验，和预期差不多。
2025-01-31,5,positive,冰上龙舟很有创意，适合全家一起玩。
2025-01-31,3,neutral,总体还行，就是排队太久了。
2025-01-31,1,negative,排队排了2个小时，体验很差。
2025-01-31,5,positive,冰雪大世界的灯光秀太震撼了，音乐配合得绝佳！
2025-01-31,3,neutral,人太多了，建议工作日去。
2025-01-31,2,negative,冰雕有些已经开始融化，维护不及时。
2025-01-31,3,neutral,人太多了，建议工作日去。
2025-01-31,3,neutral,总体还行，就是排队太久了。
2025-01-31,3,neutral,白天看一般，晚上亮灯后效果才好。
2025-01-31,3,neutral,园区很大，走得腿都酸了，建议多设休息点。
2025-01-31,1,negative,门票太贵了，性价比低。
2025-01-31,4,positive,今年冰雕规模比去年更大了，很壮观。
2025-01-31,5,positive,冰酒吧体验独特，零下30度喝热饮很特别。
2025-01-31,1,negative,太冷了，园区取暖设施不够。
2025-01-31,3,neutral,票价有点贵，不过冰雕确实不错。
2025-01-31,5,positive,夜场的冰灯特别漂亮，像童话世界一样。
2025-01-31,5,positive,虽然冷但值得，哈尔滨的冬天名不虚传。
2025-01-31,3,neutral,人太多了，建议工作日去。
2025-01-31,3,neutral,白天看一般，晚上亮灯后效果才好。
2025-01-31,5,positive,主办方今年安排得很用心，动线合理不绕路。
2025-01-31,3,neutral,中规中矩的一次体验，和预期差不多。
2025-01-31,5,positive,冰上龙舟很有创意，适合全家一起玩。
2025-01-31,4,positive,冰上龙舟很有创意，适合全家一起玩。
2025-01-31,5,positive,虽然人多但是氛围感很棒，冰雪的快乐。
2025-01-31,4,positive,适合拍照打卡，随手一拍都是大片。
2025-01-31,5,positive,夜场的冰灯特别漂亮，像童话世界一样。
2025-01-31,4,positive,大滑梯超刺激，排队时间也在可接受范围内。
2025-01-31,5,positive,夜场的冰灯特别漂亮，像童话世界一样。
2025-01-31,5,positive,冰雪大世界的灯光秀太震撼了，音乐配合得绝佳！
2025-01-31,3,neutral,中规中矩的一次体验，和预期差不多。
2025-01-31,5,positive,主办方今年安排得很用心，动线合理不绕路。
2025-01-31,1,negative,门票太贵了，性价比低。
2025-01-31,4,positive,虽然冷但值得，哈尔滨的冬天名不虚传。
2025-01-31,5,positive,带孩子来的，小朋友玩得很开心，推荐！
2025-01-31,3,neutral,白天看一般，晚上亮灯后效果才好。
2025-01-31,2,negative,地上太滑了，差点摔倒好几次。
2025-01-31,4,positive,夜场的冰灯特别漂亮，像童话世界一样。
2025-01-31,2,negative,工作人员态度不好，问路都不理。
2025-01-31,1,negative,工作人员态度不好，问路都不理。
2025-01-31,1,negative,停车费贵得离谱，而且不好找车位。
2025-01-31,5,positive,虽然冷但值得，哈尔滨的冬天名不虚传。
2025-01-31,3,neutral,总体还行，就是排队太久了。
2025-01-31,4,positive,太美了！冰雕非常震撼，下次还来。
2025-01-31,5,positive,冰滑梯排队虽久但值得，尖叫声不断。
2025-01-31,4,positive,极地馆的企鹅太可爱了，拍了好多照片。
2025-01-31,3,neutral,园区很大，走得腿都酸了，建议多设休息点。
2025-01-31,5,positive,冰滑梯排队虽久但值得，尖叫声不断。
2025-01-31,4,positive,带孩子来的，小朋友玩得很开心，推荐！
2025-01-31,4,positive,冰上龙舟很有创意，适合全家一起玩。
2025-01-31,3,neutral,园区很大，走得腿都酸了，建议多设休息点。
2025-01-31,4,positive,大滑梯超刺激，排队时间也在可接受范围内。
2025-01-31,4,positive,适合拍照打卡，随手一拍都是大片。
2025-01-31,5,positive,虽然人多但是氛围感很棒，冰雪的快乐。
2025-01-31,5,positive,夜场的冰灯特别漂亮，像童话世界一样。
2025-01-31,3,neutral,总体还行，就是排队太久了。
2025-01-31,3,neutral,白天看一般，晚上亮灯后效果才好。
2025-01-31,4,positive,冰酒吧体验独特，零下30度喝热饮很特别。
2025-01-31,4,positive,服务态度很好，园区管理有序。
2025-01-31,5,positive,冰酒吧体验独特，零下30度喝热饮很特别。
2025-01-31,1,negative,门票太贵了，性价比低。
2025-01-31,5,positive,夜场的冰灯特别漂亮，像童话世界一样。
2025-01-31,1,negative,太冷了，园区取暖设施不够。
2025-02-01,4,positive,今年冰雕规模比去年更大了，很壮观。
2025-02-01,4,positive,夜场的冰灯特别漂亮，像童话世界一样。
2025-02-01,4,positive,冰酒吧体验独特，零下30度喝热饮很特别。
2025-02-01,5,positive,带孩子来的，小朋友玩得很开心，推荐！
2025-02-01,5,positive,太美了！冰雕非常震撼，下次还来。
2025-02-01,4,positive,适合拍照打卡，随手一拍都是大片。
2025-02-01,3,neutral,白天看一般，晚上亮灯后效果才好。
2025-02-01,5,positive,主办方今年安排得很用心，动线合理不绕路。
2025-02-01,5,positive,冰滑梯排队虽久但值得，尖叫声不断。
2025-02-01,5,positive,冰滑梯排队虽久但值得，尖叫声不断。
2025-02-01,5,positive,冰上龙舟很有创意，适合全家一起玩。
2025-02-01,2,negative,冰雕有些已经开始融化，维护不及时。
2025-02-01,5,positive,带孩子来的，小朋友玩得很开心，推荐！
2025-02-01,5,positive,虽然冷但值得，哈尔滨的冬天名不虚传。
2025-02-01,4,positive,适合拍照打卡，随手一拍都是大片。
2025-02-01,1,negative,人挤人，根本没心情看冰雕。
2025-02-01,4,positive,虽然冷但值得，哈尔滨的冬天名不虚传。
2025-02-01,5,positive,虽然人多但是氛围感很棒，冰雪的快乐。
2025-02-01,5,positive,虽然人多但是氛围感很棒，冰雪的快乐。
2025-02-01,5,positive,主办方今年安排得很用心，动线合理不绕路。
2025-02-01,3,neutral,冰雕很美，但是餐厅价格偏高。
2025-02-01,4,positive,大滑梯超刺激，排队时间也在可接受范围内。
2025-02-01,5,positive,适合拍照打卡，随手一拍都是大片。
2025-02-01,5,positive,冰上龙舟很有创意，适合全家一起玩。
2025-02-01,1,negative,工作人员态度不好，问路都不理。
2025-02-01,5,positive,夜场的冰灯特别漂亮，像童话世界一样。
2025-02-01,3,neutral,白天看一般，晚上亮灯后效果才好。
2025-02-01,4,positive,虽然人多但是氛围感很棒，冰雪的快乐。
2025-02-01,1,negative,人挤人，根本没心情看冰雕。
2025-02-01,4,positive,冰酒吧体验独特，零下30度喝热饮很特别。
2025-02-01,4,positive,虽然冷但值得，哈尔滨的冬天名不虚传。
2025-02-01,4,positive,虽然人多但是氛围感很棒，冰雪的快乐。
2025-02-01,3,neutral,冰雕很美，但是餐厅价格偏高。
2025-02-01,4,positive,适合拍照打卡，随手一拍都是大片。
2025-02-01,3,neutral,园区很大，走得腿都酸了，建议多设休息点。
2025-02-01,4,positive,服务态度很好，园区管理有序。
2025-02-01,4,positive,夜场的冰灯特别漂亮，像童话世界一样。
2025-02-01,1,negative,工作人员态度不好，问路都不理。
2025-02-01,3,neutral,人太多了，建议工作日去。
2025-02-01,3,neutral,总体还行，就是排队太久了。
2025-02-01,4,positive,大滑梯超刺激，排队时间也在可接受范围内。
2025-02-01,4,positive,大滑梯超刺激，排队时间也在可接受范围内。
2025-02-01,3,neutral,园区很大，走得腿都酸了，建议多设休息点。
2025-02-01,3,neutral,停车场离入口有点远，走了好久。
2025-02-01,1,negative,人挤人，根本没心情看冰雕。
2025-02-01,5,positive,今年冰雕规模比去年更大了，很壮观。
2025-02-01,4,positive,冰酒吧体验独特，零下30度喝热饮很特别。
2025-02-01,1,negative,冰雕有些已经开始融化，维护不及时。
2025-02-01,5,positive,带孩子来的，小朋友玩得很开心，推荐！
2025-02-01,5,positive,太美了！冰雕非常震撼，下次还来。
2025-02-01,2,negative,冰雕有些已经开始融化，维护不及时。
2025-02-01,3,neutral,人太多了，建议工作日去。
2025-02-01,2,negative,地上太滑了，差点摔倒好几次。
2025-02-01,4,positive,适合拍照打卡，随手一拍都是大片。
2025-02-01,3,neutral,白天看一般，晚上亮灯后效果才好。
2025-02-01,4,positive,冰雪大世界的灯光秀太震撼了，音乐配合得绝佳！
2025-02-01,2,negative,人挤人，根本没心情看冰雕。
2025-02-01,3,neutral,白天看一般，晚上亮灯后效果才好。
2025-02-01,1,negative,工作人员态度不好，问路都不理。
2025-02-01,4,positive,适合拍照打卡，随手一拍都是大片。
2025-02-01,5,positive,冰酒吧体验独特，零下30度喝热饮很特别。
2025-02-01,5,positive,大滑梯超刺激，排队时间也在可接受范围内。
2025-02-01,1,negative,太冷了，园区取暖设施不够。
2025-02-01,5,positive,带孩子来的，小朋友玩得很开心，推荐！
2025-02-01,4,positive,极地馆的企鹅太可爱了，拍了好多照片。
2025-02-01,4,positive,太美了！冰雕非常震撼，下次还来。
2025-02-01,3,neutral,总体还行，就是排队太久了。
2025-02-01,4,positive,今年冰雕规模比去年更大了，很壮观。
2025-02-01,5,positive,冰滑梯排队虽久但值得，尖叫声不断。
2025-02-01,2,negative,人挤人，根本没心情看冰雕。
2025-02-01,3,neutral,停车场离入口有点远，走了好久。
2025-02-01,1,negative,地上太滑了，差点摔倒好几次。
2025-02-01,2,negative,停车费贵得离谱，而且不好找车位。
2025-02-01,4,positive,冰雪大世界的灯光秀太震撼了，音乐配合得绝佳！
2025-02-01,1,negative,停车费贵得离谱，而且不好找车位。
2025-02-01,3,neutral,总体还行，就是排队太久了。
2025-02-01,3,neutral,总体还行，就是排队太久了。
2025-02-01,1,negative,门票太贵了，性价比低。
2025-02-01,5,positive,极地馆的企鹅太可爱了，拍了好多照片。
2025-02-01,5,positive,冰酒吧体验独特，零下30度喝热饮很特别。
2025-02-01,5,positive,服务态度很好，园区管理有序。
2025-02-01,5,positive,大滑梯超刺激，排队时间也在可接受范围内。
2025-02-01,4,positive,服务态度很好，园区管理有序。
2025-02-01,5,positive,冰雪大世界的灯光秀太震撼了，音乐配合得绝佳！
2025-02-01,3,neutral,中规中矩的一次体验，和预期差不多。
2025-02-01,3,neutral,人太多了，建议工作日去。
2025-02-01,3,neutral,总体还行，就是排队太久了。
2025-02-01,5,positive,冰酒吧体验独特，零下30度喝热饮很特别。
2025-02-01,5,positive,夜场的冰灯特别漂亮，像童话世界一样。
2025-02-01,3,neutral,冰雕很美，但是餐厅价格偏高。
2025-02-01,5,positive,夜场的冰灯特别漂亮，像童话世界一样。
2025-02-01,4,positive,极地馆的企鹅太可爱了，拍了好多照片。
2025-02-01,3,neutral,停车场离入口有点远，走了好久。
2025-02-01,4,positive,冰滑梯排队虽久但值得，尖叫声不断。
2025-02-01,3,neutral,中规中矩的一次体验，和预期差不多。
2025-02-01,3,neutral,停车场离入口有点远，走了好久。
2025-02-01,2,negative,餐饮又贵又难吃，建议自带食物。
2025-02-01,5,positive,带孩子来的，小朋友玩得很开心，推荐！
2025-02-01,5,positive,今年冰雕规模比去年更大了，很壮观。
2025-02-01,5,positive,适合拍照打卡，随手一拍都是大片。
2025-02-01,1,negative,卫生间太少了，排队比看冰雕还久。
2025-02-01,1,negative,工作人员态度不好，问路都不理。
2025-02-01,1,negative,餐饮又贵又难吃，建议自带食物。
2025-02-01,4,positive,大滑梯超刺激，排队时间也在可接受范围内。
2025-02-01,4,positive,带孩子来的，小朋友玩得很开心，推荐！
2025-02-01,2,negative,地上太滑了，差点摔倒好几次。
2025-02-01,5,positive,太美了！冰雕非常震撼，下次还来。
2025-02-01,1,negative,餐饮又贵又难吃，建议自带食物。
2025-02-01,3,neutral,停车场离入口有点远，走了好久。
2025-02-01,5,positive,虽然人多但是氛围感很棒，冰雪的快乐。
2025-02-01,5,positive,虽然人多但是氛围感很棒，冰雪的快乐。
2025-02-01,3,neutral,冰雕很美，但是餐厅价格偏高。
2025-02-01,4,positive,适合拍照打卡，随手一拍都是大片。
2025-02-01,4,positive,今年冰雕规模比去年更大了，很壮观。
2025-02-01,5,positive,冰滑梯排队虽久但值得，尖叫声不断。
2025-02-01,5,positive,服务态度很好，园区管理有序。
2025-02-01,4,positive,大滑梯超刺激，排队时间也在可接受范围内。
2025-02-01,3,neutral,冰雕很美，但是餐厅价格偏高。
2025-02-01,4,positive,冰酒吧体验独特，零下30度喝热饮很特别。
2025-02-01,5,positive,虽然人多但是氛围感很棒，冰雪的快乐。
2025-02-01,4,positive,主办方今年安排得很用心，动线合理不绕路。
2025-02-01,3,neutral,冰雕很美，但是餐厅价格偏高。
2025-02-01,3,neutral,中规中矩的一次体验，和预期差不多。
2025-02-01,1,negative,工作人员态度不好，问路都不理。
2025-02-01,1,negative,餐饮又贵又难吃，建议自带食物。
2025-02-01,3,neutral,中规中矩的一次体验，和预期差不多。
2025-02-01,5,positive,适合拍照打卡，随手一拍都是大片。
2025-02-01,4,positive,冰上龙舟很有创意，适合全家一起玩。
2025-02-01,5,positive,主办方今年安排得很用心，动线合理不绕路。
2025-02-01,4,positive,夜场的冰灯特别漂亮，像童话世界一样。
2025-02-01,4,positive,极地馆的企鹅太可爱了，拍了好多照片。
2025-02-01,4,positive,虽然人多但是氛围感很棒，冰雪的快乐。
2025-02-01,5,positive,冰滑梯排队虽久但值得，尖叫声不断。
2025-02-01,3,neutral,停车场离入口有点远，走了好久。
2025-02-01,4,positive,太美了！冰雕非常震撼，下次还来。
2025-02-01,5,positive,虽然冷但值得，哈尔滨的冬天名不虚传。
2025-02-01,3,neutral,人太多了，建议工作日去。
2025-02-01,5,positive,太美了！冰雕非常震撼，下次还来。
2025-02-01,5,positive,虽然冷但值得，哈尔滨的冬天名不虚传。
2025-02-01,5,positive,夜场的冰灯特别漂亮，像童话世界一样。
2025-02-01,5,positive,太美了！冰雕非常震撼，下次还来。
2025-02-01,5,positive,冰上龙舟很有创意，适合全家一起玩。
2025-02-01,5,positive,大滑梯超刺激，排队时间也在可接受范围内。
2025-02-01,3,neutral,人太多了，建议工作日去。
2025-02-01,2,negative,冰雕有些已经开始融化，维护不及时。
2025-02-01,4,positive,服务态度很好，园区管理有序。
2025-02-01,4,positive,带孩子来的，小朋友玩得很开心，推荐！
2025-02-01,5,positive,冰滑梯排队虽久但值得，尖叫声不断。
2025-02-01,5,positive,冰滑梯排队虽久但值得，尖叫声不断。
2025-02-01,4,positive,冰上龙舟很有创意，适合全家一起玩。
2025-02-01,5,positive,太美了！冰雕非常震撼，下次还来。
2025-02-01,3,neutral,停车场离入口有点远，走了好久。
2025-02-01,4,positive,今年冰雕规模比去年更大了，很壮观。
2025-02-01,4,positive,适合拍照打卡，随手一拍都是大片。
2025-02-01,3,neutral,停车场离入口有点远，走了好久。
2025-02-01,5,positive,冰上龙舟很有创意，适合全家一起玩。
2025-02-01,3,neutral,停车场离入口有点远，走了好久。
2025-02-01,3,neutral,票价有点贵，不过冰雕确实不错。
2025-02-01,3,neutral,人太多了，建议工作日去。
2025-02-01,3,neutral,票价有点贵，不过冰雕确实不错。
2025-02-01,3,neutral,中规中矩的一次体验，和预期差不多。
2025-02-01,3,neutral,票价有点贵，不过冰雕确实不错。
2025-02-01,3,neutral,园区很大，走得腿都酸了，建议多设休息点。
2025-02-01,5,positive,虽然人多但是氛围感很棒，冰雪的快乐。
2025-02-01,4,positive,大滑梯超刺激，排队时间也在可接受范围内。
2025-02-01,4,positive,夜场的冰灯特别漂亮，像童话世界一样。
2025-02-01,5,positive,虽然人多但是氛围感很棒，冰雪的快乐。
2025-02-01,1,negative,餐饮又贵又难吃，建议自带食物。
2025-02-01,5,positive,适合拍照打卡，随手一拍都是大片。
2025-02-01,2,negative,卫生间太少了，排队比看冰雕还久。
2025-02-01,4,positive,虽然人多但是氛围感很棒，冰雪的快乐。
2025-02-01,5,positive,大滑梯超刺激，排队时间也在可接受范围内。
2025-02-01,5,positive,冰酒吧体验独特，零下30度喝热饮很特别。
2025-02-01,5,positive,冰滑梯排队虽久但值得，尖叫声不断。
2025-02-01,4,positive,冰雪大世界的灯光秀太震撼了，音乐配合得绝佳！
2025-02-01,5,positive,冰酒吧体验独特，零下30度喝热饮很特别。
2025-02-01,5,positive,虽然冷但值得，哈尔滨的冬天名不虚传。
2025-02-01,4,positive,冰酒吧体验独特，零下30度喝热饮很特别。
2025-02-01,4,positive,太美了！冰雕非常震撼，下次还来。
2025-02-01,4,positive,极地馆的企鹅太可爱了，拍了好多照片。
2025-02-01,1,negative,停车费贵得离谱，而且不好找车位。
2025-02-01,4,positive,夜场的冰灯特别漂亮，像童话世界一样。
2025-02-01,3,neutral,白天看一般，晚上亮灯后效果才好。
2025-02-01,3,neutral,票价有点贵，不过冰雕确实不错。
2025-02-01,4,positive,虽然冷但值得，哈尔滨的冬天名不虚传。
2025-02-01,4,positive,主办方今年安排得很用心，动线合理不绕路。
2025-02-01,3,neutral,停车场离入口有点远，走了好久。
2025-02-01,4,positive,冰雪大世界的灯光秀太震撼了，音乐配合得绝佳！
2025-02-01,4,positive,带孩子来的，小朋友玩得很开心，推荐！
2025-02-01,3,neutral,中规中矩的一次体验，和预期差不多。
2025-02-01,3,neutral,总体还行，就是排队太久了。
2025-02-01,2,negative,门票太贵了，性价比低。
2025-02-01,4,positive,冰雪大世界的灯光秀太震撼了，音乐配合得绝佳！
2025-02-01,4,positive,冰雪大世界的灯光秀太震撼了，音乐配合得绝佳！
2025-02-01,3,neutral,票价有点贵，不过冰雕确实不错。
2025-02-01,4,positive,服务态度很好，园区管理有序。
2025-02-01,4,positive,今年冰雕规模比去年更大了，很壮观。
2025-02-01,3,neutral,票价有点贵，不过冰雕确实不错。
2025-02-01,4,positive,虽然人多但是氛围感很棒，冰雪的快乐。
2025-02-01,2,negative,地上太滑了，差点摔倒好几次。
2025-02-01,1,negative,餐饮又贵又难吃，建议自带食物。
2025-02-01,3,neutral,总体还行，就是排队太久了。
2025-02-01,4,positive,带孩子来的，小朋友玩得很开心，推荐！
2025-02-01,3,neutral,停车场离入口有点远，走了好久。
2025-02-01,5,positive,虽然人多但是氛围感很棒，冰雪的快乐。
2025-02-01,3,neutral,停车场离入口有点远，走了好久。
2025-02-01,5,positive,冰上龙舟很有创意，适合全家一起玩。
2025-02-01,4,positive,冰雪大世界的灯光秀太震撼了，音乐配合得绝佳！
2025-02-01,5,positive,大滑梯超刺激，排队时间也在可接受范围内。
2025-02-01,5,positive,冰酒吧体验独特，零下30度喝热饮很特别。
2025-02-01,1,negative,排队排了2个小时，体验很差。
2025-02-01,4,positive,今年冰雕规模比去年更大了，很壮观。
2025-02-01,4,positive,太美了！冰雕非常震撼，下次还来。
2025-02-01,3,neutral,停车场离入口有点远，走了好久。
2025-02-01,3,neutral,中规中矩的一次体验，和预期差不多。
2025-02-01,3,neutral,人太多了，建议工作日去。
2025-02-01,5,positive,虽然冷但值得，哈尔滨的冬天名不虚传。
2025-02-01,3,neutral,总体还行，就是排队太久了。
2025-02-01,4,positive,主办方今年安排得很用心，动线合理不绕路。
2025-02-01,3,neutral,冰雕很美，但是餐厅价格偏高。
2025-02-01,3,neutral,中规中矩的一次体验，和预期差不多。
2025-02-01,5,positive,主办方今年安排得很用心，动线合理不绕路。
2025-02-01,5,positive,太美了！冰雕非常震撼，下次还来。
2025-02-01,4,positive,适合拍照打卡，随手一拍都是大片。
2025-02-01,4,positive,带孩子来的，小朋友玩得很开心，推荐！
2025-02-01,4,positive,极地馆的企鹅太可爱了，拍了好多照片。
2025-02-01,5,positive,冰酒吧体验独特，零下30度喝热饮很特别。
2025-02-01,5,positive,服务态度很好，园区管理有序。
2025-02-01,3,neutral,票价有点贵，不过冰雕确实不错。
2025-02-01,3,neutral,白天看一般，晚上亮灯后效果才好。
2025-02-01,3,neutral,冰雕很美，但是餐厅价格偏高。
2025-02-01,4,positive,夜场的冰灯特别漂亮，像童话世界一样。
2025-02-01,4,positive,虽然冷但值得，哈尔滨的冬天名不虚传。
2025-02-01,2,negative,工作人员态度不好，问路都不理。
2025-02-01,5,positive,带孩子来的，小朋友玩得很开心，推荐！
2025-02-01,3,neutral,总体还行，就是排队太久了。
2025-02-01,5,positive,虽然人多但是氛围感很棒，冰雪的快乐。
2025-02-01,5,positive,虽然冷但值得，哈尔滨的冬天名不虚传。
2025-02-01,3,neutral,人太多了，建议工作日去。
2025-02-01,5,positive,服务态度很好，园区管理有序。
2025-02-01,1,negative,工作人员态度不好，问路都不理。
2025-02-01,3,neutral,冰雕很美，但是餐厅价格偏高。
2025-02-01,3,neutral,人太多了，建议工作日去。
2025-02-01,4,positive,带孩子来的，小朋友玩得很开心，推荐！
2025-02-02,3,neutral,冰雕很美，但是餐厅价格偏高。
2025-02-02,5,positive,冰上龙舟很有创意，适合全家一起玩。
2025-02-02,4,positive,主办方今年安排得很用心，动线合理不绕路。
2025-02-02,5,positive,服务态度很好，园区管理有序。
2025-02-02,3,neutral,冰雕很美，但是餐厅价格偏高。
2025-02-02,3,neutral,人太多了，建议工作日去。
2025-02-02,3,neutral,中规中矩的一次体验，和预期差不多。
2025-02-02,1,negative,太冷了，园区取暖设施不够。
2025-02-02,3,neutral,中规中矩的一次体验，和预期差不多。
2025-02-02,5,positive,极地馆的企鹅太可爱了，拍了好多照片。
2025-02-02,5,positive,虽然冷但值得，哈尔滨的冬天名不虚传。
2025-02-02,5,positive,冰上龙舟很有创意，适合全家一起玩。
2025-02-02,3,neutral,停车场离入口有点远，走了好久。
2025-02-02,3,neutral,白天看一般，晚上亮灯后效果才好。
2025-02-02,4,positive,冰上龙舟很有创意，适合全家一起玩。
2025-02-02,3,neutral,冰雕很美，但是餐厅价格偏高。
2025-02-02,4,positive,冰酒吧体验独特，零下30度喝热饮很特别。
2025-02-02,4,positive,冰酒吧体验独特，零下30度喝热饮很特别。
2025-02-02,3,neutral,白天看一般，晚上亮灯后效果才好。
2025-02-02,4,positive,带孩子来的，小朋友玩得很开心，推荐！
2025-02-02,4,positive,主办方今年安排得很用心，动线合理不绕路。
2025-02-02,1,negative,工作人员态度不好，问路都不理。
2025-02-02,2,negative,地上太滑了，差点摔倒好几次。
2025-02-02,4,positive,冰酒吧体验独特，零下30度喝热饮很特别。
2025-02-02,4,positive,夜场的冰灯特别漂亮，像童话世界一样。
2025-02-02,5,positive,服务态度很好，园区管理有序。
2025-02-02,5,positive,冰雪大世界的灯光秀太震撼了，音乐配合得绝佳！
2025-02-02,3,neutral,白天看一般，晚上亮灯后效果才好。
2025-02-02,4,positive,带孩子来的，小朋友玩得很开心，推荐！
2025-02-02,4,positive,太美了！冰雕非常震撼，下次还来。
2025-02-02,4,positive,极地馆的企鹅太可爱了，拍了好多照片。
2025-02-02,5,positive,今年冰雕规模比去年更大了，很壮观。
2025-02-02,1,negative,冰雕有些已经开始融化，维护不及时。
2025-02-02,2,negative,人挤人，根本没心情看冰雕。
2025-02-02,3,neutral,人太多了，建议工作日去。
2025-02-02,4,positive,冰滑梯排队虽久但值得，尖叫声不断。
2025-02-02,1,negative,冰雕有些已经开始融化，维护不及时。
2025-02-02,1,negative,卫生间太少了，排队比看冰雕还久。
2025-02-02,3,neutral,票价有点贵，不过冰雕确实不错。
2025-02-02,4,positive,大滑梯超刺激，排队时间也在可接受范围内。
2025-02-02,4,positive,冰上龙舟很有创意，适合全家一起玩。
2025-02-02,3,neutral,白天看一般，晚上亮灯后效果才好。
2025-02-02,5,positive,带孩子来的，小朋友玩得很开心，推荐！
2025-02-02,2,negative,冰雕有些已经开始融化，维护不及时。
2025-02-02,3,neutral,冰雕很美，但是餐厅价格偏高。
2025-02-02,4,positive,夜场的冰灯特别漂亮，像童话世界一样。
2025-02-02,3,neutral,人太多了，建议工作日去。
2025-02-02,4,positive,冰雪大世界的灯光秀太震撼了，音乐配合得绝佳！
2025-02-02,3,neutral,冰雕很美，但是餐厅价格偏高。
2025-02-02,5,positive,虽然人多但是氛围感很棒，冰雪的快乐。
2025-02-02,3,neutral,园区很大，走得腿都酸了，建议多设休息点。
2025-02-02,4,positive,极地馆的企鹅太可爱了，拍了好多照片。
2025-02-02,2,negative,工作人员态度不好，问路都不理。
2025-02-02,3,neutral,冰雕很美，但是餐厅价格偏高。
2025-02-02,1,negative,停车费贵得离谱，而且不好找车位。
2025-02-02,4,positive,太美了！冰雕非常震撼，下次还来。
2025-02-02,5,positive,极地馆的企鹅太可爱了，拍了好多照片。
2025-02-02,1,negative,太冷了，园区取暖设施不够。
2025-02-02,4,positive,冰滑梯排队虽久但值得，尖叫声不断。
2025-02-02,4,positive,太美了！冰雕非常震撼，下次还来。
2025-02-02,3,neutral,票价有点贵，不过冰雕确实不错。
2025-02-02,5,positive,极地馆的企鹅太可爱了，拍了好多照片。
2025-02-02,5,positive,服务态度很好，园区管理有序。
2025-02-02,5,positive,服务态度很好，园区管理有序。
2025-02-02,3,neutral,票价有点贵，不过冰雕确实不错。
2025-02-02,4,positive,冰上龙舟很有创意，适合全家一起玩。
2025-02-02,4,positive,冰雪大世界的灯光秀太震撼了，音乐配合得绝佳！
2025-02-02,5,positive,适合拍照打卡，随手一拍都是大片。
2025-02-02,3,neutral,冰雕很美，但是餐厅价格偏高。
2025-02-02,4,positive,今年冰雕规模比去年更大了，很壮观。
2025-02-02,2,negative,门票太贵了，性价比低。
2025-02-02,2,negative,停车费贵得离谱，而且不好找车位。
2025-02-02,5,positive,带孩子来的，小朋友玩得很开心，推荐！
2025-02-02,2,negative,卫生间太少了，排队比看冰雕还久。
2025-02-02,3,neutral,总体还行，就是排队太久了。
2025-02-02,4,positive,带孩子来的，小朋友玩得很开心，推荐！
2025-02-02,3,neutral,停车场离入口有点远，走了好久。
2025-02-02,1,negative,餐饮又贵又难吃，建议自带食物。
2025-02-02,3,neutral,人太多了，建议工作日去。
2025-02-02,3,neutral,白天看一般，晚上亮灯后效果才好。
2025-02-02,4,positive,太美了！冰雕非常震撼，下次还来。
2025-02-02,3,neutral,票价有点贵，不过冰雕确实不错。
2025-02-02,3,neutral,白天看一般，晚上亮灯后效果才好。
2025-02-02,2,negative,门票太贵了，性价比低。
2025-02-02,3,neutral,中规中矩的一次体验，和预期差不多。
2025-02-02,2,negative,停车费贵得离谱，而且不好找车位。
2025-02-02,5,positive,适合拍照打卡，随手一拍都是大片。
2025-02-02,1,negative,冰雕有些已经开始融化，维护不及时。
2025-02-02,5,positive,主办方今年安排得很用心，动线合理不绕路。
2025-02-02,5,positive,冰雪大世界的灯光秀太震撼了，音乐配合得绝佳！
2025-02-02,5,positive,冰上龙舟很有创意，适合全家一起玩。
2025-02-02,3,neutral,冰雕很美，但是餐厅价格偏高。
2025-02-02,5,positive,今年冰雕规模比去年更大了，很壮观。
2025-02-02,5,positive,冰滑梯排队虽久但值得，尖叫声不断。
2025-02-02,5,positive,虽然人多但是氛围感很棒，冰雪的快乐。
2025-02-02,5,positive,主办方今年安排得很用心，动线合理不绕路。
2025-02-02,1,negative,餐饮又贵又难吃，建议自带食物。
2025-02-02,4,positive,虽然冷但值得，哈尔滨的冬天名不虚传。
2025-02-02,5,positive,夜场的冰灯特别漂亮，像童话世界一样。
2025-02-02,5,positive,带孩子来的，小朋友玩得很开心，推荐！
2025-02-02,5,positive,适合拍照打卡，随手一拍都是大片。
2025-02-02,3,neutral,冰雕很美，但是餐厅价格偏高。
2025-02-02,5,positive,虽然人多但是氛围感很棒，冰雪的快乐。
2025-02-02,5,positive,冰雪大世界的灯光秀太震撼了，音乐配合得绝佳！
2025-02-02,4,positive,带孩子来的，小朋友玩得很开心，推荐！
2025-02-02,3,neutral,白天看一般，晚上亮灯后效果才好。
2025-02-02,4,positive,极地馆的企鹅太可爱了，拍了好多照片。
2025-02-02,3,neutral,总体还行，就是排队太久了。
2025-02-02,3,neutral,总体还行，就是排队太久了。
2025-02-02,2,negative,工作人员态度不好，问路都不理。
2025-02-02,5,positive,带孩子来的，小朋友玩得很开心，推荐！
2025-02-02,3,neutral,总体还行，就是排队太久了。
2025-02-02,1,negative,餐饮又贵又难吃，建议自带食物。
2025-02-02,4,positive,冰雪大世界的灯光秀太震撼了，音乐配合得绝佳！
2025-02-02,4,positive,冰上龙舟很有创意，适合全家一起玩。
2025-02-02,3,neutral,停车场离入口有点远，走了好久。
2025-02-02,5,positive,适合拍照打卡，随手一拍都是大片。
2025-02-02,5,positive,服务态度很好，园区管理有序。
2025-02-02,2,negative,停车费贵得离谱，而且不好找车位。
2025-02-02,3,neutral,停车场离入口有点远，走了好久。
2025-02-02,1,negative,门票太贵了，性价比低。
2025-02-02,5,positive,冰酒吧体验独特，零下30度喝热饮很特别。
2025-02-02,3,neutral,中规中矩的一次体验，和预期差不多。
2025-02-02,3,neutral,白天看一般，晚上亮灯后效果才好。
2025-02-02,3,neutral,冰雕很美，但是餐厅价格偏高。
2025-02-02,4,positive,带孩子来的，小朋友玩得很开心，推荐！
2025-02-02,2,negative,餐饮又贵又难吃，建议自带食物。
2025-02-02,4,positive,夜场的冰灯特别漂亮，像童话世界一样。
2025-02-02,4,positive,太美了！冰雕非常震撼，下次还来。
2025-02-02,3,neutral,园区很大，走得腿都酸了，建议多设休息点。
2025-02-02,2,negative,太冷了，园区取暖设施不够。
2025-02-02,5,positive,虽然人多但是氛围感很棒，冰雪的快乐。
2025-02-02,3,neutral,总体还行，就是排队太久了。
2025-02-02,4,positive,适合拍照打卡，随手一拍都是大片。
2025-02-02,5,positive,虽然冷但值得，哈尔滨的冬天名不虚传。
2025-02-02,1,negative,排队排了2个小时，体验很差。
2025-02-02,2,negative,人挤人，根本没心情看冰雕。
2025-02-02,5,positive,冰上龙舟很有创意，适合全家一起玩。
2025-02-02,2,negative,餐饮又贵又难吃，建议自带食物。
2025-02-02,4,positive,冰雪大世界的灯光秀太震撼了，音乐配合得绝佳！
2025-02-02,5,positive,虽然冷但值得，哈尔滨的冬天名不虚传。
2025-02-02,1,negative,工作人员态度不好，问路都不理。
2025-02-02,3,neutral,园区很大，走得腿都酸了，建议多设休息点。
2025-02-02,1,negative,太冷了，园区取暖设施不够。
2025-02-02,1,negative,门票太贵了，性价比低。
2025-02-02,1,negative,冰雕有些已经开始融化，维护不及时。
2025-02-02,1,negative,餐饮又贵又难吃，建议自带食物。
2025-02-02,3,neutral,停车场离入口有点远，走了好久。
2025-02-02,3,neutral,白天看一般，晚上亮灯后效果才好。
2025-02-02,5,positive,太美了！冰雕非常震撼，下次还来。
2025-02-02,3,neutral,票价有点贵，不过冰雕确实不错。
2025-02-02,5,positive,夜场的冰灯特别漂亮，像童话世界一样。
2025-02-02,2,negative,餐饮又贵又难吃，建议自带食物。
2025-02-02,4,positive,适合拍照打卡，随手一拍都是大片。
2025-02-02,3,neutral,停车场离入口有点远，走了好久。
2025-02-02,1,negative,冰雕有些已经开始融化，维护不及时。
2025-02-02,4,positive,冰上龙舟很有创意，适合全家一起玩。
2025-02-02,2,negative,排队排了2个小时，体验很差。
2025-02-02,4,positive,虽然人多但是氛围感很棒，冰雪的快乐。
2025-02-02,5,positive,冰上龙舟很有创意，适合全家一起玩。
2025-02-02,5,positive,冰酒吧体验独特，零下30度喝热饮很特别。
2025-02-02,3,neutral,园区很大，走得腿都酸了，建议多设休息点。
2025-02-02,5,positive,虽然冷但值得，哈尔滨的冬天名不虚传。
2025-02-02,1,negative,门票太贵了，性价比低。
2025-02-02,3,neutral,白天看一般，晚上亮灯后效果才好。
2025-02-02,4,positive,太美了！冰雕非常震撼，下次还来。
2025-02-02,5,positive,今年冰雕规模比去年更大了，很壮观。
2025-02-02,4,positive,太美了！冰雕非常震撼，下次还来。
2025-02-02,5,positive,带孩子来的，小朋友玩得很开心，推荐！
2025-02-02,5,positive,冰雪大世界的灯光秀太震撼了，音乐配合得绝佳！
2025-02-02,3,neutral,白天看一般，晚上亮灯后效果才好。
2025-02-02,4,positive,服务态度很好，园区管理有序。
2025-02-02,4,positive,虽然人多但是氛围感很棒，冰雪的快乐。
2025-02-02,5,positive,冰上龙舟很有创意，适合全家一起玩。
2025-02-02,3,neutral,冰雕很美，但是餐厅价格偏高。
2025-02-02,1,negative,排队排了2个小时，体验很差。
2025-02-02,4,positive,冰上龙舟很有创意，适合全家一起玩。
2025-02-02,2,negative,工作人员态度不好，问路都不理。
2025-02-02,1,negative,冰雕有些已经开始融化，维护不及时。
2025-02-02,4,positive,极地馆的企鹅太可爱了，拍了好多照片。
2025-02-02,1,negative,停车费贵得离谱，而且不好找车位。
2025-02-02,5,positive,适合拍照打卡，随手一拍都是大片。
2025-02-02,5,positive,冰酒吧体验独特，零下30度喝热饮很特别。
2025-02-02,3,neutral,停车场离入口有点远，走了好久。
2025-02-02,5,positive,虽然冷但值得，哈尔滨的冬天名不虚传。
2025-02-03,4,positive,适合拍照打卡，随手一拍都是大片。
2025-02-03,4,positive,太美了！冰雕非常震撼，下次还来。
2025-02-03,5,positive,极地馆的企鹅太可爱了，拍了好多照片。
2025-02-03,2,negative,排队排了2个小时，体验很差。
2025-02-03,5,positive,服务态度很好，园区管理有序。
2025-02-03,1,negative,停车费贵得离谱，而且不好找车位。
2025-02-03,1,negative,地上太滑了，差点摔倒好几次。
2025-02-03,5,positive,极地馆的企鹅太可爱了，拍了好多照片。
2025-02-03,4,positive,带孩子来的，小朋友玩得很开心，推荐！
2025-02-03,3,neutral,冰雕很美，但是餐厅价格偏高。
2025-02-03,1,negative,工作人员态度不好，问路都不理。
2025-02-03,3,neutral,停车场离入口有点远，走了好久。
2025-02-03,4,positive,带孩子来的，小朋友玩得很开心，推荐！
2025-02-03,5,positive,冰上龙舟很有创意，适合全家一起玩。
2025-02-03,1,negative,停车费贵得离谱，而且不好找车位。
2025-02-03,2,negative,地上太滑了，差点摔倒好几次。
2025-02-03,4,positive,冰上龙舟很有创意，适合全家一起玩。
2025-02-03,1,negative,工作人员态度不好，问路都不理。
2025-02-03,1,negative,排队排了2个小时，体验很差。
2025-02-03,3,neutral,人太多了，建议工作日去。
2025-02-03,4,positive,大滑梯超刺激，排队时间也在可接受范围内。
2025-02-03,4,positive,适合拍照打卡，随手一拍都是大片。
2025-02-03,1,negative,人挤人，根本没心情看冰雕。
2025-02-03,2,negative,冰雕有些已经开始融化，维护不及时。
2025-02-03,3,neutral,中规中矩的一次体验，和预期差不多。
2025-02-03,3,neutral,停车场离入口有点远，走了好久。
2025-02-03,4,positive,虽然冷但值得，哈尔滨的冬天名不虚传。
2025-02-03,5,positive,极地馆的企鹅太可爱了，拍了好多照片。
2025-02-03,4,positive,虽然冷但值得，哈尔滨的冬天名不虚传。
2025-02-03,4,positive,冰酒吧体验独特，零下30度喝热饮很特别。
2025-02-03,3,neutral,中规中矩的一次体验，和预期差不多。
2025-02-03,5,positive,冰滑梯排队虽久但值得，尖叫声不断。
2025-02-03,5,positive,冰酒吧体验独特，零下30度喝热饮很特别。
2025-02-03,3,neutral,停车场离入口有点远，走了好久。
2025-02-03,5,positive,夜场的冰灯特别漂亮，像童话世界一样。
2025-02-03,2,negative,门票太贵了，性价比低。
2025-02-03,5,positive,适合拍照打卡，随手一拍都是大片。
2025-02-03,2,negative,工作人员态度不好，问路都不理。
2025-02-03,4,positive,服务态度很好，园区管理有序。
2025-02-03,3,neutral,中规中矩的一次体验，和预期差不多。
2025-02-03,3,neutral,停车场离入口有点远，走了好久。
2025-02-03,3,neutral,人太多了，建议工作日去。
2025-02-03,4,positive,冰酒吧体验独特，零下30度喝热饮很特别。
2025-02-03,4,positive,虽然冷但值得，哈尔滨的冬天名不虚传。
2025-02-03,4,positive,大滑梯超刺激，排队时间也在可接受范围内。
2025-02-03,3,neutral,票价有点贵，不过冰雕确实不错。
2025-02-03,5,positive,冰雪大世界的灯光秀太震撼了，音乐配合得绝佳！
2025-02-03,5,positive,冰上龙舟很有创意，适合全家一起玩。
2025-02-03,3,neutral,人太多了，建议工作日去。
2025-02-03,1,negative,餐饮又贵又难吃，建议自带食物。
2025-02-03,4,positive,虽然冷但值得，哈尔滨的冬天名不虚传。
2025-02-03,4,positive,夜场的冰灯特别漂亮，像童话世界一样。
2025-02-03,4,positive,冰酒吧体验独特，零下30度喝热饮很特别。
2025-02-03,3,neutral,停车场离入口有点远，走了好久。
2025-02-03,4,positive,带孩子来的，小朋友玩得很开心，推荐！
2025-02-03,5,positive,主办方今年安排得很用心，动线合理不绕路。
2025-02-03,5,positive,服务态度很好，园区管理有序。
2025-02-03,5,positive,冰上龙舟很有创意，适合全家一起玩。
2025-02-03,4,positive,大滑梯超刺激，排队时间也在可接受范围内。
2025-02-03,5,positive,虽然冷但值得，哈尔滨的冬天名不虚传。
2025-02-03,5,positive,虽然冷但值得，哈尔滨的冬天名不虚传。
2025-02-03,5,positive,极地馆的企鹅太可爱了，拍了好多照片。
2025-02-03,4,positive,太美了！冰雕非常震撼，下次还来。
2025-02-03,3,neutral,总体还行，就是排队太久了。
2025-02-03,4,positive,今年冰雕规模比去年更大了，很壮观。
2025-02-03,5,positive,冰滑梯排队虽久但值得，尖叫声不断。
2025-02-03,5,positive,大滑梯超刺激，排队时间也在可接受范围内。
2025-02-03,3,neutral,中规中矩的一次体验，和预期差不多。
2025-02-03,4,positive,冰雪大世界的灯光秀太震撼了，音乐配合得绝佳！
2025-02-03,1,negative,餐饮又贵又难吃，建议自带食物。
2025-02-03,2,negative,餐饮又贵又难吃，建议自带食物。
2025-02-03,5,positive,虽然人多但是氛围感很棒，冰雪的快乐。
2025-02-03,3,neutral,总体还行，就是排队太久了。
2025-02-03,3,neutral,票价有点贵，不过冰雕确实不错。
2025-02-03,3,neutral,中规中矩的一次体验，和预期差不多。
2025-02-03,5,positive,服务态度很好，园区管理有序。
2025-02-03,3,neutral,票价有点贵，不过冰雕确实不错。
2025-02-03,4,positive,冰酒吧体验独特，零下30度喝热饮很特别。
2025-02-03,4,positive,虽然冷但值得，哈尔滨的冬天名不虚传。
2025-02-03,1,negative,太冷了，园区取暖设施不够。
2025-02-03,1,negative,卫生间太少了，排队比看冰雕还久。
2025-02-03,3,neutral,园区很大，走得腿都酸了，建议多设休息点。
2025-02-03,3,neutral,停车场离入口有点远，走了好久。
2025-02-03,4,positive,大滑梯超刺激，排队时间也在可接受范围内。
2025-02-03,4,positive,今年冰雕规模比去年更大了，很壮观。
2025-02-03,5,positive,主办方今年安排得很用心，动线合理不绕路。
2025-02-03,5,positive,今年冰雕规模比去年更大了，很壮观。
2025-02-03,5,positive,主办方今年安排得很用心，动线合理不绕路。
2025-02-03,3,neutral,总体还行，就是排队太久了。
2025-02-03,4,positive,主办方今年安排得很用心，动线合理不绕路。
2025-02-03,4,positive,冰滑梯排队虽久但值得，尖叫声不断。
2025-02-03,4,positive,极地馆的企鹅太可爱了，拍了好多照片。
2025-02-03,5,positive,大滑梯超刺激，排队时间也在可接受范围内。
2025-02-03,3,neutral,人太多了，建议工作日去。
2025-02-03,5,positive,虽然人多但是氛围感很棒，冰雪的快乐。
2025-02-03,4,positive,适合拍照打卡，随手一拍都是大片。
2025-02-03,4,positive,虽然人多但是氛围感很棒，冰雪的快乐。
2025-02-03,3,neutral,票价有点贵，不过冰雕确实不错。
2025-02-03,5,positive,适合拍照打卡，随手一拍都是大片。
2025-02-03,3,neutral,总体还行，就是排队太久了。
2025-02-03,5,positive,冰滑梯排队虽久但值得，尖叫声不断。
2025-02-03,3,neutral,停车场离入口有点远，走了好久。
2025-02-03,1,negative,冰雕有些已经开始融化，维护不及时。
2025-02-03,3,neutral,票价有点贵，不过冰雕确实不错。
2025-02-03,5,positive,带孩子来的，小朋友玩得很开心，推荐！
2025-02-03,4,positive,主办方今年安排得很用心，动线合理不绕路。
2025-02-03,3,neutral,票价有点贵，不过冰雕确实不错。
2025-02-03,1,negative,卫生间太少了，排队比看冰雕还久。
2025-02-03,4,positive,太美了！冰雕非常震撼，下次还来。
2025-02-03,5,positive,极地馆的企鹅太可爱了，拍了好多照片。
2025-02-03,2,negative,太冷了，园区取暖设施不够。
2025-02-03,4,positive,夜场的冰灯特别漂亮，像童话世界一样。
2025-02-03,5,positive,冰雪大世界的灯光秀太震撼了，音乐配合得绝佳！
2025-02-03,5,positive,带孩子来的，小朋友玩得很开心，推荐！
2025-02-03,4,positive,虽然人多但是氛围感很棒，冰雪的快乐。
2025-02-03,5,positive,虽然冷但值得，哈尔滨的冬天名不虚传。
2025-02-03,3,neutral,中规中矩的一次体验，和预期差不多。
2025-02-03,5,positive,夜场的冰灯特别漂亮，像童话世界一样。
2025-02-03,3,neutral,冰雕很美，但是餐厅价格偏高。
2025-02-03,5,positive,适合拍照打卡，随手一拍都是大片。
2025-02-03,1,negative,冰雕有些已经开始融化，维护不及时。
2025-02-03,5,positive,主办方今年安排得很用心，动线合理不绕路。
2025-02-03,5,positive,极地馆的企鹅太可爱了，拍了好多照片。
2025-02-03,5,positive,冰上龙舟很有创意，适合全家一起玩。
2025-02-03,4,positive,适合拍照打卡，随手一拍都是大片。
2025-02-03,3,neutral,票价有点贵，不过冰雕确实不错。
2025-02-03,5,positive,夜场的冰灯特别漂亮，像童话世界一样。
2025-02-03,5,positive,冰雪大世界的灯光秀太震撼了，音乐配合得绝佳！
2025-02-03,4,positive,今年冰雕规模比去年更大了，很壮观。
2025-02-03,2,negative,地上太滑了，差点摔倒好几次。
2025-02-03,3,neutral,人太多了，建议工作日去。
2025-02-03,3,neutral,票价有点贵，不过冰雕确实不错。
2025-02-03,3,neutral,园区很大，走得腿都酸了，建议多设休息点。
2025-02-03,5,positive,冰上龙舟很有创意，适合全家一起玩。
2025-02-03,4,positive,服务态度很好，园区管理有序。
2025-02-03,3,neutral,总体还行，就是排队太久了。
2025-02-03,3,neutral,园区很大，走得腿都酸了，建议多设休息点。
2025-02-03,5,positive,虽然人多但是氛围感很棒，冰雪的快乐。
2025-02-03,5,positive,主办方今年安排得很用心，动线合理不绕路。
2025-02-03,3,neutral,停车场离入口有点远，走了好久。
2025-02-03,5,positive,今年冰雕规模比去年更大了，很壮观。
2025-02-03,3,neutral,冰雕很美，但是餐厅价格偏高。
2025-02-03,5,positive,极地馆的企鹅太可爱了，拍了好多照片。
2025-02-03,5,positive,夜场的冰灯特别漂亮，像童话世界一样。
2025-02-03,1,negative,太冷了，园区取暖设施不够。
2025-02-03,3,neutral,冰雕很美，但是餐厅价格偏高。
2025-02-03,5,positive,今年冰雕规模比去年更大了，很壮观。
2025-02-03,4,positive,适合拍照打卡，随手一拍都是大片。
2025-02-03,3,neutral,白天看一般，晚上亮灯后效果才好。
2025-02-03,5,positive,今年冰雕规模比去年更大了，很壮观。
2025-02-03,3,neutral,园区很大，走得腿都酸了，建议多设休息点。
2025-02-03,4,positive,夜场的冰灯特别漂亮，像童话世界一样。
2025-02-03,3,neutral,白天看一般，晚上亮灯后效果才好。
2025-02-03,3,neutral,园区很大，走得腿都酸了，建议多设休息点。
2025-02-03,5,positive,夜场的冰灯特别漂亮，像童话世界一样。
2025-02-03,5,positive,主办方今年安排得很用心，动线合理不绕路。
2025-02-03,4,positive,服务态度很好，园区管理有序。
2025-02-03,4,positive,服务态度很好，园区管理有序。
2025-02-04,1,negative,工作人员态度不好，问路都不理。
2025-02-04,4,positive,冰滑梯排队虽久但值得，尖叫声不断。
2025-02-04,3,neutral,停车场离入口有点远，走了好久。
2025-02-04,2,negative,卫生间太少了，排队比看冰雕还久。
2025-02-04,1,negative,地上太滑了，差点摔倒好几次。
2025-02-04,5,positive,太美了！冰雕非常震撼，下次还来。
2025-02-04,5,positive,冰上龙舟很有创意，适合全家一起玩。
2025-02-04,4,positive,夜场的冰灯特别漂亮，像童话世界一样。
2025-02-04,2,negative,排队排了2个小时，体验很差。
2025-02-04,3,neutral,票价有点贵，不过冰雕确实不错。
2025-02-04,1,negative,太冷了，园区取暖设施不够。
2025-02-04,5,positive,今年冰雕规模比去年更大了，很壮观。
2025-02-04,1,negative,地上太滑了，差点摔倒好几次。
2025-02-04,5,positive,服务态度很好，园区管理有序。
2025-02-04,2,negative,餐饮又贵又难吃，建议自带食物。
2025-02-04,2,negative,工作人员态度不好，问路都不理。
2025-02-04,4,positive,太美了！冰雕非常震撼，下次还来。
2025-02-04,5,positive,服务态度很好，园区管理有序。
2025-02-04,5,positive,主办方今年安排得很用心，动线合理不绕路。
2025-02-04,3,neutral,总体还行，就是排队太久了。
2025-02-04,1,negative,餐饮又贵又难吃，建议自带食物。
2025-02-04,2,negative,停车费贵得离谱，而且不好找车位。
2025-02-04,5,positive,太美了！冰雕非常震撼，下次还来。
2025-02-04,1,negative,卫生间太少了，排队比看冰雕还久。
2025-02-04,3,neutral,冰雕很美，但是餐厅价格偏高。
2025-02-04,1,negative,工作人员态度不好，问路都不理。
2025-02-04,2,negative,工作人员态度不好，问路都不理。
2025-02-04,3,neutral,冰雕很美，但是餐厅价格偏高。
2025-02-04,2,negative,地上太滑了，差点摔倒好几次。
2025-02-04,4,positive,冰滑梯排队虽久但值得，尖叫声不断。
2025-02-04,4,positive,今年冰雕规模比去年更大了，很壮观。
2025-02-04,1,negative,排队排了2个小时，体验很差。
2025-02-04,3,neutral,冰雕很美，但是餐厅价格偏高。
2025-02-04,4,positive,冰滑梯排队虽久但值得，尖叫声不断。
2025-02-04,1,negative,卫生间太少了，排队比看冰雕还久。
2025-02-04,5,positive,冰酒吧体验独特，零下30度喝热饮很特别。
2025-02-04,2,negative,餐饮又贵又难吃，建议自带食物。
2025-02-04,5,positive,适合拍照打卡，随手一拍都是大片。
2025-02-04,3,neutral,白天看一般，晚上亮灯后效果才好。
2025-02-04,4,positive,冰上龙舟很有创意，适合全家一起玩。
2025-02-04,5,positive,冰雪大世界的灯光秀太震撼了，音乐配合得绝佳！
2025-02-04,3,neutral,园区很大，走得腿都酸了，建议多设休息点。
2025-02-04,4,positive,冰滑梯排队虽久但值得，尖叫声不断。
2025-02-04,4,positive,极地馆的企鹅太可爱了，拍了好多照片。
2025-02-04,4,positive,冰酒吧体验独特，零下30度喝热饮很特别。
2025-02-04,1,negative,停车费贵得离谱，而且不好找车位。
2025-02-04,4,positive,冰雪大世界的灯光秀太震撼了，音乐配合得绝佳！
2025-02-04,1,negative,冰雕有些已经开始融化，维护不及时。
2025-02-04,4,positive,适合拍照打卡，随手一拍都是大片。
2025-02-04,5,positive,今年冰雕规模比去年更大了，很壮观。
2025-02-04,5,positive,冰滑梯排队虽久但值得，尖叫声不断。
2025-02-04,2,negative,工作人员态度不好，问路都不理。
2025-02-04,4,positive,主办方今年安排得很用心，动线合理不绕路。
2025-02-04,5,positive,虽然冷但值得，哈尔滨的冬天名不虚传。
2025-02-04,5,positive,冰滑梯排队虽久但值得，尖叫声不断。
2025-02-04,4,positive,大滑梯超刺激，排队时间也在可接受范围内。
2025-02-04,2,negative,太冷了，园区取暖设施不够。
2025-02-04,1,negative,排队排了2个小时，体验很差。
2025-02-04,4,positive,极地馆的企鹅太可爱了，拍了好多照片。
2025-02-04,3,neutral,中规中矩的一次体验，和预期差不多。
2025-02-04,1,negative,工作人员态度不好，问路都不理。
2025-02-04,5,positive,适合拍照打卡，随手一拍都是大片。
2025-02-04,2,negative,餐饮又贵又难吃，建议自带食物。
2025-02-04,3,neutral,冰雕很美，但是餐厅价格偏高。
2025-02-04,3,neutral,园区很大，走得腿都酸了，建议多设休息点。
2025-02-04,5,positive,带孩子来的，小朋友玩得很开心，推荐！
2025-02-04,4,positive,极地馆的企鹅太可爱了，拍了好多照片。
2025-02-04,3,neutral,冰雕很美，但是餐厅价格偏高。
2025-02-04,3,neutral,中规中矩的一次体验，和预期差不多。
2025-02-04,4,positive,主办方今年安排得很用心，动线合理不绕路。
2025-02-04,5,positive,冰雪大世界的灯光秀太震撼了，音乐配合得绝佳！
2025-02-04,5,positive,夜场的冰灯特别漂亮，像童话世界一样。
2025-02-04,2,negative,排队排了2个小时，体验很差。
2025-02-04,4,positive,太美了！冰雕非常震撼，下次还来。
2025-02-04,5,positive,冰滑梯排队虽久但值得，尖叫声不断。
2025-02-04,3,neutral,冰雕很美，但是餐厅价格偏高。
2025-02-04,1,negative,人挤人，根本没心情看冰雕。
2025-02-04,3,neutral,冰雕很美，但是餐厅价格偏高。
2025-02-04,3,neutral,白天看一般，晚上亮灯后效果才好。
2025-02-04,1,negative,卫生间太少了，排队比看冰雕还久。
2025-02-04,5,positive,带孩子来的，小朋友玩得很开心，推荐！
2025-02-04,1,negative,排队排了2个小时，体验很差。
2025-02-04,1,negative,地上太滑了，差点摔倒好几次。
2025-02-04,3,neutral,冰雕很美，但是餐厅价格偏高。
2025-02-04,3,neutral,中规中矩的一次体验，和预期差不多。
2025-02-04,3,neutral,票价有点贵，不过冰雕确实不错。
2025-02-04,1,negative,排队排了2个小时，体验很差。
2025-02-04,5,positive,主办方今年安排得很用心，动线合理不绕路。
2025-02-04,5,positive,冰雪大世界的灯光秀太震撼了，音乐配合得绝佳！
2025-02-04,5,positive,带孩子来的，小朋友玩得很开心，推荐！
2025-02-04,3,neutral,停车场离入口有点远，走了好久。
2025-02-04,1,negative,门票太贵了，性价比低。
2025-02-04,3,neutral,总体还行，就是排队太久了。
2025-02-04,3,neutral,停车场离入口有点远，走了好久。
2025-02-04,5,positive,今年冰雕规模比去年更大了，很壮观。
2025-02-04,4,positive,虽然冷但值得，哈尔滨的冬天名不虚传。
2025-02-04,2,negative,停车费贵得离谱，而且不好找车位。
2025-02-04,2,negative,停车费贵得离谱，而且不好找车位。
2025-02-04,5,positive,适合拍照打卡，随手一拍都是大片。
2025-02-04,4,positive,冰滑梯排队虽久但值得，尖叫声不断。
2025-02-04,3,neutral,园区很大，走得腿都酸了，建议多设休息点。
2025-02-04,5,positive,今年冰雕规模比去年更大了，很壮观。
2025-02-04,2,negative,门票太贵了，性价比低。
2025-02-04,5,positive,大滑梯超刺激，排队时间也在可接受范围内。
2025-02-04,1,negative,停车费贵得离谱，而且不好找车位。
2025-02-04,3,neutral,人太多了，建议工作日去。
2025-02-04,1,negative,工作人员态度不好，问路都不理。
2025-02-04,5,positive,极地馆的企鹅太可爱了，拍了好多照片。
2025-02-04,1,negative,人挤人，根本没心情看冰雕。
2025-02-04,3,neutral,票价有点贵，不过冰雕确实不错。
2025-02-04,1,negative,地上太滑了，差点摔倒好几次。
2025-02-04,2,negative,卫生间太少了，排队比看冰雕还久。
2025-02-04,4,positive,冰酒吧体验独特，零下30度喝热饮很特别。
2025-02-04,5,positive,虽然冷但值得，哈尔滨的冬天名不虚传。
2025-02-04,5,positive,虽然人多但是氛围感很棒，冰雪的快乐。
2025-02-04,3,neutral,中规中矩的一次体验，和预期差不多。
2025-02-04,2,negative,冰雕有些已经开始融化，维护不及时。
2025-02-04,3,neutral,票价有点贵，不过冰雕确实不错。
2025-02-04,3,neutral,人太多了，建议工作日去。
2025-02-04,5,positive,适合拍照打卡，随手一拍都是大片。
2025-02-04,4,positive,服务态度很好，园区管理有序。
2025-02-04,5,positive,虽然人多但是氛围感很棒，冰雪的快乐。
2025-02-04,1,negative,工作人员态度不好，问路都不理。
2025-02-04,1,negative,太冷了，园区取暖设施不够。
2025-02-04,5,positive,带孩子来的，小朋友玩得很开心，推荐！
2025-02-04,1,negative,排队排了2个小时，体验很差。
2025-02-04,1,negative,工作人员态度不好，问路都不理。
2025-02-04,1,negative,餐饮又贵又难吃，建议自带食物。
2025-02-05,5,positive,冰上龙舟很有创意，适合全家一起玩。
2025-02-05,5,positive,虽然冷但值得，哈尔滨的冬天名不虚传。
2025-02-05,3,neutral,停车场离入口有点远，走了好久。
2025-02-05,4,positive,带孩子来的，小朋友玩得很开心，推荐！
2025-02-05,4,positive,今年冰雕规模比去年更大了，很壮观。
2025-02-05,4,positive,冰雪大世界的灯光秀太震撼了，音乐配合得绝佳！
2025-02-05,2,negative,卫生间太少了，排队比看冰雕还久。
2025-02-05,3,neutral,白天看一般，晚上亮灯后效果才好。
2025-02-05,3,neutral,白天看一般，晚上亮灯后效果才好。
2025-02-05,2,negative,门票太贵了，性价比低。
2025-02-05,2,negative,停车费贵得离谱，而且不好找车位。
2025-02-05,1,negative,冰雕有些已经开始融化，维护不及时。
2025-02-05,4,positive,冰雪大世界的灯光秀太震撼了，音乐配合得绝佳！
2025-02-05,1,negative,工作人员态度不好，问路都不理。
2025-02-05,2,negative,冰雕有些已经开始融化，维护不及时。
2025-02-05,4,positive,适合拍照打卡，随手一拍都是大片。
2025-02-05,4,positive,冰滑梯排队虽久但值得，尖叫声不断。
2025-02-05,5,positive,冰上龙舟很有创意，适合全家一起玩。
2025-02-05,3,neutral,白天看一般，晚上亮灯后效果才好。
2025-02-05,2,negative,餐饮又贵又难吃，建议自带食物。
2025-02-05,1,negative,餐饮又贵又难吃，建议自带食物。
2025-02-05,4,positive,极地馆的企鹅太可爱了，拍了好多照片。
2025-02-05,3,neutral,人太多了，建议工作日去。
2025-02-05,4,positive,冰上龙舟很有创意，适合全家一起玩。
2025-02-05,4,positive,适合拍照打卡，随手一拍都是大片。
2025-02-05,4,positive,冰上龙舟很有创意，适合全家一起玩。
2025-02-05,3,neutral,人太多了，建议工作日去。
2025-02-05,1,negative,卫生间太少了，排队比看冰雕还久。
2025-02-05,3,neutral,票价有点贵，不过冰雕确实不错。
2025-02-05,1,negative,人挤人，根本没心情看冰雕。
2025-02-05,1,negative,冰雕有些已经开始融化，维护不及时。
2025-02-05,2,negative,冰雕有些已经开始融化，维护不及时。
2025-02-05,5,positive,太美了！冰雕非常震撼，下次还来。
2025-02-05,1,negative,餐饮又贵又难吃，建议自带食物。
2025-02-05,3,neutral,中规中矩的一次体验，和预期差不多。
2025-02-05,5,positive,冰滑梯排队虽久但值得，尖叫声不断。
2025-02-05,4,positive,带孩子来的，小朋友玩得很开心，推荐！
2025-02-05,4,positive,冰酒吧体验独特，零下30度喝热饮很特别。
2025-02-05,3,neutral,白天看一般，晚上亮灯后效果才好。
2025-02-05,2,negative,太冷了，园区取暖设施不够。
2025-02-05,5,positive,带孩子来的，小朋友玩得很开心，推荐！
2025-02-05,3,neutral,中规中矩的一次体验，和预期差不多。
2025-02-05,3,neutral,冰雕很美，但是餐厅价格偏高。
2025-02-05,3,neutral,总体还行，就是排队太久了。
2025-02-05,2,negative,卫生间太少了，排队比看冰雕还久。
2025-02-05,4,positive,夜场的冰灯特别漂亮，像童话世界一样。
2025-02-05,3,neutral,票价有点贵，不过冰雕确实不错。
2025-02-05,3,neutral,中规中矩的一次体验，和预期差不多。
2025-02-05,3,neutral,冰雕很美，但是餐厅价格偏高。
2025-02-05,3,neutral,中规中矩的一次体验，和预期差不多。
2025-02-05,4,positive,大滑梯超刺激，排队时间也在可接受范围内。
2025-02-05,3,neutral,冰雕很美，但是餐厅价格偏高。
2025-02-05,1,negative,冰雕有些已经开始融化，维护不及时。
2025-02-05,5,positive,太美了！冰雕非常震撼，下次还来。
2025-02-05,3,neutral,人太多了，建议工作日去。
2025-02-05,1,negative,餐饮又贵又难吃，建议自带食物。
2025-02-05,4,positive,主办方今年安排得很用心，动线合理不绕路。
2025-02-05,3,neutral,白天看一般，晚上亮灯后效果才好。
2025-02-05,3,neutral,总体还行，就是排队太久了。
2025-02-05,1,negative,门票太贵了，性价比低。
2025-02-05,4,positive,冰滑梯排队虽久但值得，尖叫声不断。
2025-02-05,4,positive,大滑梯超刺激，排队时间也在可接受范围内。
2025-02-05,4,positive,虽然冷但值得，哈尔滨的冬天名不虚传。
2025-02-05,4,positive,夜场的冰灯特别漂亮，像童话世界一样。
2025-02-05,3,neutral,停车场离入口有点远，走了好久。
2025-02-05,5,positive,太美了！冰雕非常震撼，下次还来。
2025-02-05,5,positive,带孩子来的，小朋友玩得很开心，推荐！
2025-02-05,1,negative,卫生间太少了，排队比看冰雕还久。
2025-02-05,1,negative,地上太滑了，差点摔倒好几次。
2025-02-05,5,positive,带孩子来的，小朋友玩得很开心，推荐！
2025-02-05,2,negative,排队排了2个小时，体验很差。
2025-02-05,2,negative,工作人员态度不好，问路都不理。
2025-02-05,1,negative,冰雕有些已经开始融化，维护不及时。
2025-02-05,3,neutral,冰雕很美，但是餐厅价格偏高。
2025-02-05,5,positive,冰酒吧体验独特，零下30度喝热饮很特别。
2025-02-05,4,positive,冰上龙舟很有创意，适合全家一起玩。
2025-02-05,4,positive,冰滑梯排队虽久但值得，尖叫声不断。
2025-02-05,2,negative,地上太滑了，差点摔倒好几次。
2025-02-05,4,positive,主办方今年安排得很用心，动线合理不绕路。
2025-02-05,4,positive,服务态度很好，园区管理有序。
2025-02-05,5,positive,冰上龙舟很有创意，适合全家一起玩。
2025-02-05,3,neutral,人太多了，建议工作日去。
2025-02-05,3,neutral,人太多了，建议工作日去。
2025-02-05,2,negative,卫生间太少了，排队比看冰雕还久。
2025-02-05,1,negative,冰雕有些已经开始融化，维护不及时。
2025-02-05,4,positive,主办方今年安排得很用心，动线合理不绕路。
2025-02-05,3,neutral,停车场离入口有点远，走了好久。
2025-02-05,3,neutral,停车场离入口有点远，走了好久。
2025-02-05,5,positive,夜场的冰灯特别漂亮，像童话世界一样。
2025-02-05,3,neutral,中规中矩的一次体验，和预期差不多。
2025-02-05,1,negative,太冷了，园区取暖设施不够。
2025-02-05,3,neutral,白天看一般，晚上亮灯后效果才好。
2025-02-05,3,neutral,白天看一般，晚上亮灯后效果才好。
2025-02-05,4,positive,虽然冷但值得，哈尔滨的冬天名不虚传。
2025-02-05,3,neutral,白天看一般，晚上亮灯后效果才好。
2025-02-05,1,negative,地上太滑了，差点摔倒好几次。
2025-02-05,2,negative,卫生间太少了，排队比看冰雕还久。
2025-02-05,3,neutral,总体还行，就是排队太久了。
2025-02-05,5,positive,冰雪大世界的灯光秀太震撼了，音乐配合得绝佳！
2025-02-05,1,negative,冰雕有些已经开始融化，维护不及时。
2025-02-05,4,positive,适合拍照打卡，随手一拍都是大片。
2025-02-05,4,positive,大滑梯超刺激，排队时间也在可接受范围内。
2025-02-05,5,positive,冰雪大世界的灯光秀太震撼了，音乐配合得绝佳！
2025-02-05,2,negative,太冷了，园区取暖设施不够。
2025-02-05,3,neutral,人太多了，建议工作日去。
2025-02-05,5,positive,适合拍照打卡，随手一拍都是大片。
2025-02-05,5,positive,太美了！冰雕非常震撼，下次还来。
2025-02-05,1,negative,停车费贵得离谱，而且不好找车位。
2025-02-05,5,positive,冰雪大世界的灯光秀太震撼了，音乐配合得绝佳！
2025-02-05,3,neutral,冰雕很美，但是餐厅价格偏高。
2025-02-05,2,negative,卫生间太少了，排队比看冰雕还久。
2025-02-05,5,positive,冰雪大世界的灯光秀太震撼了，音乐配合得绝佳！
2025-02-05,3,neutral,票价有点贵，不过冰雕确实不错。
2025-02-05,2,negative,卫生间太少了，排队比看冰雕还久。
2025-02-05,1,negative,太冷了，园区取暖设施不够。
2025-02-05,3,neutral,园区很大，走得腿都酸了，建议多设休息点。
2025-02-05,3,neutral,总体还行，就是排队太久了。
2025-02-05,2,negative,停车费贵得离谱，而且不好找车位。
2025-02-05,3,neutral,园区很大，走得腿都酸了，建议多设休息点。
2025-02-05,1,negative,冰雕有些已经开始融化，维护不及时。
2025-02-05,3,neutral,总体还行，就是排队太久了。
2025-02-05,3,neutral,票价有点贵，不过冰雕确实不错。
2025-02-05,5,positive,冰雪大世界的灯光秀太震撼了，音乐配合得绝佳！
2025-02-05,4,positive,冰滑梯排队虽久但值得，尖叫声不断。
2025-02-05,2,negative,卫生间太少了，排队比看冰雕还久。
2025-02-05,1,negative,餐饮又贵又难吃，建议自带食物。
2025-02-05,4,positive,太美了！冰雕非常震撼，下次还来。
2025-02-05,3,neutral,冰雕很美，但是餐厅价格偏高。
2025-02-05,5,positive,主办方今年安排得很用心，动线合理不绕路。
2025-02-05,2,negative,人挤人，根本没心情看冰雕。
2025-02-05,2,negative,人挤人，根本没心情看冰雕。
2025-02-05,3,neutral,停车场离入口有点远，走了好久。
2025-02-05,1,negative,太冷了，园区取暖设施不够。
2025-02-05,1,negative,卫生间太少了，排队比看冰雕还久。
2025-02-05,1,negative,停车费贵得离谱，而且不好找车位。
2025-02-05,5,positive,今年冰雕规模比去年更大了，很壮观。
2025-02-05,3,neutral,白天看一般，晚上亮灯后效果才好。
2025-02-05,2,negative,停车费贵得离谱，而且不好找车位。
2025-02-05,5,positive,太美了！冰雕非常震撼，下次还来。
2025-02-05,3,neutral,停车场离入口有点远，走了好久。
2025-02-05,5,positive,虽然人多但是氛围感很棒，冰雪的快乐。
2025-02-05,3,neutral,总体还行，就是排队太久了。
2025-02-05,5,positive,今年冰雕规模比去年更大了，很壮观。
2025-02-05,4,positive,服务态度很好，园区管理有序。
2025-02-05,1,negative,餐饮又贵又难吃，建议自带食物。
2025-02-05,2,negative,工作人员态度不好，问路都不理。
2025-02-05,4,positive,太美了！冰雕非常震撼，下次还来。
2025-02-05,5,positive,虽然人多但是氛围感很棒，冰雪的快乐。
2025-02-05,1,negative,卫生间太少了，排队比看冰雕还久。
2025-02-05,2,negative,地上太滑了，差点摔倒好几次。
2025-02-05,5,positive,服务态度很好，园区管理有序。
2025-02-05,1,negative,门票太贵了，性价比低。
2025-02-05,3,neutral,票价有点贵，不过冰雕确实不错。
2025-02-05,4,positive,带孩子来的，小朋友玩得很开心，推荐！
2025-02-05,1,negative,太冷了，园区取暖设施不够。
2025-02-05,2,negative,卫生间太少了，排队比看冰雕还久。
2025-02-05,3,neutral,人太多了，建议工作日去。
2025-02-05,3,neutral,冰雕很美，但是餐厅价格偏高。
2025-02-05,1,negative,餐饮又贵又难吃，建议自带食物。
2025-02-05,3,neutral,人太多了，建议工作日去。
2025-02-05,2,negative,门票太贵了，性价比低。
2025-02-05,4,positive,主办方今年安排得很用心，动线合理不绕路。
2025-02-05,4,positive,带孩子来的，小朋友玩得很开心，推荐！
2025-02-05,2,negative,餐饮又贵又难吃，建议自带食物。
2025-02-05,4,positive,大滑梯超刺激，排队时间也在可接受范围内。
2025-02-05,1,negative,工作人员态度不好，问路都不理。
2025-02-05,5,positive,冰雪大世界的灯光秀太震撼了，音乐配合得绝佳！
2025-02-05,2,negative,餐饮又贵又难吃，建议自带食物。
2025-02-06,3,neutral,总体还行，就是排队太久了。
2025-02-06,3,neutral,中规中矩的一次体验，和预期差不多。
2025-02-06,3,neutral,人太多了，建议工作日去。
2025-02-06,3,neutral,总体还行，就是排队太久了。
2025-02-06,3,neutral,总体还行，就是排队太久了。
2025-02-06,4,positive,大滑梯超刺激，排队时间也在可接受范围内。
2025-02-06,5,positive,服务态度很好，园区管理有序。
2025-02-06,4,positive,带孩子来的，小朋友玩得很开心，推荐！
2025-02-06,3,neutral,中规中矩的一次体验，和预期差不多。
2025-02-06,4,positive,夜场的冰灯特别漂亮，像童话世界一样。
2025-02-06,4,positive,服务态度很好，园区管理有序。
2025-02-06,2,negative,地上太滑了，差点摔倒好几次。
2025-02-06,3,neutral,冰雕很美，但是餐厅价格偏高。
2025-02-06,3,neutral,白天看一般，晚上亮灯后效果才好。
2025-02-06,4,positive,虽然人多但是氛围感很棒，冰雪的快乐。
2025-02-06,5,positive,冰滑梯排队虽久但值得，尖叫声不断。
2025-02-06,3,neutral,票价有点贵，不过冰雕确实不错。
2025-02-06,2,negative,排队排了2个小时，体验很差。
2025-02-06,5,positive,虽然冷但值得，哈尔滨的冬天名不虚传。
2025-02-06,2,negative,人挤人，根本没心情看冰雕。
2025-02-06,3,neutral,园区很大，走得腿都酸了，建议多设休息点。
2025-02-06,3,neutral,停车场离入口有点远，走了好久。
2025-02-06,5,positive,极地馆的企鹅太可爱了，拍了好多照片。
2025-02-06,4,positive,主办方今年安排得很用心，动线合理不绕路。
2025-02-06,5,positive,极地馆的企鹅太可爱了，拍了好多照片。
2025-02-06,5,positive,服务态度很好，园区管理有序。
2025-02-06,3,neutral,票价有点贵，不过冰雕确实不错。
2025-02-06,3,neutral,冰雕很美，但是餐厅价格偏高。
2025-02-06,1,negative,排队排了2个小时，体验很差。
2025-02-06,2,negative,地上太滑了，差点摔倒好几次。
2025-02-06,5,positive,冰上龙舟很有创意，适合全家一起玩。
2025-02-06,3,neutral,白天看一般，晚上亮灯后效果才好。
2025-02-06,5,positive,带孩子来的，小朋友玩得很开心，推荐！
2025-02-06,3,neutral,停车场离入口有点远，走了好久。
2025-02-06,1,negative,排队排了2个小时，体验很差。
2025-02-06,5,positive,服务态度很好，园区管理有序。
2025-02-06,2,negative,人挤人，根本没心情看冰雕。
2025-02-06,5,positive,冰滑梯排队虽久但值得，尖叫声不断。
2025-02-06,3,neutral,总体还行，就是排队太久了。
2025-02-06,3,neutral,冰雕很美，但是餐厅价格偏高。
2025-02-06,4,positive,极地馆的企鹅太可爱了，拍了好多照片。
2025-02-06,3,neutral,票价有点贵，不过冰雕确实不错。
2025-02-06,1,negative,人挤人，根本没心情看冰雕。
2025-02-06,5,positive,主办方今年安排得很用心，动线合理不绕路。
2025-02-06,5,positive,极地馆的企鹅太可爱了，拍了好多照片。
2025-02-06,5,positive,冰雪大世界的灯光秀太震撼了，音乐配合得绝佳！
2025-02-06,3,neutral,人太多了，建议工作日去。
2025-02-06,1,negative,门票太贵了，性价比低。
2025-02-06,4,positive,冰酒吧体验独特，零下30度喝热饮很特别。
2025-02-06,1,negative,工作人员态度不好，问路都不理。
2025-02-06,5,positive,冰上龙舟很有创意，适合全家一起玩。
2025-02-06,4,positive,带孩子来的，小朋友玩得很开心，推荐！
2025-02-06,5,positive,虽然人多但是氛围感很棒，冰雪的快乐。
2025-02-06,5,positive,冰雪大世界的灯光秀太震撼了，音乐配合得绝佳！
2025-02-06,1,negative,卫生间太少了，排队比看冰雕还久。
2025-02-06,2,negative,人挤人，根本没心情看冰雕。
2025-02-06,2,negative,餐饮又贵又难吃，建议自带食物。
2025-02-06,5,positive,今年冰雕规模比去年更大了，很壮观。
2025-02-06,5,positive,极地馆的企鹅太可爱了，拍了好多照片。
2025-02-06,4,positive,夜场的冰灯特别漂亮，像童话世界一样。
2025-02-06,5,positive,主办方今年安排得很用心，动线合理不绕路。
2025-02-06,4,positive,虽然冷但值得，哈尔滨的冬天名不虚传。
2025-02-06,1,negative,卫生间太少了，排队比看冰雕还久。
2025-02-06,1,negative,工作人员态度不好，问路都不理。
2025-02-06,2,negative,卫生间太少了，排队比看冰雕还久。
2025-02-06,3,neutral,停车场离入口有点远，走了好久。
2025-02-06,2,negative,排队排了2个小时，体验很差。
2025-02-06,2,negative,排队排了2个小时，体验很差。
2025-02-06,3,neutral,停车场离入口有点远，走了好久。
2025-02-06,2,negative,停车费贵得离谱，而且不好找车位。
2025-02-06,4,positive,大滑梯超刺激，排队时间也在可接受范围内。
2025-02-06,5,positive,冰雪大世界的灯光秀太震撼了，音乐配合得绝佳！
2025-02-06,3,neutral,人太多了，建议工作日去。
2025-02-06,3,neutral,总体还行，就是排队太久了。
2025-02-06,4,positive,太美了！冰雕非常震撼，下次还来。
2025-02-06,4,positive,冰滑梯排队虽久但值得，尖叫声不断。
2025-02-06,4,positive,冰滑梯排队虽久但值得，尖叫声不断。
2025-02-06,4,positive,冰上龙舟很有创意，适合全家一起玩。
2025-02-06,4,positive,大滑梯超刺激，排队时间也在可接受范围内。
2025-02-06,4,positive,冰酒吧体验独特，零下30度喝热饮很特别。
2025-02-06,2,negative,门票太贵了，性价比低。
2025-02-06,2,negative,工作人员态度不好，问路都不理。
2025-02-06,4,positive,今年冰雕规模比去年更大了，很壮观。
2025-02-06,3,neutral,园区很大，走得腿都酸了，建议多设休息点。
2025-02-06,5,positive,冰酒吧体验独特，零下30度喝热饮很特别。
2025-02-06,2,negative,卫生间太少了，排队比看冰雕还久。
2025-02-06,4,positive,大滑梯超刺激，排队时间也在可接受范围内。
2025-02-06,4,positive,太美了！冰雕非常震撼，下次还来。
2025-02-06,5,positive,夜场的冰灯特别漂亮，像童话世界一样。
2025-02-06,3,neutral,票价有点贵，不过冰雕确实不错。
2025-02-06,5,positive,大滑梯超刺激，排队时间也在可接受范围内。
2025-02-06,5,positive,带孩子来的，小朋友玩得很开心，推荐！
2025-02-06,4,positive,服务态度很好，园区管理有序。
2025-02-06,1,negative,太冷了，园区取暖设施不够。
2025-02-06,3,neutral,人太多了，建议工作日去。
2025-02-06,5,positive,适合拍照打卡，随手一拍都是大片。
2025-02-06,4,positive,极地馆的企鹅太可爱了，拍了好多照片。
2025-02-06,3,neutral,冰雕很美，但是餐厅价格偏高。
2025-02-06,1,negative,工作人员态度不好，问路都不理。
2025-02-06,4,positive,虽然冷但值得，哈尔滨的冬天名不虚传。
2025-02-06,5,positive,冰酒吧体验独特，零下30度喝热饮很特别。
2025-02-06,3,neutral,中规中矩的一次体验，和预期差不多。
2025-02-06,2,negative,地上太滑了，差点摔倒好几次。
2025-02-06,4,positive,冰雪大世界的灯光秀太震撼了，音乐配合得绝佳！
2025-02-06,2,negative,门票太贵了，性价比低。
2025-02-07,1,negative,冰雕有些已经开始融化，维护不及时。
2025-02-07,5,positive,大滑梯超刺激，排队时间也在可接受范围内。
2025-02-07,5,positive,虽然冷但值得，哈尔滨的冬天名不虚传。
2025-02-07,3,neutral,中规中矩的一次体验，和预期差不多。
2025-02-07,3,neutral,中规中矩的一次体验，和预期差不多。
2025-02-07,5,positive,虽然冷但值得，哈尔滨的冬天名不虚传。
2025-02-07,5,positive,冰上龙舟很有创意，适合全家一起玩。
2025-02-07,5,positive,冰酒吧体验独特，零下30度喝热饮很特别。
2025-02-07,3,neutral,中规中矩的一次体验，和预期差不多。
2025-02-07,2,negative,排队排了2个小时，体验很差。
2025-02-07,3,neutral,人太多了，建议工作日去。
2025-02-07,2,negative,排队排了2个小时，体验很差。
2025-02-07,5,positive,冰酒吧体验独特，零下30度喝热饮很特别。
2025-02-07,4,positive,冰上龙舟很有创意，适合全家一起玩。
2025-02-07,1,negative,排队排了2个小时，体验很差。
2025-02-07,2,negative,排队排了2个小时，体验很差。
2025-02-07,2,negative,餐饮又贵又难吃，建议自带食物。
2025-02-07,4,positive,服务态度很好，园区管理有序。
2025-02-07,5,positive,极地馆的企鹅太可爱了，拍了好多照片。
2025-02-07,2,negative,冰雕有些已经开始融化，维护不及时。
2025-02-07,2,negative,工作人员态度不好，问路都不理。
2025-02-07,4,positive,极地馆的企鹅太可爱了，拍了好多照片。
2025-02-07,4,positive,带孩子来的，小朋友玩得很开心，推荐！
2025-02-07,4,positive,主办方今年安排得很用心，动线合理不绕路。
2025-02-07,5,positive,冰滑梯排队虽久但值得，尖叫声不断。
2025-02-07,3,neutral,票价有点贵，不过冰雕确实不错。
2025-02-07,3,neutral,总体还行，就是排队太久了。
2025-02-07,5,positive,冰滑梯排队虽久但值得，尖叫声不断。
2025-02-07,1,negative,冰雕有些已经开始融化，维护不及时。
2025-02-07,1,negative,太冷了，园区取暖设施不够。
2025-02-07,2,negative,地上太滑了，差点摔倒好几次。
2025-02-07,4,positive,虽然人多但是氛围感很棒，冰雪的快乐。
2025-02-07,5,positive,服务态度很好，园区管理有序。
2025-02-07,5,positive,虽然人多但是氛围感很棒，冰雪的快乐。
2025-02-07,5,positive,冰酒吧体验独特，零下30度喝热饮很特别。
2025-02-07,2,negative,地上太滑了，差点摔倒好几次。
2025-02-07,5,positive,服务态度很好，园区管理有序。
2025-02-07,4,positive,夜场的冰灯特别漂亮，像童话世界一样。
2025-02-07,4,positive,虽然人多但是氛围感很棒，冰雪的快乐。
2025-02-07,3,neutral,总体还行，就是排队太久了。
2025-02-07,3,neutral,票价有点贵，不过冰雕确实不错。
2025-02-07,3,neutral,停车场离入口有点远，走了好久。
2025-02-07,5,positive,今年冰雕规模比去年更大了，很壮观。
2025-02-07,5,positive,冰滑梯排队虽久但值得，尖叫声不断。
2025-02-07,5,positive,虽然冷但值得，哈尔滨的冬天名不虚传。
2025-02-07,3,neutral,停车场离入口有点远，走了好久。
2025-02-07,4,positive,太美了！冰雕非常震撼，下次还来。
2025-02-07,2,negative,人挤人，根本没心情看冰雕。
2025-02-07,3,neutral,总体还行，就是排队太久了。
2025-02-07,3,neutral,冰雕很美，但是餐厅价格偏高。
2025-02-07,3,neutral,中规中矩的一次体验，和预期差不多。
2025-02-07,3,neutral,园区很大，走得腿都酸了，建议多设休息点。
2025-02-07,5,positive,带孩子来的，小朋友玩得很开心，推荐！
2025-02-07,4,positive,虽然人多但是氛围感很棒，冰雪的快乐。
2025-02-07,5,positive,冰酒吧体验独特，零下30度喝热饮很特别。
2025-02-07,3,neutral,冰雕很美，但是餐厅价格偏高。
2025-02-07,2,negative,人挤人，根本没心情看冰雕。
2025-02-07,4,positive,虽然冷但值得，哈尔滨的冬天名不虚传。
2025-02-07,3,neutral,停车场离入口有点远，走了好久。
2025-02-07,1,negative,地上太滑了，差点摔倒好几次。
2025-02-07,2,negative,排队排了2个小时，体验很差。
2025-02-07,5,positive,大滑梯超刺激，排队时间也在可接受范围内。
2025-02-07,3,neutral,停车场离入口有点远，走了好久。
2025-02-07,5,positive,冰滑梯排队虽久但值得，尖叫声不断。
2025-02-07,1,negative,停车费贵得离谱，而且不好找车位。
2025-02-07,5,positive,虽然冷但值得，哈尔滨的冬天名不虚传。
2025-02-07,4,positive,太美了！冰雕非常震撼，下次还来。
2025-02-07,5,positive,虽然冷但值得，哈尔滨的冬天名不虚传。
2025-02-07,2,negative,工作人员态度不好，问路都不理。
2025-02-07,3,neutral,票价有点贵，不过冰雕确实不错。
2025-02-07,2,negative,门票太贵了，性价比低。
2025-02-07,5,positive,冰酒吧体验独特，零下30度喝热饮很特别。
2025-02-07,4,positive,极地馆的企鹅太可爱了，拍了好多照片。
2025-02-07,5,positive,冰上龙舟很有创意，适合全家一起玩。
2025-02-07,3,neutral,人太多了，建议工作日去。
2025-02-07,5,positive,极地馆的企鹅太可爱了，拍了好多照片。
2025-02-07,2,negative,人挤人，根本没心情看冰雕。
2025-02-07,2,negative,停车费贵得离谱，而且不好找车位。
2025-02-07,3,neutral,人太多了，建议工作日去。
2025-02-07,3,neutral,票价有点贵，不过冰雕确实不错。
2025-02-07,3,neutral,人太多了，建议工作日去。
2025-02-07,1,negative,太冷了，园区取暖设施不够。
2025-02-07,4,positive,夜场的冰灯特别漂亮，像童话世界一样。
2025-02-07,4,positive,大滑梯超刺激，排队时间也在可接受范围内。
2025-02-07,2,negative,停车费贵得离谱，而且不好找车位。
2025-02-07,1,negative,人挤人，根本没心情看冰雕。
2025-02-07,3,neutral,冰雕很美，但是餐厅价格偏高。
2025-02-07,3,neutral,园区很大，走得腿都酸了，建议多设休息点。
2025-02-07,5,positive,虽然人多但是氛围感很棒，冰雪的快乐。
2025-02-07,5,positive,冰雪大世界的灯光秀太震撼了，音乐配合得绝佳！
2025-02-07,4,positive,太美了！冰雕非常震撼，下次还来。
2025-02-07,5,positive,适合拍照打卡，随手一拍都是大片。
2025-02-07,2,negative,卫生间太少了，排队比看冰雕还久。
2025-02-07,3,neutral,冰雕很美，但是餐厅价格偏高。
2025-02-07,3,neutral,停车场离入口有点远，走了好久。
2025-02-07,3,neutral,总体还行，就是排队太久了。
2025-02-07,4,positive,服务态度很好，园区管理有序。
2025-02-07,1,negative,排队排了2个小时，体验很差。
2025-02-07,2,negative,地上太滑了，差点摔倒好几次。
2025-02-07,3,neutral,白天看一般，晚上亮灯后效果才好。
2025-02-07,5,positive,虽然人多但是氛围感很棒，冰雪的快乐。
2025-02-07,5,positive,服务态度很好，园区管理有序。
2025-02-07,5,positive,大滑梯超刺激，排队时间也在可接受范围内。
2025-02-07,5,positive,带孩子来的，小朋友玩得很开心，推荐！
2025-02-07,1,negative,卫生间太少了，排队比看冰雕还久。
2025-02-07,4,positive,冰上龙舟很有创意，适合全家一起玩。
2025-02-08,5,positive,冰上龙舟很有创意，适合全家一起玩。
2025-02-08,4,positive,今年冰雕规模比去年更大了，很壮观。
2025-02-08,1,negative,卫生间太少了，排队比看冰雕还久。
2025-02-08,5,positive,主办方今年安排得很用心，动线合理不绕路。
2025-02-08,5,positive,太美了！冰雕非常震撼，下次还来。
2025-02-08,1,negative,人挤人，根本没心情看冰雕。
2025-02-08,5,positive,太美了！冰雕非常震撼，下次还来。
2025-02-08,3,neutral,冰雕很美，但是餐厅价格偏高。
2025-02-08,2,negative,工作人员态度不好，问路都不理。
2025-02-08,5,positive,极地馆的企鹅太可爱了，拍了好多照片。
2025-02-08,3,neutral,停车场离入口有点远，走了好久。
2025-02-08,5,positive,今年冰雕规模比去年更大了，很壮观。
2025-02-08,4,positive,太美了！冰雕非常震撼，下次还来。
2025-02-08,4,positive,服务态度很好，园区管理有序。
2025-02-08,4,positive,虽然冷但值得，哈尔滨的冬天名不虚传。
2025-02-08,5,positive,今年冰雕规模比去年更大了，很壮观。
2025-02-08,5,positive,带孩子来的，小朋友玩得很开心，推荐！
2025-02-08,5,positive,冰滑梯排队虽久但值得，尖叫声不断。
2025-02-08,3,neutral,总体还行，就是排队太久了。
2025-02-08,5,positive,适合拍照打卡，随手一拍都是大片。
2025-02-08,1,negative,人挤人，根本没心情看冰雕。
2025-02-08,5,positive,适合拍照打卡，随手一拍都是大片。
2025-02-08,5,positive,服务态度很好，园区管理有序。
2025-02-08,3,neutral,票价有点贵，不过冰雕确实不错。
2025-02-08,2,negative,人挤人，根本没心情看冰雕。
2025-02-08,3,neutral,园区很大，走得腿都酸了，建议多设休息点。
2025-02-08,1,negative,餐饮又贵又难吃，建议自带食物。
2025-02-08,1,negative,地上太滑了，差点摔倒好几次。
2025-02-08,2,negative,门票太贵了，性价比低。
2025-02-08,4,positive,带孩子来的，小朋友玩得很开心，推荐！
2025-02-08,4,positive,冰雪大世界的灯光秀太震撼了，音乐配合得绝佳！
2025-02-08,1,negative,太冷了，园区取暖设施不够。
2025-02-08,4,positive,太美了！冰雕非常震撼，下次还来。
2025-02-08,5,positive,冰上龙舟很有创意，适合全家一起玩。
2025-02-08,5,positive,服务态度很好，园区管理有序。
2025-02-08,5,positive,主办方今年安排得很用心，动线合理不绕路。
2025-02-08,4,positive,太美了！冰雕非常震撼，下次还来。
2025-02-08,4,positive,冰酒吧体验独特，零下30度喝热饮很特别。
2025-02-08,1,negative,地上太滑了，差点摔倒好几次。
2025-02-08,2,negative,门票太贵了，性价比低。
2025-02-08,2,negative,人挤人，根本没心情看冰雕。
2025-02-08,2,negative,太冷了，园区取暖设施不够。
2025-02-08,5,positive,冰上龙舟很有创意，适合全家一起玩。
2025-02-08,5,positive,虽然冷但值得，哈尔滨的冬天名不虚传。
2025-02-08,4,positive,今年冰雕规模比去年更大了，很壮观。
2025-02-08,3,neutral,总体还行，就是排队太久了。
2025-02-08,3,neutral,中规中矩的一次体验，和预期差不多。
2025-02-08,4,positive,极地馆的企鹅太可爱了，拍了好多照片。
2025-02-08,1,negative,人挤人，根本没心情看冰雕。
2025-02-08,1,negative,太冷了，园区取暖设施不够。
2025-02-08,5,positive,主办方今年安排得很用心，动线合理不绕路。
2025-02-08,3,neutral,停车场离入口有点远，走了好久。
2025-02-08,4,positive,主办方今年安排得很用心，动线合理不绕路。
2025-02-08,4,positive,带孩子来的，小朋友玩得很开心，推荐！
2025-02-08,3,neutral,停车场离入口有点远，走了好久。
2025-02-08,1,negative,停车费贵得离谱，而且不好找车位。
2025-02-08,4,positive,带孩子来的，小朋友玩得很开心，推荐！
2025-02-08,3,neutral,票价有点贵，不过冰雕确实不错。
2025-02-08,5,positive,太美了！冰雕非常震撼，下次还来。
2025-02-08,3,neutral,总体还行，就是排队太久了。
2025-02-08,2,negative,工作人员态度不好，问路都不理。
2025-02-08,3,neutral,中规中矩的一次体验，和预期差不多。
2025-02-08,4,positive,冰滑梯排队虽久但值得，尖叫声不断。
2025-02-08,4,positive,虽然人多但是氛围感很棒，冰雪的快乐。
2025-02-08,4,positive,适合拍照打卡，随手一拍都是大片。
2025-02-08,5,positive,带孩子来的，小朋友玩得很开心，推荐！
2025-02-08,4,positive,主办方今年安排得很用心，动线合理不绕路。
2025-02-08,5,positive,夜场的冰灯特别漂亮，像童话世界一样。
2025-02-08,1,negative,排队排了2个小时，体验很差。
2025-02-08,3,neutral,停车场离入口有点远，走了好久。
2025-02-08,4,positive,太美了！冰雕非常震撼，下次还来。
2025-02-08,4,positive,大滑梯超刺激，排队时间也在可接受范围内。
2025-02-08,5,positive,冰酒吧体验独特，零下30度喝热饮很特别。
2025-02-08,3,neutral,白天看一般，晚上亮灯后效果才好。
2025-02-08,1,negative,太冷了，园区取暖设施不够。
2025-02-08,3,neutral,票价有点贵，不过冰雕确实不错。
2025-02-08,1,negative,排队排了2个小时，体验很差。
2025-02-08,4,positive,极地馆的企鹅太可爱了，拍了好多照片。
2025-02-08,5,positive,太美了！冰雕非常震撼，下次还来。
2025-02-08,3,neutral,冰雕很美，但是餐厅价格偏高。
2025-02-08,5,positive,虽然人多但是氛围感很棒，冰雪的快乐。
2025-02-08,3,neutral,白天看一般，晚上亮灯后效果才好。
2025-02-08,4,positive,服务态度很好，园区管理有序。
2025-02-08,3,neutral,票价有点贵，不过冰雕确实不错。
2025-02-08,2,negative,停车费贵得离谱，而且不好找车位。
2025-02-08,3,neutral,白天看一般，晚上亮灯后效果才好。
2025-02-08,4,positive,虽然冷但值得，哈尔滨的冬天名不虚传。
2025-02-08,5,positive,虽然人多但是氛围感很棒，冰雪的快乐。
2025-02-08,1,negative,停车费贵得离谱，而且不好找车位。
2025-02-08,4,positive,主办方今年安排得很用心，动线合理不绕路。
2025-02-08,3,neutral,总体还行，就是排队太久了。
2025-02-08,5,positive,冰上龙舟很有创意，适合全家一起玩。
2025-02-08,4,positive,服务态度很好，园区管理有序。
2025-02-08,3,neutral,停车场离入口有点远，走了好久。
2025-02-08,3,neutral,白天看一般，晚上亮灯后效果才好。
2025-02-08,4,positive,冰滑梯排队虽久但值得，尖叫声不断。
2025-02-08,3,neutral,票价有点贵，不过冰雕确实不错。
2025-02-08,4,positive,今年冰雕规模比去年更大了，很壮观。
2025-02-08,4,positive,冰雪大世界的灯光秀太震撼了，音乐配合得绝佳！
2025-02-08,5,positive,冰雪大世界的灯光秀太震撼了，音乐配合得绝佳！
2025-02-08,5,positive,主办方今年安排得很用心，动线合理不绕路。
2025-02-08,4,positive,太美了！冰雕非常震撼，下次还来。
2025-02-08,5,positive,冰上龙舟很有创意，适合全家一起玩。
2025-02-08,4,positive,极地馆的企鹅太可爱了，拍了好多照片。
2025-02-08,3,neutral,中规中矩的一次体验，和预期差不多。
2025-02-08,5,positive,冰酒吧体验独特，零下30度喝热饮很特别。
2025-02-08,5,positive,虽然冷但值得，哈尔滨的冬天名不虚传。
2025-02-08,3,neutral,票价有点贵，不过冰雕确实不错。
2025-02-08,5,positive,带孩子来的，小朋友玩得很开心，推荐！
2025-02-08,5,positive,太美了！冰雕非常震撼，下次还来。
2025-02-08,1,negative,停车费贵得离谱，而且不好找车位。
2025-02-08,3,neutral,票价有点贵，不过冰雕确实不错。
2025-02-08,5,positive,冰酒吧体验独特，零下30度喝热饮很特别。
2025-02-08,1,negative,人挤人，根本没心情看冰雕。
2025-02-08,5,positive,冰滑梯排队虽久但值得，尖叫声不断。
2025-02-08,3,neutral,人太多了，建议工作日去。
2025-02-08,4,positive,冰雪大世界的灯光秀太震撼了，音乐配合得绝佳！
2025-02-08,5,positive,极地馆的企鹅太可爱了，拍了好多照片。
2025-02-08,4,positive,大滑梯超刺激，排队时间也在可接受范围内。
2025-02-08,3,neutral,中规中矩的一次体验，和预期差不多。
2025-02-08,3,neutral,白天看一般，晚上亮灯后效果才好。
2025-02-08,3,neutral,停车场离入口有点远，走了好久。
2025-02-08,4,positive,适合拍照打卡，随手一拍都是大片。
2025-02-08,4,positive,冰酒吧体验独特，零下30度喝热饮很特别。
2025-02-08,3,neutral,停车场离入口有点远，走了好久。
2025-02-08,3,neutral,人太多了，建议工作日去。
2025-02-08,3,neutral,园区很大，走得腿都酸了，建议多设休息点。
2025-02-08,4,positive,夜场的冰灯特别漂亮，像童话世界一样。
2025-02-08,5,positive,主办方今年安排得很用心，动线合理不绕路。
2025-02-08,3,neutral,总体还行，就是排队太久了。
2025-02-08,5,positive,太美了！冰雕非常震撼，下次还来。
2025-02-08,5,positive,夜场的冰灯特别漂亮，像童话世界一样。
2025-02-08,5,positive,大滑梯超刺激，排队时间也在可接受范围内。
2025-02-08,1,negative,停车费贵得离谱，而且不好找车位。
2025-02-08,4,positive,服务态度很好，园区管理有序。
2025-02-08,4,positive,极地馆的企鹅太可爱了，拍了好多照片。
2025-02-08,4,positive,冰雪大世界的灯光秀太震撼了，音乐配合得绝佳！
2025-02-08,3,neutral,中规中矩的一次体验，和预期差不多。
2025-02-08,4,positive,大滑梯超刺激，排队时间也在可接受范围内。
2025-02-08,5,positive,冰酒吧体验独特，零下30度喝热饮很特别。
2025-02-08,4,positive,冰滑梯排队虽久但值得，尖叫声不断。
2025-02-08,5,positive,极地馆的企鹅太可爱了，拍了好多照片。
2025-02-08,3,neutral,人太多了，建议工作日去。
2025-02-08,4,positive,夜场的冰灯特别漂亮，像童话世界一样。
2025-02-08,4,positive,冰上龙舟很有创意，适合全家一起玩。
2025-02-08,4,positive,大滑梯超刺激，排队时间也在可接受范围内。
2025-02-08,1,negative,停车费贵得离谱，而且不好找车位。
2025-02-08,5,positive,今年冰雕规模比去年更大了，很壮观。
2025-02-08,5,positive,大滑梯超刺激，排队时间也在可接受范围内。
2025-02-08,5,positive,今年冰雕规模比去年更大了，很壮观。
2025-02-08,3,neutral,总体还行，就是排队太久了。
2025-02-08,5,positive,极地馆的企鹅太可爱了，拍了好多照片。
2025-02-08,5,positive,冰酒吧体验独特，零下30度喝热饮很特别。
2025-02-08,5,positive,冰雪大世界的灯光秀太震撼了，音乐配合得绝佳！
2025-02-08,5,positive,冰雪大世界的灯光秀太震撼了，音乐配合得绝佳！
2025-02-08,3,neutral,人太多了，建议工作日去。
2025-02-08,5,positive,太美了！冰雕非常震撼，下次还来。
2025-02-08,5,positive,虽然冷但值得，哈尔滨的冬天名不虚传。
2025-02-08,3,neutral,总体还行，就是排队太久了。
2025-02-08,5,positive,服务态度很好，园区管理有序。
2025-02-08,5,positive,今年冰雕规模比去年更大了，很壮观。
2025-02-08,5,positive,虽然冷但值得，哈尔滨的冬天名不虚传。
2025-02-08,3,neutral,园区很大，走得腿都酸了，建议多设休息点。
2025-02-08,3,neutral,园区很大，走得腿都酸了，建议多设休息点。
2025-02-08,4,positive,主办方今年安排得很用心，动线合理不绕路。
2025-02-08,3,neutral,票价有点贵，不过冰雕确实不错。
2025-02-08,3,neutral,中规中矩的一次体验，和预期差不多。
2025-02-08,3,neutral,园区很大，走得腿都酸了，建议多设休息点。
2025-02-08,3,neutral,停车场离入口有点远，走了好久。
2025-02-08,4,positive,适合拍照打卡，随手一拍都是大片。
2025-02-08,4,positive,适合拍照打卡，随手一拍都是大片。
2025-02-08,4,positive,冰上龙舟很有创意，适合全家一起玩。
2025-02-08,3,neutral,中规中矩的一次体验，和预期差不多。
2025-02-08,4,positive,虽然人多但是氛围感很棒，冰雪的快乐。
2025-02-08,4,positive,冰酒吧体验独特，零下30度喝热饮很特别。
2025-02-08,5,positive,冰酒吧体验独特，零下30度喝热饮很特别。
2025-02-08,5,positive,今年冰雕规模比去年更大了，很壮观。
2025-02-09,3,neutral,冰雕很美，但是餐厅价格偏高。
2025-02-09,1,negative,工作人员态度不好，问路都不理。
2025-02-09,1,negative,地上太滑了，差点摔倒好几次。
2025-02-09,4,positive,夜场的冰灯特别漂亮，像童话世界一样。
2025-02-09,2,negative,太冷了，园区取暖设施不够。
2025-02-09,3,neutral,停车场离入口有点远，走了好久。
2025-02-09,4,positive,冰滑梯排队虽久但值得，尖叫声不断。
2025-02-09,5,positive,主办方今年安排得很用心，动线合理不绕路。
2025-02-09,3,neutral,总体还行，就是排队太久了。
2025-02-09,3,neutral,停车场离入口有点远，走了好久。
2025-02-09,3,neutral,园区很大，走得腿都酸了，建议多设休息点。
2025-02-09,4,positive,冰滑梯排队虽久但值得，尖叫声不断。
2025-02-09,5,positive,太美了！冰雕非常震撼，下次还来。
2025-02-09,4,positive,冰雪大世界的灯光秀太震撼了，音乐配合得绝佳！
2025-02-09,5,positive,虽然冷但值得，哈尔滨的冬天名不虚传。
2025-02-09,4,positive,适合拍照打卡，随手一拍都是大片。
2025-02-09,1,negative,人挤人，根本没心情看冰雕。
2025-02-09,4,positive,冰上龙舟很有创意，适合全家一起玩。
2025-02-09,2,negative,停车费贵得离谱，而且不好找车位。
2025-02-09,3,neutral,园区很大，走得腿都酸了，建议多设休息点。
2025-02-09,1,negative,人挤人，根本没心情看冰雕。
2025-02-09,3,neutral,停车场离入口有点远，走了好久。
2025-02-09,3,neutral,中规中矩的一次体验，和预期差不多。
2025-02-09,3,neutral,白天看一般，晚上亮灯后效果才好。
2025-02-09,3,neutral,园区很大，走得腿都酸了，建议多设休息点。
2025-02-09,4,positive,服务态度很好，园区管理有序。
2025-02-09,3,neutral,人太多了，建议工作日去。
2025-02-09,4,positive,虽然人多但是氛围感很棒，冰雪的快乐。
2025-02-09,4,positive,太美了！冰雕非常震撼，下次还来。
2025-02-09,3,neutral,中规中矩的一次体验，和预期差不多。
2025-02-09,1,negative,排队排了2个小时，体验很差。
2025-02-09,3,neutral,票价有点贵，不过冰雕确实不错。
2025-02-09,4,positive,今年冰雕规模比去年更大了，很壮观。
2025-02-09,5,positive,太美了！冰雕非常震撼，下次还来。
2025-02-09,3,neutral,票价有点贵，不过冰雕确实不错。
2025-02-09,2,negative,餐饮又贵又难吃，建议自带食物。
2025-02-09,5,positive,大滑梯超刺激，排队时间也在可接受范围内。
2025-02-09,4,positive,冰上龙舟很有创意，适合全家一起玩。
2025-02-09,5,positive,虽然冷但值得，哈尔滨的冬天名不虚传。
2025-02-09,5,positive,冰雪大世界的灯光秀太震撼了，音乐配合得绝佳！
2025-02-09,1,negative,停车费贵得离谱，而且不好找车位。
2025-02-09,2,negative,地上太滑了，差点摔倒好几次。
2025-02-09,3,neutral,总体还行，就是排队太久了。
2025-02-09,1,negative,排队排了2个小时，体验很差。
2025-02-09,2,negative,人挤人，根本没心情看冰雕。
2025-02-09,5,positive,虽然冷但值得，哈尔滨的冬天名不虚传。
2025-02-09,1,negative,门票太贵了，性价比低。
2025-02-09,2,negative,餐饮又贵又难吃，建议自带食物。
2025-02-09,2,negative,人挤人，根本没心情看冰雕。
2025-02-09,3,neutral,冰雕很美，但是餐厅价格偏高。
2025-02-09,5,positive,适合拍照打卡，随手一拍都是大片。
2025-02-09,4,positive,夜场的冰灯特别漂亮，像童话世界一样。
2025-02-09,5,positive,今年冰雕规模比去年更大了，很壮观。
2025-02-09,5,positive,虽然人多但是氛围感很棒，冰雪的快乐。
2025-02-09,4,positive,极地馆的企鹅太可爱了，拍了好多照片。
2025-02-09,4,positive,虽然冷但值得，哈尔滨的冬天名不虚传。
2025-02-09,3,neutral,人太多了，建议工作日去。
2025-02-09,2,negative,人挤人，根本没心情看冰雕。
2025-02-09,3,neutral,总体还行，就是排队太久了。
2025-02-09,2,negative,餐饮又贵又难吃，建议自带食物。
2025-02-09,1,negative,门票太贵了，性价比低。
2025-02-09,3,neutral,票价有点贵，不过冰雕确实不错。
2025-02-09,2,negative,排队排了2个小时，体验很差。
2025-02-09,5,positive,虽然人多但是氛围感很棒，冰雪的快乐。
2025-02-09,2,negative,餐饮又贵又难吃，建议自带食物。
2025-02-09,3,neutral,白天看一般，晚上亮灯后效果才好。
2025-02-09,3,neutral,票价有点贵，不过冰雕确实不错。
2025-02-09,5,positive,今年冰雕规模比去年更大了，很壮观。
2025-02-09,2,negative,人挤人，根本没心情看冰雕。
2025-02-09,4,positive,大滑梯超刺激，排队时间也在可接受范围内。
2025-02-09,3,neutral,停车场离入口有点远，走了好久。
2025-02-09,4,positive,虽然冷但值得，哈尔滨的冬天名不虚传。
2025-02-09,3,neutral,中规中矩的一次体验，和预期差不多。
2025-02-09,5,positive,主办方今年安排得很用心，动线合理不绕路。
2025-02-09,4,positive,今年冰雕规模比去年更大了，很壮观。
2025-02-09,4,positive,冰雪大世界的灯光秀太震撼了，音乐配合得绝佳！
2025-02-09,3,neutral,人太多了，建议工作日去。
2025-02-09,2,negative,卫生间太少了，排队比看冰雕还久。
2025-02-09,2,negative,停车费贵得离谱，而且不好找车位。
2025-02-09,2,negative,工作人员态度不好，问路都不理。
2025-02-09,1,negative,太冷了，园区取暖设施不够。
2025-02-09,3,neutral,票价有点贵，不过冰雕确实不错。
2025-02-09,5,positive,夜场的冰灯特别漂亮，像童话世界一样。
2025-02-09,2,negative,餐饮又贵又难吃，建议自带食物。
2025-02-09,3,neutral,园区很大，走得腿都酸了，建议多设休息点。
2025-02-09,3,neutral,园区很大，走得腿都酸了，建议多设休息点。
2025-02-09,4,positive,极地馆的企鹅太可爱了，拍了好多照片。
2025-02-09,3,neutral,白天看一般，晚上亮灯后效果才好。
2025-02-09,5,positive,适合拍照打卡，随手一拍都是大片。
2025-02-09,4,positive,今年冰雕规模比去年更大了，很壮观。
2025-02-09,4,positive,今年冰雕规模比去年更大了，很壮观。
2025-02-09,1,negative,停车费贵得离谱，而且不好找车位。
2025-02-09,4,positive,服务态度很好，园区管理有序。
2025-02-09,5,positive,冰雪大世界的灯光秀太震撼了，音乐配合得绝佳！
2025-02-09,3,neutral,园区很大，走得腿都酸了，建议多设休息点。
2025-02-09,3,neutral,总体还行，就是排队太久了。
2025-02-10,5,positive,主办方今年安排得很用心，动线合理不绕路。
2025-02-10,2,negative,停车费贵得离谱，而且不好找车位。
2025-02-10,4,positive,冰酒吧体验独特，零下30度喝热饮很特别。
2025-02-10,1,negative,人挤人，根本没心情看冰雕。
2025-02-10,5,positive,虽然人多但是氛围感很棒，冰雪的快乐。
2025-02-10,5,positive,极地馆的企鹅太可爱了，拍了好多照片。
2025-02-10,3,neutral,冰雕很美，但是餐厅价格偏高。
2025-02-10,4,positive,主办方今年安排得很用心，动线合理不绕路。
2025-02-10,4,positive,夜场的冰灯特别漂亮，像童话世界一样。
2025-02-10,4,positive,今年冰雕规模比去年更大了，很壮观。
2025-02-10,5,positive,虽然冷但值得，哈尔滨的冬天名不虚传。
2025-02-10,4,positive,太美了！冰雕非常震撼，下次还来。
2025-02-10,1,negative,门票太贵了，性价比低。
2025-02-10,5,positive,虽然人多但是氛围感很棒，冰雪的快乐。
2025-02-10,4,positive,夜场的冰灯特别漂亮，像童话世界一样。
2025-02-10,3,neutral,停车场离入口有点远，走了好久。
2025-02-10,3,neutral,园区很大，走得腿都酸了，建议多设休息点。
2025-02-10,4,positive,适合拍照打卡，随手一拍都是大片。
2025-02-10,3,neutral,票价有点贵，不过冰雕确实不错。
2025-02-10,4,positive,主办方今年安排得很用心，动线合理不绕路。
2025-02-10,5,positive,冰上龙舟很有创意，适合全家一起玩。
2025-02-10,5,positive,主办方今年安排得很用心，动线合理不绕路。
2025-02-10,4,positive,冰雪大世界的灯光秀太震撼了，音乐配合得绝佳！
2025-02-10,5,positive,冰酒吧体验独特，零下30度喝热饮很特别。
2025-02-10,4,positive,带孩子来的，小朋友玩得很开心，推荐！
2025-02-10,3,neutral,人太多了，建议工作日去。
2025-02-10,5,positive,极地馆的企鹅太可爱了，拍了好多照片。
2025-02-10,4,positive,服务态度很好，园区管理有序。
2025-02-10,3,neutral,中规中矩的一次体验，和预期差不多。
2025-02-10,5,positive,冰上龙舟很有创意，适合全家一起玩。
2025-02-10,4,positive,极地馆的企鹅太可爱了，拍了好多照片。
2025-02-10,4,positive,冰上龙舟很有创意，适合全家一起玩。
2025-02-10,4,positive,夜场的冰灯特别漂亮，像童话世界一样。
2025-02-10,4,positive,今年冰雕规模比去年更大了，很壮观。
2025-02-10,5,positive,适合拍照打卡，随手一拍都是大片。
2025-02-10,3,neutral,中规中矩的一次体验，和预期差不多。
2025-02-10,5,positive,极地馆的企鹅太可爱了，拍了好多照片。
2025-02-10,4,positive,适合拍照打卡，随手一拍都是大片。
2025-02-10,4,positive,冰上龙舟很有创意，适合全家一起玩。
2025-02-10,4,positive,适合拍照打卡，随手一拍都是大片。
2025-02-10,5,positive,冰上龙舟很有创意，适合全家一起玩。
2025-02-10,3,neutral,停车场离入口有点远，走了好久。
2025-02-10,5,positive,大滑梯超刺激，排队时间也在可接受范围内。
2025-02-10,5,positive,冰酒吧体验独特，零下30度喝热饮很特别。
2025-02-10,4,positive,服务态度很好，园区管理有序。
2025-02-10,5,positive,冰雪大世界的灯光秀太震撼了，音乐配合得绝佳！
2025-02-10,5,positive,冰滑梯排队虽久但值得，尖叫声不断。
2025-02-10,3,neutral,总体还行，就是排队太久了。
2025-02-10,5,positive,虽然冷但值得，哈尔滨的冬天名不虚传。
2025-02-10,5,positive,虽然冷但值得，哈尔滨的冬天名不虚传。
2025-02-10,5,positive,冰滑梯排队虽久但值得，尖叫声不断。
2025-02-10,5,positive,虽然冷但值得，哈尔滨的冬天名不虚传。
2025-02-10,2,negative,冰雕有些已经开始融化，维护不及时。
2025-02-10,4,positive,虽然人多但是氛围感很棒，冰雪的快乐。
2025-02-10,5,positive,虽然冷但值得，哈尔滨的冬天名不虚传。
2025-02-10,4,positive,服务态度很好，园区管理有序。
2025-02-10,5,positive,虽然冷但值得，哈尔滨的冬天名不虚传。
2025-02-10,5,positive,大滑梯超刺激，排队时间也在可接受范围内。
2025-02-10,3,neutral,白天看一般，晚上亮灯后效果才好。
2025-02-10,3,neutral,白天看一般，晚上亮灯后效果才好。
2025-02-10,5,positive,冰酒吧体验独特，零下30度喝热饮很特别。
2025-02-10,4,positive,夜场的冰灯特别漂亮，像童话世界一样。
2025-02-10,4,positive,冰滑梯排队虽久但值得，尖叫声不断。
2025-02-10,3,neutral,中规中矩的一次体验，和预期差不多。
2025-02-10,4,positive,大滑梯超刺激，排队时间也在可接受范围内。
2025-02-10,5,positive,极地馆的企鹅太可爱了，拍了好多照片。
2025-02-10,3,neutral,票价有点贵，不过冰雕确实不错。
2025-02-10,3,neutral,人太多了，建议工作日去。
2025-02-10,3,neutral,票价有点贵，不过冰雕确实不错。
2025-02-10,5,positive,大滑梯超刺激，排队时间也在可接受范围内。
2025-02-10,5,positive,冰上龙舟很有创意，适合全家一起玩。
2025-02-10,3,neutral,中规中矩的一次体验，和预期差不多。
2025-02-10,3,neutral,园区很大，走得腿都酸了，建议多设休息点。
2025-02-10,4,positive,冰酒吧体验独特，零下30度喝热饮很特别。
2025-02-10,5,positive,太美了！冰雕非常震撼，下次还来。
2025-02-10,5,positive,冰上龙舟很有创意，适合全家一起玩。
2025-02-10,5,positive,极地馆的企鹅太可爱了，拍了好多照片。
2025-02-10,5,positive,冰酒吧体验独特，零下30度喝热饮很特别。
2025-02-10,5,positive,今年冰雕规模比去年更大了，很壮观。
2025-02-10,2,negative,工作人员态度不好，问路都不理。
2025-02-10,5,positive,冰上龙舟很有创意，适合全家一起玩。
2025-02-10,3,neutral,停车场离入口有点远，走了好久。
2025-02-10,4,positive,服务态度很好，园区管理有序。
2025-02-10,3,neutral,白天看一般，晚上亮灯后效果才好。
2025-02-10,3,neutral,中规中矩的一次体验，和预期差不多。
2025-02-10,5,positive,主办方今年安排得很用心，动线合理不绕路。
2025-02-10,4,positive,冰上龙舟很有创意，适合全家一起玩。
2025-02-10,1,negative,地上太滑了，差点摔倒好几次。
2025-02-10,4,positive,大滑梯超刺激，排队时间也在可接受范围内。
2025-02-10,2,negative,工作人员态度不好，问路都不理。
2025-02-10,4,positive,太美了！冰雕非常震撼，下次还来。
2025-02-10,2,negative,餐饮又贵又难吃，建议自带食物。
2025-02-10,3,neutral,停车场离入口有点远，走了好久。
2025-02-10,3,neutral,园区很大，走得腿都酸了，建议多设休息点。
2025-02-10,5,positive,大滑梯超刺激，排队时间也在可接受范围内。
2025-02-10,4,positive,冰雪大世界的灯光秀太震撼了，音乐配合得绝佳！
2025-02-10,5,positive,带孩子来的，小朋友玩得很开心，推荐！
2025-02-10,3,neutral,中规中矩的一次体验，和预期差不多。
2025-02-10,2,negative,太冷了，园区取暖设施不够。
2025-02-10,2,negative,门票太贵了，性价比低。
2025-02-10,2,negative,卫生间太少了，排队比看冰雕还久。
2025-02-10,5,positive,极地馆的企鹅太可爱了，拍了好多照片。
2025-02-10,5,positive,极地馆的企鹅太可爱了，拍了好多照片。
2025-02-10,1,negative,太冷了，园区取暖设施不够。
2025-02-10,4,positive,主办方今年安排得很用心，动线合理不绕路。
2025-02-10,4,positive,大滑梯超刺激，排队时间也在可接受范围内。
2025-02-10,5,positive,冰滑梯排队虽久但值得，尖叫声不断。
2025-02-10,3,neutral,园区很大，走得腿都酸了，建议多设休息点。
2025-02-10,3,neutral,票价有点贵，不过冰雕确实不错。
2025-02-10,4,positive,带孩子来的，小朋友玩得很开心，推荐！
2025-02-10,4,positive,带孩子来的，小朋友玩得很开心，推荐！
2025-02-10,4,positive,今年冰雕规模比去年更大了，很壮观。
2025-02-10,3,neutral,总体还行，就是排队太久了。
2025-02-11,5,positive,极地馆的企鹅太可爱了，拍了好多照片。
2025-02-11,3,neutral,园区很大，走得腿都酸了，建议多设休息点。
2025-02-11,3,neutral,中规中矩的一次体验，和预期差不多。
2025-02-11,5,positive,虽然冷但值得，哈尔滨的冬天名不虚传。
2025-02-11,4,positive,冰雪大世界的灯光秀太震撼了，音乐配合得绝佳！
2025-02-11,1,negative,地上太滑了，差点摔倒好几次。
2025-02-11,4,positive,大滑梯超刺激，排队时间也在可接受范围内。
2025-02-11,3,neutral,冰雕很美，但是餐厅价格偏高。
2025-02-11,4,positive,适合拍照打卡，随手一拍都是大片。
2025-02-11,5,positive,虽然人多但是氛围感很棒，冰雪的快乐。
2025-02-11,5,positive,主办方今年安排得很用心，动线合理不绕路。
2025-02-11,5,positive,冰雪大世界的灯光秀太震撼了，音乐配合得绝佳！
2025-02-11,4,positive,虽然人多但是氛围感很棒，冰雪的快乐。
2025-02-11,3,neutral,冰雕很美，但是餐厅价格偏高。
2025-02-11,5,positive,虽然冷但值得，哈尔滨的冬天名不虚传。
2025-02-11,3,neutral,人太多了，建议工作日去。
2025-02-11,5,positive,虽然人多但是氛围感很棒，冰雪的快乐。
2025-02-11,4,positive,主办方今年安排得很用心，动线合理不绕路。
2025-02-11,5,positive,适合拍照打卡，随手一拍都是大片。
2025-02-11,5,positive,适合拍照打卡，随手一拍都是大片。
2025-02-11,4,positive,极地馆的企鹅太可爱了，拍了好多照片。
2025-02-11,3,neutral,冰雕很美，但是餐厅价格偏高。
2025-02-11,5,positive,太美了！冰雕非常震撼，下次还来。
2025-02-11,4,positive,主办方今年安排得很用心，动线合理不绕路。
2025-02-11,5,positive,大滑梯超刺激，排队时间也在可接受范围内。
2025-02-11,5,positive,大滑梯超刺激，排队时间也在可接受范围内。
2025-02-11,4,positive,虽然人多但是氛围感很棒，冰雪的快乐。
2025-02-11,1,negative,地上太滑了，差点摔倒好几次。
2025-02-11,4,positive,主办方今年安排得很用心，动线合理不绕路。
2025-02-11,5,positive,服务态度很好，园区管理有序。
2025-02-11,5,positive,服务态度很好，园区管理有序。
2025-02-11,3,neutral,总体还行，就是排队太久了。
2025-02-11,5,positive,冰上龙舟很有创意，适合全家一起玩。
2025-02-11,4,positive,冰雪大世界的灯光秀太震撼了，音乐配合得绝佳！
2025-02-11,5,positive,极地馆的企鹅太可爱了，拍了好多照片。
2025-02-11,5,positive,主办方今年安排得很用心，动线合理不绕路。
2025-02-11,5,positive,夜场的冰灯特别漂亮，像童话世界一样。
2025-02-11,2,negative,工作人员态度不好，问路都不理。
2025-02-11,2,negative,人挤人，根本没心情看冰雕。
2025-02-11,5,positive,虽然冷但值得，哈尔滨的冬天名不虚传。
2025-02-11,2,negative,人挤人，根本没心情看冰雕。
2025-02-11,3,neutral,停车场离入口有点远，走了好久。
2025-02-11,5,positive,虽然冷但值得，哈尔滨的冬天名不虚传。
2025-02-11,4,positive,极地馆的企鹅太可爱了，拍了好多照片。
2025-02-11,3,neutral,停车场离入口有点远，走了好久。
2025-02-11,5,positive,适合拍照打卡，随手一拍都是大片。
2025-02-11,2,negative,冰雕有些已经开始融化，维护不及时。
2025-02-11,3,neutral,中规中矩的一次体验，和预期差不多。
2025-02-11,4,positive,主办方今年安排得很用心，动线合理不绕路。
2025-02-11,5,positive,带孩子来的，小朋友玩得很开心，推荐！
2025-02-11,3,neutral,中规中矩的一次体验，和预期差不多。
2025-02-11,3,neutral,园区很大，走得腿都酸了，建议多设休息点。
2025-02-11,4,positive,服务态度很好，园区管理有序。
2025-02-11,5,positive,主办方今年安排得很用心，动线合理不绕路。
2025-02-11,3,neutral,白天看一般，晚上亮灯后效果才好。
2025-02-11,4,positive,虽然冷但值得，哈尔滨的冬天名不虚传。
2025-02-11,4,positive,冰上龙舟很有创意，适合全家一起玩。
2025-02-11,4,positive,冰上龙舟很有创意，适合全家一起玩。
2025-02-11,5,positive,虽然人多但是氛围感很棒，冰雪的快乐。
2025-02-11,5,positive,极地馆的企鹅太可爱了，拍了好多照片。
2025-02-11,4,positive,太美了！冰雕非常震撼，下次还来。
2025-02-11,4,positive,今年冰雕规模比去年更大了，很壮观。
2025-02-11,3,neutral,人太多了，建议工作日去。
2025-02-11,5,positive,冰酒吧体验独特，零下30度喝热饮很特别。
2025-02-11,5,positive,虽然人多但是氛围感很棒，冰雪的快乐。
2025-02-11,1,negative,餐饮又贵又难吃，建议自带食物。
2025-02-11,4,positive,大滑梯超刺激，排队时间也在可接受范围内。
2025-02-11,5,positive,适合拍照打卡，随手一拍都是大片。
2025-02-11,4,positive,太美了！冰雕非常震撼，下次还来。
2025-02-11,3,neutral,停车场离入口有点远，走了好久。
2025-02-11,4,positive,主办方今年安排得很用心，动线合理不绕路。
2025-02-11,1,negative,地上太滑了，差点摔倒好几次。
2025-02-11,3,neutral,中规中矩的一次体验，和预期差不多。
2025-02-11,4,positive,虽然冷但值得，哈尔滨的冬天名不虚传。
2025-02-11,3,neutral,白天看一般，晚上亮灯后效果才好。
2025-02-11,4,positive,服务态度很好，园区管理有序。
2025-02-11,4,positive,冰雪大世界的灯光秀太震撼了，音乐配合得绝佳！
2025-02-11,2,negative,工作人员态度不好，问路都不理。
2025-02-11,4,positive,主办方今年安排得很用心，动线合理不绕路。
2025-02-11,3,neutral,冰雕很美，但是餐厅价格偏高。
2025-02-11,4,positive,今年冰雕规模比去年更大了，很壮观。
2025-02-11,4,positive,冰酒吧体验独特，零下30度喝热饮很特别。
2025-02-11,4,positive,太美了！冰雕非常震撼，下次还来。
2025-02-12,5,positive,冰酒吧体验独特，零下30度喝热饮很特别。
2025-02-12,2,negative,排队排了2个小时，体验很差。
2025-02-12,1,negative,餐饮又贵又难吃，建议自带食物。
2025-02-12,2,negative,餐饮又贵又难吃，建议自带食物。
2025-02-12,5,positive,今年冰雕规模比去年更大了，很壮观。
2025-02-12,5,positive,冰酒吧体验独特，零下30度喝热饮很特别。
2025-02-12,4,positive,冰雪大世界的灯光秀太震撼了，音乐配合得绝佳！
2025-02-12,4,positive,主办方今年安排得很用心，动线合理不绕路。
2025-02-12,4,positive,冰酒吧体验独特，零下30度喝热饮很特别。
2025-02-12,3,neutral,白天看一般，晚上亮灯后效果才好。
2025-02-12,3,neutral,白天看一般，晚上亮灯后效果才好。
2025-02-12,3,neutral,园区很大，走得腿都酸了，建议多设休息点。
2025-02-12,1,negative,工作人员态度不好，问路都不理。
2025-02-12,5,positive,带孩子来的，小朋友玩得很开心，推荐！
2025-02-12,1,negative,卫生间太少了，排队比看冰雕还久。
2025-02-12,4,positive,服务态度很好，园区管理有序。
2025-02-12,3,neutral,园区很大，走得腿都酸了，建议多设休息点。
2025-02-12,1,negative,冰雕有些已经开始融化，维护不及时。
2025-02-12,1,negative,太冷了，园区取暖设施不够。
2025-02-12,3,neutral,中规中矩的一次体验，和预期差不多。
2025-02-12,3,neutral,停车场离入口有点远，走了好久。
2025-02-12,4,positive,冰雪大世界的灯光秀太震撼了，音乐配合得绝佳！
2025-02-12,4,positive,冰滑梯排队虽久但值得，尖叫声不断。
2025-02-12,4,positive,大滑梯超刺激，排队时间也在可接受范围内。
2025-02-12,5,positive,带孩子来的，小朋友玩得很开心，推荐！
2025-02-12,5,positive,夜场的冰灯特别漂亮，像童话世界一样。
2025-02-12,2,negative,太冷了，园区取暖设施不够。
2025-02-12,4,positive,冰雪大世界的灯光秀太震撼了，音乐配合得绝佳！
2025-02-12,5,positive,极地馆的企鹅太可爱了，拍了好多照片。
2025-02-12,3,neutral,人太多了，建议工作日去。
2025-02-12,2,negative,排队排了2个小时，体验很差。
2025-02-12,4,positive,虽然人多但是氛围感很棒，冰雪的快乐。
2025-02-12,4,positive,适合拍照打卡，随手一拍都是大片。
2025-02-12,4,positive,冰酒吧体验独特，零下30度喝热饮很特别。
2025-02-12,4,positive,冰上龙舟很有创意，适合全家一起玩。
2025-02-12,5,positive,太美了！冰雕非常震撼，下次还来。
2025-02-12,5,positive,夜场的冰灯特别漂亮，像童话世界一样。
2025-02-12,5,positive,虽然冷但值得，哈尔滨的冬天名不虚传。
2025-02-12,5,positive,带孩子来的，小朋友玩得很开心，推荐！
2025-02-12,2,negative,工作人员态度不好，问路都不理。
2025-02-12,3,neutral,冰雕很美，但是餐厅价格偏高。
2025-02-12,1,negative,人挤人，根本没心情看冰雕。
2025-02-12,4,positive,虽然冷但值得，哈尔滨的冬天名不虚传。
2025-02-12,3,neutral,冰雕很美，但是餐厅价格偏高。
2025-02-12,3,neutral,票价有点贵，不过冰雕确实不错。
2025-02-12,3,neutral,停车场离入口有点远，走了好久。
2025-02-12,5,positive,太美了！冰雕非常震撼，下次还来。
2025-02-12,4,positive,今年冰雕规模比去年更大了，很壮观。
2025-02-12,3,neutral,总体还行，就是排队太久了。
2025-02-12,1,negative,餐饮又贵又难吃，建议自带食物。
2025-02-12,2,negative,地上太滑了，差点摔倒好几次。
2025-02-12,3,neutral,白天看一般，晚上亮灯后效果才好。
2025-02-12,2,negative,工作人员态度不好，问路都不理。
2025-02-12,4,positive,夜场的冰灯特别漂亮，像童话世界一样。
2025-02-12,1,negative,太冷了，园区取暖设施不够。
2025-02-12,5,positive,夜场的冰灯特别漂亮，像童话世界一样。
2025-02-12,4,positive,极地馆的企鹅太可爱了，拍了好多照片。
2025-02-12,4,positive,服务态度很好，园区管理有序。
2025-02-12,3,neutral,停车场离入口有点远，走了好久。
2025-02-12,4,positive,适合拍照打卡，随手一拍都是大片。
2025-02-12,2,negative,太冷了，园区取暖设施不够。
2025-02-12,4,positive,服务态度很好，园区管理有序。
2025-02-12,3,neutral,园区很大，走得腿都酸了，建议多设休息点。
2025-02-12,3,neutral,人太多了，建议工作日去。
2025-02-12,3,neutral,园区很大，走得腿都酸了，建议多设休息点。
2025-02-12,5,positive,大滑梯超刺激，排队时间也在可接受范围内。
2025-02-12,4,positive,服务态度很好，园区管理有序。
2025-02-12,3,neutral,停车场离入口有点远，走了好久。
2025-02-12,1,negative,餐饮又贵又难吃，建议自带食物。
2025-02-12,3,neutral,冰雕很美，但是餐厅价格偏高。
2025-02-12,2,negative,停车费贵得离谱，而且不好找车位。
2025-02-12,5,positive,虽然冷但值得，哈尔滨的冬天名不虚传。
2025-02-12,3,neutral,停车场离入口有点远，走了好久。
2025-02-12,1,negative,门票太贵了，性价比低。
2025-02-12,5,positive,虽然冷但值得，哈尔滨的冬天名不虚传。
2025-02-12,2,negative,排队排了2个小时，体验很差。
2025-02-12,5,positive,夜场的冰灯特别漂亮，像童话世界一样。
2025-02-12,3,neutral,停车场离入口有点远，走了好久。
2025-02-12,4,positive,带孩子来的，小朋友玩得很开心，推荐！
2025-02-12,3,neutral,白天看一般，晚上亮灯后效果才好。
2025-02-12,3,neutral,园区很大，走得腿都酸了，建议多设休息点。
2025-02-12,5,positive,极地馆的企鹅太可爱了，拍了好多照片。
2025-02-12,1,negative,地上太滑了，差点摔倒好几次。
2025-02-12,5,positive,冰滑梯排队虽久但值得，尖叫声不断。
2025-02-12,4,positive,冰酒吧体验独特，零下30度喝热饮很特别。
2025-02-12,2,negative,冰雕有些已经开始融化，维护不及时。
2025-02-12,5,positive,冰上龙舟很有创意，适合全家一起玩。
2025-02-12,5,positive,冰上龙舟很有创意，适合全家一起玩。
2025-02-12,2,negative,停车费贵得离谱，而且不好找车位。
2025-02-12,3,neutral,总体还行，就是排队太久了。
2025-02-12,5,positive,适合拍照打卡，随手一拍都是大片。
2025-02-12,1,negative,太冷了，园区取暖设施不够。
2025-02-12,2,negative,门票太贵了，性价比低。
2025-02-12,2,negative,冰雕有些已经开始融化，维护不及时。
2025-02-12,2,negative,地上太滑了，差点摔倒好几次。
2025-02-12,1,negative,门票太贵了，性价比低。
2025-02-12,2,negative,工作人员态度不好，问路都不理。
2025-02-12,5,positive,冰酒吧体验独特，零下30度喝热饮很特别。
2025-02-12,3,neutral,人太多了，建议工作日去。
2025-02-12,3,neutral,白天看一般，晚上亮灯后效果才好。
2025-02-12,1,negative,人挤人，根本没心情看冰雕。
2025-02-12,1,negative,餐饮又贵又难吃，建议自带食物。
2025-02-12,3,neutral,白天看一般，晚上亮灯后效果才好。
2025-02-12,5,positive,冰上龙舟很有创意，适合全家一起玩。
2025-02-12,4,positive,服务态度很好，园区管理有序。
2025-02-12,3,neutral,人太多了，建议工作日去。
2025-02-12,4,positive,适合拍照打卡，随手一拍都是大片。
2025-02-12,5,positive,冰酒吧体验独特，零下30度喝热饮很特别。
2025-02-12,4,positive,带孩子来的，小朋友玩得很开心，推荐！
2025-02-12,4,positive,服务态度很好，园区管理有序。
2025-02-12,2,negative,排队排了2个小时，体验很差。
2025-02-12,2,negative,人挤人，根本没心情看冰雕。
2025-02-12,4,positive,冰滑梯排队虽久但值得，尖叫声不断。
2025-02-12,4,positive,虽然人多但是氛围感很棒，冰雪的快乐。
2025-02-12,1,negative,餐饮又贵又难吃，建议自带食物。
2025-02-12,5,positive,大滑梯超刺激，排队时间也在可接受范围内。
2025-02-12,2,negative,卫生间太少了，排队比看冰雕还久。
2025-02-12,4,positive,大滑梯超刺激，排队时间也在可接受范围内。
2025-02-12,3,neutral,票价有点贵，不过冰雕确实不错。
2025-02-12,3,neutral,园区很大，走得腿都酸了，建议多设休息点。
2025-02-12,3,neutral,停车场离入口有点远，走了好久。
2025-02-12,3,neutral,白天看一般，晚上亮灯后效果才好。
2025-02-12,5,positive,主办方今年安排得很用心，动线合理不绕路。
2025-02-12,1,negative,卫生间太少了，排队比看冰雕还久。
2025-02-12,4,positive,带孩子来的，小朋友玩得很开心，推荐！
2025-02-12,5,positive,今年冰雕规模比去年更大了，很壮观。
2025-02-12,4,positive,带孩子来的，小朋友玩得很开心，推荐！
2025-02-12,2,negative,太冷了，园区取暖设施不够。
2025-02-12,3,neutral,中规中矩的一次体验，和预期差不多。
2025-02-12,2,negative,工作人员态度不好，问路都不理。
2025-02-12,4,positive,冰上龙舟很有创意，适合全家一起玩。
2025-02-12,5,positive,夜场的冰灯特别漂亮，像童话世界一样。
2025-02-12,5,positive,大滑梯超刺激，排队时间也在可接受范围内。
2025-02-12,4,positive,虽然冷但值得，哈尔滨的冬天名不虚传。
2025-02-12,3,neutral,总体还行，就是排队太久了。
2025-02-12,4,positive,冰上龙舟很有创意，适合全家一起玩。
2025-02-12,4,positive,太美了！冰雕非常震撼，下次还来。
2025-02-12,4,positive,带孩子来的，小朋友玩得很开心，推荐！
2025-02-13,3,neutral,停车场离入口有点远，走了好久。
2025-02-13,5,positive,服务态度很好，园区管理有序。
2025-02-13,4,positive,今年冰雕规模比去年更大了，很壮观。
2025-02-13,5,positive,适合拍照打卡，随手一拍都是大片。
2025-02-13,3,neutral,白天看一般，晚上亮灯后效果才好。
2025-02-13,3,neutral,园区很大，走得腿都酸了，建议多设休息点。
2025-02-13,1,negative,工作人员态度不好，问路都不理。
2025-02-13,5,positive,太美了！冰雕非常震撼，下次还来。
2025-02-13,5,positive,太美了！冰雕非常震撼，下次还来。
2025-02-13,5,positive,大滑梯超刺激，排队时间也在可接受范围内。
2025-02-13,4,positive,带孩子来的，小朋友玩得很开心，推荐！
2025-02-13,5,positive,适合拍照打卡，随手一拍都是大片。
2025-02-13,3,neutral,人太多了，建议工作日去。
2025-02-13,3,neutral,中规中矩的一次体验，和预期差不多。
2025-02-13,5,positive,冰雪大世界的灯光秀太震撼了，音乐配合得绝佳！
2025-02-13,4,positive,适合拍照打卡，随手一拍都是大片。
2025-02-13,5,positive,冰上龙舟很有创意，适合全家一起玩。
2025-02-13,5,positive,冰上龙舟很有创意，适合全家一起玩。
2025-02-13,5,positive,冰上龙舟很有创意，适合全家一起玩。
2025-02-13,3,neutral,票价有点贵，不过冰雕确实不错。
2025-02-13,3,neutral,票价有点贵，不过冰雕确实不错。
2025-02-13,5,positive,极地馆的企鹅太可爱了，拍了好多照片。
2025-02-13,4,positive,冰雪大世界的灯光秀太震撼了，音乐配合得绝佳！
2025-02-13,5,positive,虽然冷但值得，哈尔滨的冬天名不虚传。
2025-02-13,1,negative,冰雕有些已经开始融化，维护不及时。
2025-02-13,5,positive,夜场的冰灯特别漂亮，像童话世界一样。
2025-02-13,4,positive,冰上龙舟很有创意，适合全家一起玩。
2025-02-13,3,neutral,冰雕很美，但是餐厅价格偏高。
2025-02-13,2,negative,餐饮又贵又难吃，建议自带食物。
2025-02-13,1,negative,餐饮又贵又难吃，建议自带食物。
2025-02-13,4,positive,虽然人多但是氛围感很棒，冰雪的快乐。
2025-02-13,4,positive,太美了！冰雕非常震撼，下次还来。
2025-02-13,4,positive,冰酒吧体验独特，零下30度喝热饮很特别。
2025-02-13,4,positive,带孩子来的，小朋友玩得很开心，推荐！
2025-02-13,4,positive,夜场的冰灯特别漂亮，像童话世界一样。
2025-02-13,1,negative,门票太贵了，性价比低。
2025-02-13,4,positive,带孩子来的，小朋友玩得很开心，推荐！
2025-02-13,4,positive,极地馆的企鹅太可爱了，拍了好多照片。
2025-02-13,3,neutral,白天看一般，晚上亮灯后效果才好。
2025-02-13,1,negative,餐饮又贵又难吃，建议自带食物。
2025-02-13,3,neutral,票价有点贵，不过冰雕确实不错。
2025-02-13,3,neutral,总体还行，就是排队太久了。
2025-02-13,5,positive,冰雪大世界的灯光秀太震撼了，音乐配合得绝佳！
2025-02-13,5,positive,大滑梯超刺激，排队时间也在可接受范围内。
2025-02-13,5,positive,夜场的冰灯特别漂亮，像童话世界一样。
2025-02-13,2,negative,冰雕有些已经开始融化，维护不及时。
2025-02-13,2,negative,地上太滑了，差点摔倒好几次。
2025-02-13,5,positive,夜场的冰灯特别漂亮，像童话世界一样。
2025-02-13,4,positive,虽然冷但值得，哈尔滨的冬天名不虚传。
2025-02-13,1,negative,排队排了2个小时，体验很差。
2025-02-13,4,positive,冰滑梯排队虽久但值得，尖叫声不断。
2025-02-13,3,neutral,园区很大，走得腿都酸了，建议多设休息点。
2025-02-13,3,neutral,停车场离入口有点远，走了好久。
2025-02-13,5,positive,适合拍照打卡，随手一拍都是大片。
2025-02-13,5,positive,太美了！冰雕非常震撼，下次还来。
2025-02-13,1,negative,卫生间太少了，排队比看冰雕还久。
2025-02-13,2,negative,太冷了，园区取暖设施不够。
2025-02-13,4,positive,服务态度很好，园区管理有序。
2025-02-13,1,negative,门票太贵了，性价比低。
2025-02-13,5,positive,冰上龙舟很有创意，适合全家一起玩。
2025-02-13,3,neutral,总体还行，就是排队太久了。
2025-02-13,5,positive,冰酒吧体验独特，零下30度喝热饮很特别。
2025-02-13,3,neutral,总体还行，就是排队太久了。
2025-02-13,5,positive,太美了！冰雕非常震撼，下次还来。
2025-02-13,4,positive,主办方今年安排得很用心，动线合理不绕路。
2025-02-13,3,neutral,白天看一般，晚上亮灯后效果才好。
2025-02-13,3,neutral,园区很大，走得腿都酸了，建议多设休息点。
2025-02-13,3,neutral,园区很大，走得腿都酸了，建议多设休息点。
2025-02-13,4,positive,今年冰雕规模比去年更大了，很壮观。
2025-02-13,5,positive,冰滑梯排队虽久但值得，尖叫声不断。
2025-02-13,4,positive,虽然冷但值得，哈尔滨的冬天名不虚传。
2025-02-13,5,positive,虽然冷但值得，哈尔滨的冬天名不虚传。
2025-02-13,5,positive,带孩子来的，小朋友玩得很开心，推荐！
2025-02-13,3,neutral,总体还行，就是排队太久了。
2025-02-13,4,positive,服务态度很好，园区管理有序。
2025-02-13,4,positive,太美了！冰雕非常震撼，下次还来。
2025-02-13,3,neutral,总体还行，就是排队太久了。
2025-02-13,4,positive,今年冰雕规模比去年更大了，很壮观。
2025-02-13,3,neutral,园区很大，走得腿都酸了，建议多设休息点。
2025-02-13,5,positive,冰雪大世界的灯光秀太震撼了，音乐配合得绝佳！
2025-02-13,3,neutral,票价有点贵，不过冰雕确实不错。
2025-02-13,3,neutral,园区很大，走得腿都酸了，建议多设休息点。
2025-02-13,1,negative,太冷了，园区取暖设施不够。
2025-02-13,3,neutral,人太多了，建议工作日去。
2025-02-13,5,positive,适合拍照打卡，随手一拍都是大片。
2025-02-13,3,neutral,人太多了，建议工作日去。
2025-02-13,5,positive,太美了！冰雕非常震撼，下次还来。
2025-02-13,5,positive,服务态度很好，园区管理有序。
2025-02-13,5,positive,极地馆的企鹅太可爱了，拍了好多照片。
2025-02-13,5,positive,带孩子来的，小朋友玩得很开心，推荐！
2025-02-13,1,negative,地上太滑了，差点摔倒好几次。
2025-02-13,1,negative,地上太滑了，差点摔倒好几次。
2025-02-13,3,neutral,园区很大，走得腿都酸了，建议多设休息点。
2025-02-13,4,positive,冰酒吧体验独特，零下30度喝热饮很特别。
2025-02-14,4,positive,虽然冷但值得，哈尔滨的冬天名不虚传。
2025-02-14,5,positive,冰滑梯排队虽久但值得，尖叫声不断。
2025-02-14,5,positive,极地馆的企鹅太可爱了，拍了好多照片。
2025-02-14,5,positive,服务态度很好，园区管理有序。
2025-02-14,5,positive,服务态度很好，园区管理有序。
2025-02-14,4,positive,带孩子来的，小朋友玩得很开心，推荐！
2025-02-14,3,neutral,园区很大，走得腿都酸了，建议多设休息点。
2025-02-14,5,positive,虽然冷但值得，哈尔滨的冬天名不虚传。
2025-02-14,5,positive,带孩子来的，小朋友玩得很开心，推荐！
2025-02-14,5,positive,今年冰雕规模比去年更大了，很壮观。
2025-02-14,1,negative,地上太滑了，差点摔倒好几次。
2025-02-14,4,positive,夜场的冰灯特别漂亮，像童话世界一样。
2025-02-14,3,neutral,总体还行，就是排队太久了。
2025-02-14,3,neutral,白天看一般，晚上亮灯后效果才好。
2025-02-14,3,neutral,中规中矩的一次体验，和预期差不多。
2025-02-14,4,positive,太美了！冰雕非常震撼，下次还来。
2025-02-14,1,negative,工作人员态度不好，问路都不理。
2025-02-14,4,positive,虽然冷但值得，哈尔滨的冬天名不虚传。
2025-02-14,3,neutral,停车场离入口有点远，走了好久。
2025-02-14,3,neutral,园区很大，走得腿都酸了，建议多设休息点。
2025-02-14,1,negative,太冷了，园区取暖设施不够。
2025-02-14,5,positive,冰雪大世界的灯光秀太震撼了，音乐配合得绝佳！
2025-02-14,2,negative,门票太贵了，性价比低。
2025-02-14,3,neutral,中规中矩的一次体验，和预期差不多。
2025-02-14,4,positive,太美了！冰雕非常震撼，下次还来。
2025-02-14,3,neutral,票价有点贵，不过冰雕确实不错。
2025-02-14,2,negative,人挤人，根本没心情看冰雕。
2025-02-14,4,positive,服务态度很好，园区管理有序。
2025-02-14,1,negative,门票太贵了，性价比低。
2025-02-14,4,positive,主办方今年安排得很用心，动线合理不绕路。
2025-02-14,4,positive,冰酒吧体验独特，零下30度喝热饮很特别。
2025-02-14,2,negative,冰雕有些已经开始融化，维护不及时。
2025-02-14,4,positive,带孩子来的，小朋友玩得很开心，推荐！
2025-02-14,2,negative,卫生间太少了，排队比看冰雕还久。
2025-02-14,2,negative,停车费贵得离谱，而且不好找车位。
2025-02-14,5,positive,夜场的冰灯特别漂亮，像童话世界一样。
2025-02-14,5,positive,大滑梯超刺激，排队时间也在可接受范围内。
2025-02-14,3,neutral,票价有点贵，不过冰雕确实不错。
2025-02-14,4,positive,冰酒吧体验独特，零下30度喝热饮很特别。
2025-02-14,5,positive,今年冰雕规模比去年更大了，很壮观。
2025-02-14,5,positive,冰雪大世界的灯光秀太震撼了，音乐配合得绝佳！
2025-02-14,1,negative,工作人员态度不好，问路都不理。
2025-02-14,5,positive,冰雪大世界的灯光秀太震撼了，音乐配合得绝佳！
2025-02-14,4,positive,冰滑梯排队虽久但值得，尖叫声不断。
2025-02-14,5,positive,主办方今年安排得很用心，动线合理不绕路。
2025-02-14,5,positive,适合拍照打卡，随手一拍都是大片。
2025-02-14,3,neutral,人太多了，建议工作日去。
2025-02-14,5,positive,今年冰雕规模比去年更大了，很壮观。
2025-02-14,4,positive,夜场的冰灯特别漂亮，像童话世界一样。
2025-02-14,4,positive,冰雪大世界的灯光秀太震撼了，音乐配合得绝佳！
2025-02-14,4,positive,主办方今年安排得很用心，动线合理不绕路。
2025-02-14,3,neutral,中规中矩的一次体验，和预期差不多。
2025-02-14,4,positive,虽然人多但是氛围感很棒，冰雪的快乐。
2025-02-14,3,neutral,停车场离入口有点远，走了好久。
2025-02-14,1,negative,太冷了，园区取暖设施不够。
2025-02-14,1,negative,地上太滑了，差点摔倒好几次。
2025-02-14,5,positive,太美了！冰雕非常震撼，下次还来。
2025-02-14,3,neutral,停车场离入口有点远，走了好久。
2025-02-14,2,negative,工作人员态度不好，问路都不理。
2025-02-14,4,positive,极地馆的企鹅太可爱了，拍了好多照片。
2025-02-14,3,neutral,园区很大，走得腿都酸了，建议多设休息点。
2025-02-14,1,negative,卫生间太少了，排队比看冰雕还久。
2025-02-14,4,positive,冰酒吧体验独特，零下30度喝热饮很特别。
2025-02-14,4,positive,适合拍照打卡，随手一拍都是大片。
2025-02-14,4,positive,太美了！冰雕非常震撼，下次还来。
2025-02-14,4,positive,虽然冷但值得，哈尔滨的冬天名不虚传。
2025-02-14,3,neutral,总体还行，就是排队太久了。
2025-02-14,3,neutral,票价有点贵，不过冰雕确实不错。
2025-02-14,5,positive,大滑梯超刺激，排队时间也在可接受范围内。
2025-02-14,4,positive,虽然冷但值得，哈尔滨的冬天名不虚传。
2025-02-14,4,positive,适合拍照打卡，随手一拍都是大片。
2025-02-14,4,positive,服务态度很好，园区管理有序。
2025-02-14,3,neutral,园区很大，走得腿都酸了，建议多设休息点。
2025-02-14,4,positive,冰酒吧体验独特，零下30度喝热饮很特别。
2025-02-14,5,positive,带孩子来的，小朋友玩得很开心，推荐！
2025-02-14,4,positive,太美了！冰雕非常震撼，下次还来。
2025-02-14,3,neutral,人太多了，建议工作日去。
2025-02-14,3,neutral,中规中矩的一次体验，和预期差不多。
2025-02-14,3,neutral,停车场离入口有点远，走了好久。
2025-02-14,1,negative,门票太贵了，性价比低。
2025-02-14,4,positive,虽然冷但值得，哈尔滨的冬天名不虚传。
2025-02-14,5,positive,夜场的冰灯特别漂亮，像童话世界一样。
2025-02-14,4,positive,服务态度很好，园区管理有序。
2025-02-14,5,positive,虽然冷但值得，哈尔滨的冬天名不虚传。
2025-02-14,4,positive,冰雪大世界的灯光秀太震撼了，音乐配合得绝佳！
2025-02-15,4,positive,太美了！冰雕非常震撼，下次还来。
2025-02-15,2,negative,人挤人，根本没心情看冰雕。
2025-02-15,1,negative,停车费贵得离谱，而且不好找车位。
2025-02-15,3,neutral,停车场离入口有点远，走了好久。
2025-02-15,3,neutral,中规中矩的一次体验，和预期差不多。
2025-02-15,5,positive,夜场的冰灯特别漂亮，像童话世界一样。
2025-02-15,4,positive,大滑梯超刺激，排队时间也在可接受范围内。
2025-02-15,5,positive,今年冰雕规模比去年更大了，很壮观。
2025-02-15,4,positive,冰雪大世界的灯光秀太震撼了，音乐配合得绝佳！
2025-02-15,4,positive,主办方今年安排得很用心，动线合理不绕路。
2025-02-15,1,negative,排队排了2个小时，体验很差。
2025-02-15,5,positive,极地馆的企鹅太可爱了，拍了好多照片。
2025-02-15,1,negative,工作人员态度不好，问路都不理。
2025-02-15,3,neutral,冰雕很美，但是餐厅价格偏高。
2025-02-15,5,positive,主办方今年安排得很用心，动线合理不绕路。
2025-02-15,3,neutral,总体还行，就是排队太久了。
2025-02-15,5,positive,虽然冷但值得，哈尔滨的冬天名不虚传。
2025-02-15,3,neutral,中规中矩的一次体验，和预期差不多。
2025-02-15,1,negative,地上太滑了，差点摔倒好几次。
2025-02-15,1,negative,人挤人，根本没心情看冰雕。
2025-02-15,1,negative,人挤人，根本没心情看冰雕。
2025-02-15,1,negative,卫生间太少了，排队比看冰雕还久。
2025-02-15,4,positive,太美了！冰雕非常震撼，下次还来。
2025-02-15,3,neutral,园区很大，走得腿都酸了，建议多设休息点。
2025-02-15,2,negative,人挤人，根本没心情看冰雕。
2025-02-15,3,neutral,白天看一般，晚上亮灯后效果才好。
2025-02-15,3,neutral,中规中矩的一次体验，和预期差不多。
2025-02-15,1,negative,餐饮又贵又难吃，建议自带食物。
2025-02-15,5,positive,冰上龙舟很有创意，适合全家一起玩。
2025-02-15,4,positive,冰雪大世界的灯光秀太震撼了，音乐配合得绝佳！
2025-02-15,4,positive,太美了！冰雕非常震撼，下次还来。
2025-02-15,3,neutral,票价有点贵，不过冰雕确实不错。
2025-02-15,1,negative,冰雕有些已经开始融化，维护不及时。
2025-02-15,4,positive,带孩子来的，小朋友玩得很开心，推荐！
2025-02-15,3,neutral,园区很大，走得腿都酸了，建议多设休息点。
2025-02-15,1,negative,排队排了2个小时，体验很差。
2025-02-15,3,neutral,人太多了，建议工作日去。
2025-02-15,4,positive,虽然冷但值得，哈尔滨的冬天名不虚传。
2025-02-15,3,neutral,人太多了，建议工作日去。
2025-02-15,2,negative,太冷了，园区取暖设施不够。
2025-02-15,5,positive,夜场的冰灯特别漂亮，像童话世界一样。
2025-02-15,2,negative,停车费贵得离谱，而且不好找车位。
2025-02-15,4,positive,极地馆的企鹅太可爱了，拍了好多照片。
2025-02-15,5,positive,虽然人多但是氛围感很棒，冰雪的快乐。
2025-02-15,5,positive,主办方今年安排得很用心，动线合理不绕路。
2025-02-15,5,positive,冰滑梯排队虽久但值得，尖叫声不断。
2025-02-15,2,negative,人挤人，根本没心情看冰雕。
2025-02-15,3,neutral,园区很大，走得腿都酸了，建议多设休息点。
2025-02-15,1,negative,卫生间太少了，排队比看冰雕还久。
2025-02-15,5,positive,带孩子来的，小朋友玩得很开心，推荐！
2025-02-15,3,neutral,白天看一般，晚上亮灯后效果才好。
2025-02-15,5,positive,适合拍照打卡，随手一拍都是大片。
2025-02-15,4,positive,冰上龙舟很有创意，适合全家一起玩。
2025-02-15,3,neutral,冰雕很美，但是餐厅价格偏高。
2025-02-15,3,neutral,人太多了，建议工作日去。
2025-02-15,5,positive,适合拍照打卡，随手一拍都是大片。
2025-02-15,3,neutral,园区很大，走得腿都酸了，建议多设休息点。
2025-02-15,1,negative,人挤人，根本没心情看冰雕。
2025-02-15,1,negative,工作人员态度不好，问路都不理。
2025-02-15,3,neutral,人太多了，建议工作日去。
2025-02-15,5,positive,冰酒吧体验独特，零下30度喝热饮很特别。
2025-02-15,2,negative,人挤人，根本没心情看冰雕。
2025-02-15,5,positive,大滑梯超刺激，排队时间也在可接受范围内。
2025-02-15,4,positive,大滑梯超刺激，排队时间也在可接受范围内。
2025-02-15,5,positive,冰酒吧体验独特，零下30度喝热饮很特别。
2025-02-15,1,negative,冰雕有些已经开始融化，维护不及时。
2025-02-15,2,negative,人挤人，根本没心情看冰雕。
2025-02-15,1,negative,门票太贵了，性价比低。
2025-02-15,3,neutral,停车场离入口有点远，走了好久。
2025-02-15,5,positive,带孩子来的，小朋友玩得很开心，推荐！
2025-02-15,5,positive,今年冰雕规模比去年更大了，很壮观。
2025-02-15,5,positive,服务态度很好，园区管理有序。
2025-02-15,3,neutral,白天看一般，晚上亮灯后效果才好。
2025-02-15,5,positive,夜场的冰灯特别漂亮，像童话世界一样。
2025-02-15,3,neutral,停车场离入口有点远，走了好久。
2025-02-15,3,neutral,停车场离入口有点远，走了好久。
2025-02-15,3,neutral,白天看一般，晚上亮灯后效果才好。
2025-02-15,5,positive,极地馆的企鹅太可爱了，拍了好多照片。
2025-02-15,2,negative,停车费贵得离谱，而且不好找车位。
2025-02-15,4,positive,适合拍照打卡，随手一拍都是大片。
2025-02-15,3,neutral,白天看一般，晚上亮灯后效果才好。
2025-02-15,3,neutral,人太多了，建议工作日去。
2025-02-15,4,positive,虽然人多但是氛围感很棒，冰雪的快乐。
2025-02-15,3,neutral,停车场离入口有点远，走了好久。
2025-02-15,2,negative,排队排了2个小时，体验很差。
2025-02-15,1,negative,工作人员态度不好，问路都不理。
2025-02-15,2,negative,工作人员态度不好，问路都不理。
2025-02-15,4,positive,虽然人多但是氛围感很棒，冰雪的快乐。
2025-02-15,3,neutral,票价有点贵，不过冰雕确实不错。
2025-02-15,4,positive,主办方今年安排得很用心，动线合理不绕路。
2025-02-15,3,neutral,冰雕很美，但是餐厅价格偏高。
2025-02-15,1,negative,停车费贵得离谱，而且不好找车位。
2025-02-15,5,positive,极地馆的企鹅太可爱了，拍了好多照片。
2025-02-15,2,negative,餐饮又贵又难吃，建议自带食物。
2025-02-15,5,positive,极地馆的企鹅太可爱了，拍了好多照片。
2025-02-15,4,positive,适合拍照打卡，随手一拍都是大片。
2025-02-15,5,positive,夜场的冰灯特别漂亮，像童话世界一样。
2025-03-01,4,positive,大滑梯超刺激，排队时间也在可接受范围内。
2025-03-01,5,positive,服务态度很好，园区管理有序。
2025-03-01,3,neutral,停车场离入口有点远，走了好久。
2025-03-01,4,positive,大滑梯超刺激，排队时间也在可接受范围内。
2025-03-01,4,positive,冰上龙舟很有创意，适合全家一起玩。
2025-03-01,5,positive,大滑梯超刺激，排队时间也在可接受范围内。
2025-03-01,4,positive,服务态度很好，园区管理有序。
2025-03-01,4,positive,极地馆的企鹅太可爱了，拍了好多照片。
2025-03-01,3,neutral,停车场离入口有点远，走了好久。
2025-03-01,4,positive,带孩子来的，小朋友玩得很开心，推荐！
2025-03-01,1,negative,地上太滑了，差点摔倒好几次。
2025-03-01,3,neutral,人太多了，建议工作日去。
2025-03-01,4,positive,适合拍照打卡，随手一拍都是大片。
2025-03-01,5,positive,冰上龙舟很有创意，适合全家一起玩。
2025-03-01,5,positive,虽然冷但值得，哈尔滨的冬天名不虚传。
2025-03-01,4,positive,夜场的冰灯特别漂亮，像童话世界一样。
2025-03-01,5,positive,冰滑梯排队虽久但值得，尖叫声不断。
2025-03-01,3,neutral,园区很大，走得腿都酸了，建议多设休息点。
2025-03-01,2,negative,排队排了2个小时，体验很差。
2025-03-01,4,positive,太美了！冰雕非常震撼，下次还来。
2025-03-01,1,negative,卫生间太少了，排队比看冰雕还久。
2025-03-01,5,positive,适合拍照打卡，随手一拍都是大片。
2025-03-01,3,neutral,中规中矩的一次体验，和预期差不多。
2025-03-01,3,neutral,停车场离入口有点远，走了好久。
2025-03-01,4,positive,服务态度很好，园区管理有序。
2025-03-01,3,neutral,白天看一般，晚上亮灯后效果才好。
2025-03-01,5,positive,服务态度很好，园区管理有序。
2025-03-01,1,negative,地上太滑了，差点摔倒好几次。
2025-03-01,3,neutral,白天看一般，晚上亮灯后效果才好。
2025-03-01,4,positive,冰上龙舟很有创意，适合全家一起玩。
2025-03-01,4,positive,大滑梯超刺激，排队时间也在可接受范围内。
2025-03-01,1,negative,停车费贵得离谱，而且不好找车位。
2025-03-01,4,positive,带孩子来的，小朋友玩得很开心，推荐！
2025-03-01,5,positive,服务态度很好，园区管理有序。
2025-03-01,5,positive,冰滑梯排队虽久但值得，尖叫声不断。
2025-03-01,4,positive,太美了！冰雕非常震撼，下次还来。
2025-03-02,4,positive,冰滑梯排队虽久但值得，尖叫声不断。
2025-03-02,3,neutral,票价有点贵，不过冰雕确实不错。
2025-03-02,5,positive,服务态度很好，园区管理有序。
2025-03-02,1,negative,停车费贵得离谱，而且不好找车位。
2025-03-02,3,neutral,人太多了，建议工作日去。
2025-03-02,4,positive,虽然冷但值得，哈尔滨的冬天名不虚传。
2025-03-02,5,positive,主办方今年安排得很用心，动线合理不绕路。
2025-03-02,3,neutral,白天看一般，晚上亮灯后效果才好。
2025-03-02,3,neutral,冰雕很美，但是餐厅价格偏高。
2025-03-02,3,neutral,中规中矩的一次体验，和预期差不多。
2025-03-02,3,neutral,停车场离入口有点远，走了好久。
2025-03-02,5,positive,冰雪大世界的灯光秀太震撼了，音乐配合得绝佳！
2025-03-02,3,neutral,中规中矩的一次体验，和预期差不多。
2025-03-02,1,negative,排队排了2个小时，体验很差。
2025-03-02,4,positive,冰雪大世界的灯光秀太震撼了，音乐配合得绝佳！
2025-03-02,5,positive,服务态度很好，园区管理有序。
2025-03-02,1,negative,工作人员态度不好，问路都不理。
2025-03-02,5,positive,适合拍照打卡，随手一拍都是大片。
2025-03-02,3,neutral,园区很大，走得腿都酸了，建议多设休息点。
2025-03-02,3,neutral,园区很大，走得腿都酸了，建议多设休息点。
2025-03-02,4,positive,冰上龙舟很有创意，适合全家一起玩。
2025-03-02,3,neutral,总体还行，就是排队太久了。
2025-03-02,3,neutral,中规中矩的一次体验，和预期差不多。
2025-03-02,4,positive,冰雪大世界的灯光秀太震撼了，音乐配合得绝佳！
2025-03-02,4,positive,适合拍照打卡，随手一拍都是大片。
2025-03-02,4,positive,冰雪大世界的灯光秀太震撼了，音乐配合得绝佳！
2025-03-02,5,positive,太美了！冰雕非常震撼，下次还来。
2025-03-02,5,positive,适合拍照打卡，随手一拍都是大片。
2025-03-02,3,neutral,人太多了，建议工作日去。
2025-03-02,4,positive,大滑梯超刺激，排队时间也在可接受范围内。
2025-03-02,3,neutral,停车场离入口有点远，走了好久。
2025-03-02,1,negative,餐饮又贵又难吃，建议自带食物。
2025-03-02,4,positive,大滑梯超刺激，排队时间也在可接受范围内。
2025-03-03,4,positive,虽然冷但值得，哈尔滨的冬天名不虚传。
2025-03-03,3,neutral,人太多了，建议工作日去。
2025-03-03,4,positive,太美了！冰雕非常震撼，下次还来。
2025-03-03,5,positive,带孩子来的，小朋友玩得很开心，推荐！
2025-03-03,4,positive,主办方今年安排得很用心，动线合理不绕路。
2025-03-03,5,positive,带孩子来的，小朋友玩得很开心，推荐！
2025-03-03,4,positive,冰雪大世界的灯光秀太震撼了，音乐配合得绝佳！
2025-03-03,4,positive,适合拍照打卡，随手一拍都是大片。
2025-03-03,4,positive,冰滑梯排队虽久但值得，尖叫声不断。
2025-03-03,5,positive,服务态度很好，园区管理有序。
2025-03-03,4,positive,服务态度很好，园区管理有序。
2025-03-03,3,neutral,票价有点贵，不过冰雕确实不错。
2025-03-03,5,positive,极地馆的企鹅太可爱了，拍了好多照片。
2025-03-03,4,positive,冰滑梯排队虽久但值得，尖叫声不断。
2025-03-03,5,positive,虽然冷但值得，哈尔滨的冬天名不虚传。
2025-03-03,4,positive,冰滑梯排队虽久但值得，尖叫声不断。
2025-03-03,2,negative,工作人员态度不好，问路都不理。
2025-03-03,3,neutral,人太多了，建议工作日去。
2025-03-03,4,positive,虽然人多但是氛围感很棒，冰雪的快乐。
2025-03-03,3,neutral,白天看一般，晚上亮灯后效果才好。
2025-03-03,4,positive,大滑梯超刺激，排队时间也在可接受范围内。
2025-03-03,5,positive,适合拍照打卡，随手一拍都是大片。
2025-03-03,4,positive,大滑梯超刺激，排队时间也在可接受范围内。
2025-03-03,1,negative,卫生间太少了，排队比看冰雕还久。
2025-03-03,4,positive,极地馆的企鹅太可爱了，拍了好多照片。
2025-03-03,5,positive,冰雪大世界的灯光秀太震撼了，音乐配合得绝佳！
2025-03-03,3,neutral,白天看一般，晚上亮灯后效果才好。
2025-03-03,5,positive,冰酒吧体验独特，零下30度喝热饮很特别。
2025-03-03,5,positive,大滑梯超刺激，排队时间也在可接受范围内。
2025-03-03,3,neutral,白天看一般，晚上亮灯后效果才好。
2025-03-03,3,neutral,票价有点贵，不过冰雕确实不错。
2025-03-03,4,positive,带孩子来的，小朋友玩得很开心，推荐！
2025-03-03,5,positive,冰雪大世界的灯光秀太震撼了，音乐配合得绝佳！
2025-03-03,5,positive,冰酒吧体验独特，零下30度喝热饮很特别。
2025-03-03,1,negative,地上太滑了，差点摔倒好几次。
2025-03-03,4,positive,虽然人多但是氛围感很棒，冰雪的快乐。
2025-03-03,4,positive,夜场的冰灯特别漂亮，像童话世界一样。
2025-03-03,1,negative,门票太贵了，性价比低。
2025-03-03,3,neutral,园区很大，走得腿都酸了，建议多设休息点。
2025-03-03,4,positive,冰滑梯排队虽久但值得，尖叫声不断。
2025-03-03,5,positive,适合拍照打卡，随手一拍都是大片。
2025-03-03,3,neutral,白天看一般，晚上亮灯后效果才好。
2025-03-04,2,negative,门票太贵了，性价比低。
2025-03-04,3,neutral,总体还行，就是排队太久了。
2025-03-04,2,negative,餐饮又贵又难吃，建议自带食物。
2025-03-04,3,neutral,停车场离入口有点远，走了好久。
2025-03-04,4,positive,太美了！冰雕非常震撼，下次还来。
2025-03-04,4,positive,带孩子来的，小朋友玩得很开心，推荐！
2025-03-04,4,positive,带孩子来的，小朋友玩得很开心，推荐！
2025-03-04,5,positive,主办方今年安排得很用心，动线合理不绕路。
2025-03-04,3,neutral,白天看一般，晚上亮灯后效果才好。
2025-03-04,5,positive,极地馆的企鹅太可爱了，拍了好多照片。
2025-03-04,3,neutral,白天看一般，晚上亮灯后效果才好。
2025-03-04,4,positive,冰雪大世界的灯光秀太震撼了，音乐配合得绝佳！
2025-03-04,3,neutral,冰雕很美，但是餐厅价格偏高。
2025-03-04,4,positive,适合拍照打卡，随手一拍都是大片。
2025-03-04,5,positive,服务态度很好，园区管理有序。
2025-03-04,5,positive,夜场的冰灯特别漂亮，像童话世界一样。
2025-03-04,5,positive,夜场的冰灯特别漂亮，像童话世界一样。
2025-03-04,1,negative,地上太滑了，差点摔倒好几次。
2025-03-04,5,positive,夜场的冰灯特别漂亮，像童话世界一样。
2025-03-04,5,positive,适合拍照打卡，随手一拍都是大片。
2025-03-04,5,positive,夜场的冰灯特别漂亮，像童话世界一样。
2025-03-04,5,positive,虽然冷但值得，哈尔滨的冬天名不虚传。
2025-03-04,5,positive,冰上龙舟很有创意，适合全家一起玩。
2025-03-04,3,neutral,人太多了，建议工作日去。
2025-03-04,4,positive,极地馆的企鹅太可爱了，拍了好多照片。
2025-03-04,3,neutral,票价有点贵，不过冰雕确实不错。
2025-03-04,1,negative,冰雕有些已经开始融化，维护不及时。
2025-03-04,5,positive,冰酒吧体验独特，零下30度喝热饮很特别。
2025-03-04,2,negative,人挤人，根本没心情看冰雕。
2025-03-04,4,positive,夜场的冰灯特别漂亮，像童话世界一样。
2025-03-04,5,positive,虽然冷但值得，哈尔滨的冬天名不虚传。
2025-03-04,3,neutral,总体还行，就是排队太久了。
2025-03-04,4,positive,适合拍照打卡，随手一拍都是大片。
2025-03-04,5,positive,夜场的冰灯特别漂亮，像童话世界一样。
2025-03-04,5,positive,主办方今年安排得很用心，动线合理不绕路。
2025-03-05,5,positive,主办方今年安排得很用心，动线合理不绕路。
2025-03-05,4,positive,虽然冷但值得，哈尔滨的冬天名不虚传。
2025-03-05,2,negative,门票太贵了，性价比低。
2025-03-05,1,negative,工作人员态度不好，问路都不理。
2025-03-05,5,positive,冰上龙舟很有创意，适合全家一起玩。
2025-03-05,3,neutral,票价有点贵，不过冰雕确实不错。
2025-03-05,4,positive,虽然人多但是氛围感很棒，冰雪的快乐。
2025-03-05,3,neutral,人太多了，建议工作日去。
2025-03-05,4,positive,带孩子来的，小朋友玩得很开心，推荐！
2025-03-05,4,positive,大滑梯超刺激，排队时间也在可接受范围内。
2025-03-05,5,positive,带孩子来的，小朋友玩得很开心，推荐！
2025-03-05,5,positive,服务态度很好，园区管理有序。
2025-03-05,5,positive,带孩子来的，小朋友玩得很开心，推荐！
2025-03-05,3,neutral,冰雕很美，但是餐厅价格偏高。
2025-03-05,3,neutral,票价有点贵，不过冰雕确实不错。
2025-03-05,3,neutral,中规中矩的一次体验，和预期差不多。
2025-03-05,5,positive,太美了！冰雕非常震撼，下次还来。
2025-03-05,4,positive,冰酒吧体验独特，零下30度喝热饮很特别。
2025-03-05,3,neutral,园区很大，走得腿都酸了，建议多设休息点。
2025-03-05,5,positive,冰上龙舟很有创意，适合全家一起玩。
2025-03-05,2,negative,冰雕有些已经开始融化，维护不及时。
2025-03-05,3,neutral,票价有点贵，不过冰雕确实不错。
2025-03-05,5,positive,太美了！冰雕非常震撼，下次还来。
2025-03-05,3,neutral,总体还行，就是排队太久了。
2025-03-05,5,positive,大滑梯超刺激，排队时间也在可接受范围内。
2025-03-05,4,positive,主办方今年安排得很用心，动线合理不绕路。
2025-03-05,1,negative,排队排了2个小时，体验很差。
2025-03-05,4,positive,冰雪大世界的灯光秀太震撼了，音乐配合得绝佳！
2025-03-05,5,positive,冰酒吧体验独特，零下30度喝热饮很特别。
2025-03-05,5,positive,主办方今年安排得很用心，动线合理不绕路。
2025-03-05,3,neutral,总体还行，就是排队太久了。
2025-03-05,3,neutral,票价有点贵，不过冰雕确实不错。
2025-03-05,5,positive,虽然冷但值得，哈尔滨的冬天名不虚传。
2025-03-05,2,negative,卫生间太少了，排队比看冰雕还久。
2025-03-05,1,negative,排队排了2个小时，体验很差。
2025-03-06,3,neutral,白天看一般，晚上亮灯后效果才好。
2025-03-06,3,neutral,冰雕很美，但是餐厅价格偏高。
2025-03-06,3,neutral,停车场离入口有点远，走了好久。
2025-03-06,5,positive,冰上龙舟很有创意，适合全家一起玩。
2025-03-06,4,positive,主办方今年安排得很用心，动线合理不绕路。
2025-03-06,4,positive,今年冰雕规模比去年更大了，很壮观。
2025-03-06,3,neutral,白天看一般，晚上亮灯后效果才好。
2025-03-06,3,neutral,中规中矩的一次体验，和预期差不多。
2025-03-06,4,positive,今年冰雕规模比去年更大了，很壮观。
2025-03-06,4,positive,冰雪大世界的灯光秀太震撼了，音乐配合得绝佳！
2025-03-06,4,positive,冰滑梯排队虽久但值得，尖叫声不断。
2025-03-06,5,positive,今年冰雕规模比去年更大了，很壮观。
2025-03-06,5,positive,今年冰雕规模比去年更大了，很壮观。
2025-03-06,1,negative,人挤人，根本没心情看冰雕。
2025-03-06,4,positive,今年冰雕规模比去年更大了，很壮观。
2025-03-06,3,neutral,白天看一般，晚上亮灯后效果才好。
2025-03-06,1,negative,工作人员态度不好，问路都不理。
2025-03-06,3,neutral,总体还行，就是排队太久了。
2025-03-06,2,negative,地上太滑了，差点摔倒好几次。
2025-03-06,4,positive,虽然人多但是氛围感很棒，冰雪的快乐。
2025-03-06,3,neutral,中规中矩的一次体验，和预期差不多。
2025-03-06,5,positive,主办方今年安排得很用心，动线合理不绕路。
2025-03-06,5,positive,带孩子来的，小朋友玩得很开心，推荐！
2025-03-06,5,positive,太美了！冰雕非常震撼，下次还来。
2025-03-06,4,positive,冰上龙舟很有创意，适合全家一起玩。
2025-03-06,5,positive,虽然人多但是氛围感很棒，冰雪的快乐。
2025-03-06,5,positive,适合拍照打卡，随手一拍都是大片。
2025-03-06,1,negative,工作人员态度不好，问路都不理。
2025-03-06,5,positive,适合拍照打卡，随手一拍都是大片。
2025-03-06,5,positive,虽然人多但是氛围感很棒，冰雪的快乐。
2025-03-06,5,positive,冰滑梯排队虽久但值得，尖叫声不断。
2025-03-06,4,positive,冰滑梯排队虽久但值得，尖叫声不断。
2025-03-07,3,neutral,人太多了，建议工作日去。
2025-03-07,3,neutral,总体还行，就是排队太久了。
2025-03-07,3,neutral,票价有点贵，不过冰雕确实不错。
2025-03-07,3,neutral,冰雕很美，但是餐厅价格偏高。
2025-03-07,3,neutral,园区很大，走得腿都酸了，建议多设休息点。
2025-03-07,4,positive,今年冰雕规模比去年更大了，很壮观。
2025-03-07,4,positive,冰上龙舟很有创意，适合全家一起玩。
2025-03-07,1,negative,停车费贵得离谱，而且不好找车位。
2025-03-07,4,positive,冰雪大世界的灯光秀太震撼了，音乐配合得绝佳！
2025-03-07,3,neutral,停车场离入口有点远，走了好久。
2025-03-07,5,positive,极地馆的企鹅太可爱了，拍了好多照片。
2025-03-07,2,negative,工作人员态度不好，问路都不理。
2025-03-07,5,positive,冰雪大世界的灯光秀太震撼了，音乐配合得绝佳！
2025-03-07,3,neutral,园区很大，走得腿都酸了，建议多设休息点。
2025-03-07,2,negative,排队排了2个小时，体验很差。
2025-03-07,4,positive,冰雪大世界的灯光秀太震撼了，音乐配合得绝佳！
2025-03-07,5,positive,虽然人多但是氛围感很棒，冰雪的快乐。
2025-03-07,3,neutral,中规中矩的一次体验，和预期差不多。
2025-03-07,5,positive,太美了！冰雕非常震撼，下次还来。
2025-03-07,3,neutral,中规中矩的一次体验，和预期差不多。
2025-03-07,3,neutral,总体还行，就是排队太久了。
2025-03-07,4,positive,主办方今年安排得很用心，动线合理不绕路。
2025-03-07,5,positive,适合拍照打卡，随手一拍都是大片。
2025-03-08,3,neutral,中规中矩的一次体验，和预期差不多。
2025-03-08,3,neutral,停车场离入口有点远，走了好久。
2025-03-08,4,positive,虽然冷但值得，哈尔滨的冬天名不虚传。
2025-03-08,3,neutral,停车场离入口有点远，走了好久。
2025-03-08,2,negative,工作人员态度不好，问路都不理。
2025-03-08,5,positive,适合拍照打卡，随手一拍都是大片。
2025-03-08,3,neutral,票价有点贵，不过冰雕确实不错。
2025-03-08,5,positive,今年冰雕规模比去年更大了，很壮观。
2025-03-08,4,positive,服务态度很好，园区管理有序。
2025-03-08,1,negative,冰雕有些已经开始融化，维护不及时。
2025-03-08,5,positive,冰雪大世界的灯光秀太震撼了，音乐配合得绝佳！
2025-03-08,4,positive,虽然人多但是氛围感很棒，冰雪的快乐。
2025-03-08,5,positive,适合拍照打卡，随手一拍都是大片。
2025-03-08,1,negative,太冷了，园区取暖设施不够。
2025-03-08,2,negative,工作人员态度不好，问路都不理。
2025-03-08,3,neutral,冰雕很美，但是餐厅价格偏高。
2025-03-08,1,negative,停车费贵得离谱，而且不好找车位。
2025-03-08,4,positive,虽然冷但值得，哈尔滨的冬天名不虚传。
2025-03-08,4,positive,适合拍照打卡，随手一拍都是大片。
2025-03-08,3,neutral,人太多了，建议工作日去。
2025-03-08,2,negative,卫生间太少了，排队比看冰雕还久。
2025-03-08,2,negative,停车费贵得离谱，而且不好找车位。
2025-03-08,5,positive,主办方今年安排得很用心，动线合理不绕路。
2025-03-08,4,positive,虽然人多但是氛围感很棒，冰雪的快乐。
2025-03-08,4,positive,适合拍照打卡，随手一拍都是大片。
2025-03-08,3,neutral,总体还行，就是排队太久了。
2025-03-09,3,neutral,人太多了，建议工作日去。
2025-03-09,4,positive,冰上龙舟很有创意，适合全家一起玩。
2025-03-09,3,neutral,票价有点贵，不过冰雕确实不错。
2025-03-09,5,positive,大滑梯超刺激，排队时间也在可接受范围内。
2025-03-09,5,positive,虽然人多但是氛围感很棒，冰雪的快乐。
2025-03-09,1,negative,卫生间太少了，排队比看冰雕还久。
2025-03-09,5,positive,虽然人多但是氛围感很棒，冰雪的快乐。
2025-03-09,5,positive,冰上龙舟很有创意，适合全家一起玩。
2025-03-09,5,positive,夜场的冰灯特别漂亮，像童话世界一样。
2025-03-09,4,positive,冰滑梯排队虽久但值得，尖叫声不断。
2025-03-09,2,negative,冰雕有些已经开始融化，维护不及时。
2025-03-09,3,neutral,票价有点贵，不过冰雕确实不错。
2025-03-09,5,positive,冰上龙舟很有创意，适合全家一起玩。
2025-03-09,3,neutral,园区很大，走得腿都酸了，建议多设休息点。
2025-03-09,5,positive,虽然冷但值得，哈尔滨的冬天名不虚传。
2025-03-09,1,negative,人挤人，根本没心情看冰雕。
2025-03-09,5,positive,夜场的冰灯特别漂亮，像童话世界一样。
2025-03-09,4,positive,主办方今年安排得很用心，动线合理不绕路。
2025-03-09,5,positive,冰雪大世界的灯光秀太震撼了，音乐配合得绝佳！
2025-03-09,3,neutral,票价有点贵，不过冰雕确实不错。
2025-03-09,5,positive,带孩子来的，小朋友玩得很开心，推荐！
2025-03-09,5,positive,服务态度很好，园区管理有序。
2025-03-09,5,positive,适合拍照打卡，随手一拍都是大片。
2025-03-09,1,negative,排队排了2个小时，体验很差。
2025-03-09,3,neutral,人太多了，建议工作日去。
2025-03-09,1,negative,地上太滑了，差点摔倒好几次。
2025-03-10,3,neutral,白天看一般，晚上亮灯后效果才好。
2025-03-10,4,positive,主办方今年安排得很用心，动线合理不绕路。
2025-03-10,4,positive,大滑梯超刺激，排队时间也在可接受范围内。
2025-03-10,5,positive,虽然冷但值得，哈尔滨的冬天名不虚传。
2025-03-10,5,positive,适合拍照打卡，随手一拍都是大片。
2025-03-10,4,positive,大滑梯超刺激，排队时间也在可接受范围内。
2025-03-10,5,positive,冰雪大世界的灯光秀太震撼了，音乐配合得绝佳！
2025-03-10,3,neutral,停车场离入口有点远，走了好久。
2025-03-10,3,neutral,票价有点贵，不过冰雕确实不错。
2025-03-10,5,positive,冰雪大世界的灯光秀太震撼了，音乐配合得绝佳！
2025-03-10,3,neutral,人太多了，建议工作日去。
2025-03-10,5,positive,冰滑梯排队虽久但值得，尖叫声不断。
2025-03-10,5,positive,极地馆的企鹅太可爱了，拍了好多照片。
2025-03-10,5,positive,冰雪大世界的灯光秀太震撼了，音乐配合得绝佳！
2025-03-10,1,negative,冰雕有些已经开始融化，维护不及时。
2025-03-10,3,neutral,票价有点贵，不过冰雕确实不错。
2025-03-10,3,neutral,中规中矩的一次体验，和预期差不多。
2025-03-10,1,negative,人挤人，根本没心情看冰雕。
2025-03-10,3,neutral,票价有点贵，不过冰雕确实不错。
2025-03-11,3,neutral,中规中矩的一次体验，和预期差不多。
2025-03-11,5,positive,服务态度很好，园区管理有序。
2025-03-11,4,positive,冰滑梯排队虽久但值得，尖叫声不断。
2025-03-11,5,positive,适合拍照打卡，随手一拍都是大片。
2025-03-11,1,negative,工作人员态度不好，问路都不理。
2025-03-11,3,neutral,白天看一般，晚上亮灯后效果才好。
2025-03-11,5,positive,主办方今年安排得很用心，动线合理不绕路。
2025-03-11,3,neutral,园区很大，走得腿都酸了，建议多设休息点。
2025-03-11,5,positive,虽然冷但值得，哈尔滨的冬天名不虚传。
2025-03-11,5,positive,大滑梯超刺激，排队时间也在可接受范围内。
2025-03-11,3,neutral,票价有点贵，不过冰雕确实不错。
2025-03-11,2,negative,门票太贵了，性价比低。
2025-03-11,4,positive,带孩子来的，小朋友玩得很开心，推荐！
2025-03-11,5,positive,带孩子来的，小朋友玩得很开心，推荐！
2025-03-11,4,positive,带孩子来的，小朋友玩得很开心，推荐！
2025-03-11,3,neutral,中规中矩的一次体验，和预期差不多。
2025-03-11,2,negative,停车费贵得离谱，而且不好找车位。
2025-03-11,1,negative,人挤人，根本没心情看冰雕。
2025-03-11,3,neutral,票价有点贵，不过冰雕确实不错。
2025-03-11,3,neutral,中规中矩的一次体验，和预期差不多。
2025-03-11,4,positive,夜场的冰灯特别漂亮，像童话世界一样。
2025-03-11,5,positive,虽然人多但是氛围感很棒，冰雪的快乐。
2025-03-11,4,positive,今年冰雕规模比去年更大了，很壮观。
2025-03-11,5,positive,服务态度很好，园区管理有序。
2025-03-11,1,negative,停车费贵得离谱，而且不好找车位。
2025-03-11,3,neutral,总体还行，就是排队太久了。
2025-03-11,5,positive,大滑梯超刺激，排队时间也在可接受范围内。
2025-03-11,5,positive,太美了！冰雕非常震撼，下次还来。
2025-03-11,4,positive,冰酒吧体验独特，零下30度喝热饮很特别。
2025-03-11,3,neutral,园区很大，走得腿都酸了，建议多设休息点。
2025-03-11,4,positive,虽然人多但是氛围感很棒，冰雪的快乐。
2025-03-11,4,positive,服务态度很好，园区管理有序。
2025-03-11,3,neutral,白天看一般，晚上亮灯后效果才好。
2025-03-11,4,positive,今年冰雕规模比去年更大了，很壮观。
2025-03-11,5,positive,主办方今年安排得很用心，动线合理不绕路。
2025-03-12,2,negative,地上太滑了，差点摔倒好几次。
2025-03-12,4,positive,主办方今年安排得很用心，动线合理不绕路。
2025-03-12,4,positive,冰雪大世界的灯光秀太震撼了，音乐配合得绝佳！
2025-03-12,5,positive,冰滑梯排队虽久但值得，尖叫声不断。
2025-03-12,3,neutral,人太多了，建议工作日去。
2025-03-12,5,positive,极地馆的企鹅太可爱了，拍了好多照片。
2025-03-12,4,positive,冰雪大世界的灯光秀太震撼了，音乐配合得绝佳！
2025-03-12,3,neutral,园区很大，走得腿都酸了，建议多设休息点。
2025-03-12,5,positive,带孩子来的，小朋友玩得很开心，推荐！
2025-03-12,4,positive,服务态度很好，园区管理有序。
2025-03-12,1,negative,排队排了2个小时，体验很差。
2025-03-12,4,positive,极地馆的企鹅太可爱了，拍了好多照片。
2025-03-12,4,positive,虽然人多但是氛围感很棒，冰雪的快乐。
2025-03-12,3,neutral,停车场离入口有点远，走了好久。
2025-03-12,5,positive,今年冰雕规模比去年更大了，很壮观。
2025-03-12,5,positive,夜场的冰灯特别漂亮，像童话世界一样。
2025-03-12,5,positive,虽然人多但是氛围感很棒，冰雪的快乐。
2025-03-12,3,neutral,冰雕很美，但是餐厅价格偏高。
2025-03-12,5,positive,虽然人多但是氛围感很棒，冰雪的快乐。
2025-03-12,4,positive,虽然冷但值得，哈尔滨的冬天名不虚传。
2025-03-12,3,neutral,停车场离入口有点远，走了好久。
2025-03-12,5,positive,冰雪大世界的灯光秀太震撼了，音乐配合得绝佳！
2025-03-12,3,neutral,停车场离入口有点远，走了好久。
2025-03-12,5,positive,夜场的冰灯特别漂亮，像童话世界一样。
2025-03-12,4,positive,冰酒吧体验独特，零下30度喝热饮很特别。
2025-03-12,5,positive,大滑梯超刺激，排队时间也在可接受范围内。
2025-03-12,4,positive,夜场的冰灯特别漂亮，像童话世界一样。
2025-03-12,3,neutral,总体还行，就是排队太久了。
2025-03-12,5,positive,冰酒吧体验独特，零下30度喝热饮很特别。
2025-03-12,5,positive,今年冰雕规模比去年更大了，很壮观。
2025-03-12,5,positive,大滑梯超刺激，排队时间也在可接受范围内。
2025-03-12,5,positive,极地馆的企鹅太可爱了，拍了好多照片。
2025-03-12,4,positive,适合拍照打卡，随手一拍都是大片。
2025-03-12,3,neutral,票价有点贵，不过冰雕确实不错。
2025-03-12,5,positive,大滑梯超刺激，排队时间也在可接受范围内。
2025-03-12,5,positive,虽然人多但是氛围感很棒，冰雪的快乐。
2025-03-12,4,positive,适合拍照打卡，随手一拍都是大片。
2025-03-12,3,neutral,停车场离入口有点远，走了好久。
2025-03-12,5,positive,冰雪大世界的灯光秀太震撼了，音乐配合得绝佳！
2025-03-12,4,positive,虽然人多但是氛围感很棒，冰雪的快乐。
2025-03-12,5,positive,虽然冷但值得，哈尔滨的冬天名不虚传。
2025-03-12,4,positive,冰上龙舟很有创意，适合全家一起玩。
2025-03-12,4,positive,大滑梯超刺激，排队时间也在可接受范围内。
2025-03-12,5,positive,适合拍照打卡，随手一拍都是大片。
2025-03-12,5,positive,服务态度很好，园区管理有序。
2025-03-12,4,positive,太美了！冰雕非常震撼，下次还来。
2025-03-13,1,negative,地上太滑了，差点摔倒好几次。
2025-03-13,1,negative,餐饮又贵又难吃，建议自带食物。
2025-03-13,5,positive,虽然人多但是氛围感很棒，冰雪的快乐。
2025-03-13,3,neutral,园区很大，走得腿都酸了，建议多设休息点。
2025-03-13,3,neutral,园区很大，走得腿都酸了，建议多设休息点。
2025-03-13,4,positive,适合拍照打卡，随手一拍都是大片。
2025-03-13,5,positive,适合拍照打卡，随手一拍都是大片。
2025-03-13,3,neutral,总体还行，就是排队太久了。
2025-03-13,3,neutral,人太多了，建议工作日去。
2025-03-13,5,positive,虽然人多但是氛围感很棒，冰雪的快乐。
2025-03-13,3,neutral,停车场离入口有点远，走了好久。
2025-03-13,2,negative,工作人员态度不好，问路都不理。
2025-03-13,3,neutral,冰雕很美，但是餐厅价格偏高。
2025-03-13,4,positive,虽然人多但是氛围感很棒，冰雪的快乐。
2025-03-13,5,positive,冰雪大世界的灯光秀太震撼了，音乐配合得绝佳！
2025-03-13,4,positive,冰滑梯排队虽久但值得，尖叫声不断。
2025-03-13,5,positive,虽然人多但是氛围感很棒，冰雪的快乐。
2025-03-13,5,positive,夜场的冰灯特别漂亮，像童话世界一样。
2025-03-13,5,positive,太美了！冰雕非常震撼，下次还来。
2025-03-13,4,positive,极地馆的企鹅太可爱了，拍了好多照片。
2025-03-13,3,neutral,白天看一般，晚上亮灯后效果才好。
2025-03-13,5,positive,今年冰雕规模比去年更大了，很壮观。
2025-03-13,4,positive,服务态度很好，园区管理有序。
2025-03-14,3,neutral,停车场离入口有点远，走了好久。
2025-03-14,4,positive,今年冰雕规模比去年更大了，很壮观。
2025-03-14,5,positive,主办方今年安排得很用心，动线合理不绕路。
2025-03-14,4,positive,服务态度很好，园区管理有序。
2025-03-14,3,neutral,白天看一般，晚上亮灯后效果才好。
2025-03-14,5,positive,带孩子来的，小朋友玩得很开心，推荐！
2025-03-14,3,neutral,冰雕很美，但是餐厅价格偏高。
2025-03-14,4,positive,大滑梯超刺激，排队时间也在可接受范围内。
2025-03-14,4,positive,适合拍照打卡，随手一拍都是大片。
2025-03-14,3,neutral,园区很大，走得腿都酸了，建议多设休息点。
2025-03-14,4,positive,适合拍照打卡，随手一拍都是大片。
2025-03-14,5,positive,虽然人多但是氛围感很棒，冰雪的快乐。
2025-03-14,5,positive,极地馆的企鹅太可爱了，拍了好多照片。
2025-03-14,3,neutral,白天看一般，晚上亮灯后效果才好。
2025-03-14,3,neutral,票价有点贵，不过冰雕确实不错。
2025-03-14,4,positive,夜场的冰灯特别漂亮，像童话世界一样。
2025-03-14,5,positive,今年冰雕规模比去年更大了，很壮观。
2025-03-14,5,positive,主办方今年安排得很用心，动线合理不绕路。
2025-03-14,5,positive,主办方今年安排得很用心，动线合理不绕路。
2025-03-14,5,positive,冰酒吧体验独特，零下30度喝热饮很特别。
2025-03-14,5,positive,虽然人多但是氛围感很棒，冰雪的快乐。
2025-03-14,4,positive,主办方今年安排得很用心，动线合理不绕路。
2025-03-14,2,negative,排队排了2个小时，体验很差。
2025-03-14,5,positive,虽然人多但是氛围感很棒，冰雪的快乐。
2025-03-14,4,positive,冰滑梯排队虽久但值得，尖叫声不断。
2025-03-14,4,positive,适合拍照打卡，随手一拍都是大片。
2025-03-14,1,negative,门票太贵了，性价比低。
2025-03-14,5,positive,冰上龙舟很有创意，适合全家一起玩。
2025-03-14,3,neutral,人太多了，建议工作日去。
2025-03-14,3,neutral,人太多了，建议工作日去。
2025-03-14,5,positive,冰上龙舟很有创意，适合全家一起玩。
2025-03-14,4,positive,适合拍照打卡，随手一拍都是大片。
2025-03-14,5,positive,冰上龙舟很有创意，适合全家一起玩。
2025-03-14,5,positive,大滑梯超刺激，排队时间也在可接受范围内。
2025-03-14,3,neutral,人太多了，建议工作日去。
2025-03-15,4,positive,虽然冷但值得，哈尔滨的冬天名不虚传。
2025-03-15,1,negative,人挤人，根本没心情看冰雕。
2025-03-15,4,positive,主办方今年安排得很用心，动线合理不绕路。
2025-03-15,5,positive,适合拍照打卡，随手一拍都是大片。
2025-03-15,3,neutral,园区很大，走得腿都酸了，建议多设休息点。
2025-03-15,4,positive,适合拍照打卡，随手一拍都是大片。
2025-03-15,3,neutral,总体还行，就是排队太久了。
2025-03-15,3,neutral,中规中矩的一次体验，和预期差不多。
2025-03-15,3,neutral,票价有点贵，不过冰雕确实不错。
2025-03-15,4,positive,冰雪大世界的灯光秀太震撼了，音乐配合得绝佳！
2025-03-15,3,neutral,人太多了，建议工作日去。
2025-03-15,1,negative,工作人员态度不好，问路都不理。
2025-03-15,4,positive,服务态度很好，园区管理有序。
2025-03-15,4,positive,冰雪大世界的灯光秀太震撼了，音乐配合得绝佳！
2025-03-15,4,positive,虽然人多但是氛围感很棒，冰雪的快乐。
2025-03-15,5,positive,夜场的冰灯特别漂亮，像童话世界一样。
2025-03-15,4,positive,冰滑梯排队虽久但值得，尖叫声不断。
2025-03-15,3,neutral,总体还行，就是排队太久了。
2025-03-15,4,positive,带孩子来的，小朋友玩得很开心，推荐！
2025-03-15,3,neutral,中规中矩的一次体验，和预期差不多。
2025-03-15,3,neutral,停车场离入口有点远，走了好久。
2025-03-15,3,neutral,人太多了，建议工作日去。
2025-03-15,4,positive,太美了！冰雕非常震撼，下次还来。
2025-03-15,3,neutral,票价有点贵，不过冰雕确实不错。
2025-03-15,5,positive,极地馆的企鹅太可爱了，拍了好多照片。
2025-03-16,3,neutral,中规中矩的一次体验，和预期差不多。
2025-03-16,4,positive,冰酒吧体验独特，零下30度喝热饮很特别。
2025-03-16,3,neutral,白天看一般，晚上亮灯后效果才好。
2025-03-16,3,neutral,人太多了，建议工作日去。
2025-03-16,5,positive,冰雪大世界的灯光秀太震撼了，音乐配合得绝佳！
2025-03-16,4,positive,适合拍照打卡，随手一拍都是大片。
2025-03-16,1,negative,工作人员态度不好，问路都不理。
2025-03-16,5,positive,虽然冷但值得，哈尔滨的冬天名不虚传。
2025-03-16,4,positive,太美了！冰雕非常震撼，下次还来。
2025-03-16,3,neutral,票价有点贵，不过冰雕确实不错。
2025-03-16,5,positive,虽然冷但值得，哈尔滨的冬天名不虚传。
2025-03-16,4,positive,服务态度很好，园区管理有序。
2025-03-16,4,positive,冰上龙舟很有创意，适合全家一起玩。
2025-03-16,5,positive,大滑梯超刺激，排队时间也在可接受范围内。
2025-03-16,5,positive,适合拍照打卡，随手一拍都是大片。
2025-03-16,3,neutral,人太多了，建议工作日去。
2025-03-16,5,positive,冰雪大世界的灯光秀太震撼了，音乐配合得绝佳！
2025-03-16,2,negative,工作人员态度不好，问路都不理。
2025-03-16,4,positive,主办方今年安排得很用心，动线合理不绕路。
2025-03-16,4,positive,适合拍照打卡，随手一拍都是大片。
2025-03-16,2,negative,太冷了，园区取暖设施不够。
2025-03-16,5,positive,主办方今年安排得很用心，动线合理不绕路。
2025-03-16,1,negative,冰雕有些已经开始融化，维护不及时。
2025-03-16,3,neutral,白天看一般，晚上亮灯后效果才好。
2025-03-16,3,neutral,冰雕很美，但是餐厅价格偏高。
2025-03-16,1,negative,冰雕有些已经开始融化，维护不及时。
2025-03-16,3,neutral,中规中矩的一次体验，和预期差不多。
2025-03-16,3,neutral,总体还行，就是排队太久了。
2025-03-16,4,positive,带孩子来的，小朋友玩得很开心，推荐！
2025-03-16,5,positive,带孩子来的，小朋友玩得很开心，推荐！
2025-03-17,4,positive,带孩子来的，小朋友玩得很开心，推荐！
2025-03-17,3,neutral,票价有点贵，不过冰雕确实不错。
2025-03-17,5,positive,冰上龙舟很有创意，适合全家一起玩。
2025-03-17,5,positive,冰雪大世界的灯光秀太震撼了，音乐配合得绝佳！
2025-03-17,3,neutral,园区很大，走得腿都酸了，建议多设休息点。
2025-03-17,4,positive,太美了！冰雕非常震撼，下次还来。
2025-03-17,3,neutral,停车场离入口有点远，走了好久。
2025-03-17,4,positive,大滑梯超刺激，排队时间也在可接受范围内。
2025-03-17,4,positive,适合拍照打卡，随手一拍都是大片。
2025-03-17,5,positive,适合拍照打卡，随手一拍都是大片。
2025-03-17,4,positive,带孩子来的，小朋友玩得很开心，推荐！
2025-03-17,5,positive,主办方今年安排得很用心，动线合理不绕路。
2025-03-17,4,positive,冰酒吧体验独特，零下30度喝热饮很特别。
2025-03-17,4,positive,夜场的冰灯特别漂亮，像童话世界一样。
2025-03-17,4,positive,服务态度很好，园区管理有序。
2025-03-17,3,neutral,停车场离入口有点远，走了好久。
2025-03-17,5,positive,冰雪大世界的灯光秀太震撼了，音乐配合得绝佳！
2025-03-17,2,negative,工作人员态度不好，问路都不理。
2025-03-17,1,negative,门票太贵了，性价比低。
2025-03-17,5,positive,冰酒吧体验独特，零下30度喝热饮很特别。
2025-03-17,3,neutral,人太多了，建议工作日去。
2025-03-17,3,neutral,票价有点贵，不过冰雕确实不错。
2025-03-17,3,neutral,中规中矩的一次体验，和预期差不多。
2025-03-17,5,positive,带孩子来的，小朋友玩得很开心，推荐！
2025-03-17,2,negative,卫生间太少了，排队比看冰雕还久。
2025-03-17,4,positive,夜场的冰灯特别漂亮，像童话世界一样。
2025-03-17,5,positive,服务态度很好，园区管理有序。
2025-03-17,3,neutral,总体还行，就是排队太久了。
2025-03-17,2,negative,工作人员态度不好，问路都不理。
2025-03-17,5,positive,极地馆的企鹅太可爱了，拍了好多照片。
2025-03-17,5,positive,虽然人多但是氛围感很棒，冰雪的快乐。
2025-03-17,5,positive,极地馆的企鹅太可爱了，拍了好多照片。
2025-03-17,3,neutral,停车场离入口有点远，走了好久。
2025-03-17,3,neutral,票价有点贵，不过冰雕确实不错。
2025-03-17,4,positive,极地馆的企鹅太可爱了，拍了好多照片。
2025-03-17,5,positive,虽然人多但是氛围感很棒，冰雪的快乐。
2025-03-17,4,positive,冰酒吧体验独特，零下30度喝热饮很特别。
2025-03-17,5,positive,极地馆的企鹅太可爱了，拍了好多照片。
2025-03-17,4,positive,适合拍照打卡，随手一拍都是大片。
2025-03-17,4,positive,虽然人多但是氛围感很棒，冰雪的快乐。
2025-03-17,4,positive,主办方今年安排得很用心，动线合理不绕路。
2025-03-17,4,positive,冰雪大世界的灯光秀太震撼了，音乐配合得绝佳！
2025-03-17,3,neutral,票价有点贵，不过冰雕确实不错。
2025-03-17,1,negative,人挤人，根本没心情看冰雕。
2025-03-17,3,neutral,票价有点贵，不过冰雕确实不错。
2025-03-17,5,positive,夜场的冰灯特别漂亮，像童话世界一样。
2025-03-17,5,positive,虽然人多但是氛围感很棒，冰雪的快乐。
2025-03-17,2,negative,停车费贵得离谱，而且不好找车位。
2025-03-18,4,positive,适合拍照打卡，随手一拍都是大片。
2025-03-18,4,positive,夜场的冰灯特别漂亮，像童话世界一样。
2025-03-18,5,positive,太美了！冰雕非常震撼，下次还来。
2025-03-18,4,positive,极地馆的企鹅太可爱了，拍了好多照片。
2025-03-18,5,positive,冰上龙舟很有创意，适合全家一起玩。
2025-03-18,4,positive,主办方今年安排得很用心，动线合理不绕路。
2025-03-18,4,positive,今年冰雕规模比去年更大了，很壮观。
2025-03-18,5,positive,带孩子来的，小朋友玩得很开心，推荐！
2025-03-18,4,positive,太美了！冰雕非常震撼，下次还来。
2025-03-18,4,positive,夜场的冰灯特别漂亮，像童话世界一样。
2025-03-18,3,neutral,园区很大，走得腿都酸了，建议多设休息点。
2025-03-18,3,neutral,人太多了，建议工作日去。
2025-03-18,3,neutral,票价有点贵，不过冰雕确实不错。
2025-03-18,3,neutral,冰雕很美，但是餐厅价格偏高。
2025-03-18,4,positive,虽然人多但是氛围感很棒，冰雪的快乐。
2025-03-18,5,positive,主办方今年安排得很用心，动线合理不绕路。
2025-03-18,4,positive,太美了！冰雕非常震撼，下次还来。
2025-03-18,5,positive,带孩子来的，小朋友玩得很开心，推荐！
2025-03-18,5,positive,带孩子来的，小朋友玩得很开心，推荐！
2025-03-18,5,positive,极地馆的企鹅太可爱了，拍了好多照片。
2025-03-18,1,negative,门票太贵了，性价比低。
2025-03-18,2,negative,地上太滑了，差点摔倒好几次。
2025-03-18,4,positive,极地馆的企鹅太可爱了，拍了好多照片。
2025-03-18,4,positive,夜场的冰灯特别漂亮，像童话世界一样。
2025-03-18,5,positive,服务态度很好，园区管理有序。
2025-03-18,4,positive,冰雪大世界的灯光秀太震撼了，音乐配合得绝佳！
2025-03-18,3,neutral,总体还行，就是排队太久了。
2025-03-18,3,neutral,园区很大，走得腿都酸了，建议多设休息点。
2025-03-18,3,neutral,冰雕很美，但是餐厅价格偏高。
2025-03-18,4,positive,太美了！冰雕非常震撼，下次还来。
2025-03-18,3,neutral,冰雕很美，但是餐厅价格偏高。
2025-03-19,5,positive,冰雪大世界的灯光秀太震撼了，音乐配合得绝佳！
2025-03-19,3,neutral,停车场离入口有点远，走了好久。
2025-03-19,2,negative,餐饮又贵又难吃，建议自带食物。
2025-03-19,4,positive,冰酒吧体验独特，零下30度喝热饮很特别。
2025-03-19,4,positive,冰上龙舟很有创意，适合全家一起玩。
2025-03-19,4,positive,适合拍照打卡，随手一拍都是大片。
2025-03-19,5,positive,今年冰雕规模比去年更大了，很壮观。
2025-03-19,4,positive,极地馆的企鹅太可爱了，拍了好多照片。
2025-03-19,5,positive,冰滑梯排队虽久但值得，尖叫声不断。
2025-03-19,3,neutral,中规中矩的一次体验，和预期差不多。
2025-03-19,5,positive,冰酒吧体验独特，零下30度喝热饮很特别。
2025-03-19,3,neutral,园区很大，走得腿都酸了，建议多设休息点。
2025-03-19,4,positive,适合拍照打卡，随手一拍都是大片。
2025-03-19,3,neutral,票价有点贵，不过冰雕确实不错。
2025-03-19,2,negative,排队排了2个小时，体验很差。
2025-03-19,3,neutral,园区很大，走得腿都酸了，建议多设休息点。
2025-03-19,3,neutral,总体还行，就是排队太久了。
2025-03-19,3,neutral,园区很大，走得腿都酸了，建议多设休息点。
2025-03-19,2,negative,餐饮又贵又难吃，建议自带食物。
2025-03-19,4,positive,大滑梯超刺激，排队时间也在可接受范围内。
2025-03-19,4,positive,虽然人多但是氛围感很棒，冰雪的快乐。
2025-03-20,5,positive,虽然人多但是氛围感很棒，冰雪的快乐。
2025-03-20,1,negative,人挤人，根本没心情看冰雕。
2025-03-20,3,neutral,人太多了，建议工作日去。
2025-03-20,2,negative,停车费贵得离谱，而且不好找车位。
2025-03-20,4,positive,极地馆的企鹅太可爱了，拍了好多照片。
2025-03-20,5,positive,虽然冷但值得，哈尔滨的冬天名不虚传。
2025-03-20,4,positive,冰酒吧体验独特，零下30度喝热饮很特别。
2025-03-20,5,positive,今年冰雕规模比去年更大了，很壮观。
2025-03-20,5,positive,大滑梯超刺激，排队时间也在可接受范围内。
2025-03-20,3,neutral,人太多了，建议工作日去。
2025-03-20,5,positive,适合拍照打卡，随手一拍都是大片。
2025-03-20,5,positive,冰酒吧体验独特，零下30度喝热饮很特别。
2025-03-20,4,positive,服务态度很好，园区管理有序。
2025-03-20,3,neutral,票价有点贵，不过冰雕确实不错。
2025-03-20,3,neutral,冰雕很美，但是餐厅价格偏高。
2025-03-20,3,neutral,冰雕很美，但是餐厅价格偏高。
2025-03-20,4,positive,服务态度很好，园区管理有序。
2025-03-20,3,neutral,人太多了，建议工作日去。
2025-03-20,1,negative,工作人员态度不好，问路都不理。
2025-03-20,5,positive,冰上龙舟很有创意，适合全家一起玩。
2025-03-20,4,positive,带孩子来的，小朋友玩得很开心，推荐！
2025-03-20,4,positive,大滑梯超刺激，排队时间也在可接受范围内。
2025-03-20,4,positive,冰雪大世界的灯光秀太震撼了，音乐配合得绝佳！
2025-03-20,5,positive,服务态度很好，园区管理有序。
2025-03-20,2,negative,餐饮又贵又难吃，建议自带食物。
2025-03-20,3,neutral,园区很大，走得腿都酸了，建议多设休息点。
2025-03-20,4,positive,带孩子来的，小朋友玩得很开心，推荐！
2025-03-20,3,neutral,冰雕很美，但是餐厅价格偏高。
2025-03-20,4,positive,冰雪大世界的灯光秀太震撼了，音乐配合得绝佳！
2025-03-20,3,neutral,园区很大，走得腿都酸了，建议多设休息点。
2025-03-20,3,neutral,中规中矩的一次体验，和预期差不多。
2025-03-20,3,neutral,人太多了，建议工作日去。
2025-03-20,5,positive,服务态度很好，园区管理有序。
2025-03-20,5,positive,虽然人多但是氛围感很棒，冰雪的快乐。
2025-03-20,2,negative,餐饮又贵又难吃，建议自带食物。
2025-03-20,4,positive,今年冰雕规模比去年更大了，很壮观。
2025-03-20,5,positive,主办方今年安排得很用心，动线合理不绕路。
2025-03-20,3,neutral,白天看一般，晚上亮灯后效果才好。
2025-03-20,3,neutral,白天看一般，晚上亮灯后效果才好。
2025-03-20,1,negative,排队排了2个小时，体验很差。
2025-03-20,5,positive,冰酒吧体验独特，零下30度喝热饮很特别。
2025-03-20,3,neutral,园区很大，走得腿都酸了，建议多设休息点。
2025-03-20,1,negative,太冷了，园区取暖设施不够。
2025-03-20,3,neutral,冰雕很美，但是餐厅价格偏高。
2025-03-20,4,positive,带孩子来的，小朋友玩得很开心，推荐！
2025-03-21,4,positive,极地馆的企鹅太可爱了，拍了好多照片。
2025-03-21,4,positive,带孩子来的，小朋友玩得很开心，推荐！
2025-03-21,4,positive,冰雪大世界的灯光秀太震撼了，音乐配合得绝佳！
2025-03-21,4,positive,极地馆的企鹅太可爱了，拍了好多照片。
2025-03-21,5,positive,服务态度很好，园区管理有序。
2025-03-21,4,positive,带孩子来的，小朋友玩得很开心，推荐！
2025-03-21,5,positive,今年冰雕规模比去年更大了，很壮观。
2025-03-21,3,neutral,票价有点贵，不过冰雕确实不错。
2025-03-21,5,positive,今年冰雕规模比去年更大了，很壮观。
2025-03-21,4,positive,冰滑梯排队虽久但值得，尖叫声不断。
2025-03-21,4,positive,今年冰雕规模比去年更大了，很壮观。
2025-03-21,5,positive,主办方今年安排得很用心，动线合理不绕路。
2025-03-21,3,neutral,冰雕很美，但是餐厅价格偏高。
2025-03-21,4,positive,夜场的冰灯特别漂亮，像童话世界一样。
2025-03-21,3,neutral,园区很大，走得腿都酸了，建议多设休息点。
2025-03-21,1,negative,门票太贵了，性价比低。
2025-03-21,4,positive,太美了！冰雕非常震撼，下次还来。
2025-03-21,3,neutral,票价有点贵，不过冰雕确实不错。
2025-03-21,4,positive,服务态度很好，园区管理有序。
2025-03-21,5,positive,虽然冷但值得，哈尔滨的冬天名不虚传。
2025-03-21,3,neutral,白天看一般，晚上亮灯后效果才好。
2025-03-21,5,positive,带孩子来的，小朋友玩得很开心，推荐！
2025-03-21,3,neutral,票价有点贵，不过冰雕确实不错。
2025-03-21,4,positive,夜场的冰灯特别漂亮，像童话世界一样。
2025-03-21,5,positive,极地馆的企鹅太可爱了，拍了好多照片。
2025-03-22,5,positive,适合拍照打卡，随手一拍都是大片。
2025-03-22,3,neutral,冰雕很美，但是餐厅价格偏高。
2025-03-22,4,positive,冰酒吧体验独特，零下30度喝热饮很特别。
2025-03-22,2,negative,冰雕有些已经开始融化，维护不及时。
2025-03-22,5,positive,带孩子来的，小朋友玩得很开心，推荐！
2025-03-22,2,negative,卫生间太少了，排队比看冰雕还久。
2025-03-22,1,negative,地上太滑了，差点摔倒好几次。
2025-03-22,3,neutral,冰雕很美，但是餐厅价格偏高。
2025-03-22,3,neutral,冰雕很美，但是餐厅价格偏高。
2025-03-22,4,positive,冰酒吧体验独特，零下30度喝热饮很特别。
2025-03-22,5,positive,带孩子来的，小朋友玩得很开心，推荐！
2025-03-22,3,neutral,总体还行，就是排队太久了。
2025-03-22,1,negative,餐饮又贵又难吃，建议自带食物。
2025-03-22,5,positive,今年冰雕规模比去年更大了，很壮观。
2025-03-22,3,neutral,白天看一般，晚上亮灯后效果才好。
2025-03-22,3,neutral,人太多了，建议工作日去。
2025-03-22,4,positive,今年冰雕规模比去年更大了，很壮观。
2025-03-22,1,negative,卫生间太少了，排队比看冰雕还久。
2025-03-22,5,positive,极地馆的企鹅太可爱了，拍了好多照片。
2025-03-22,1,negative,停车费贵得离谱，而且不好找车位。
2025-03-22,5,positive,冰滑梯排队虽久但值得，尖叫声不断。
2025-03-22,3,neutral,白天看一般，晚上亮灯后效果才好。
2025-03-22,4,positive,冰上龙舟很有创意，适合全家一起玩。
2025-03-22,3,neutral,人太多了，建议工作日去。
2025-03-22,3,neutral,冰雕很美，但是餐厅价格偏高。
2025-03-22,4,positive,太美了！冰雕非常震撼，下次还来。
2025-03-22,1,negative,卫生间太少了，排队比看冰雕还久。
2025-03-22,5,positive,适合拍照打卡，随手一拍都是大片。
2025-03-22,4,positive,夜场的冰灯特别漂亮，像童话世界一样。
2025-03-22,5,positive,冰雪大世界的灯光秀太震撼了，音乐配合得绝佳！
2025-03-22,5,positive,夜场的冰灯特别漂亮，像童话世界一样。
2025-03-22,4,positive,夜场的冰灯特别漂亮，像童话世界一样。
2025-03-22,5,positive,服务态度很好，园区管理有序。
2025-03-22,4,positive,冰酒吧体验独特，零下30度喝热饮很特别。
2025-03-22,3,neutral,冰雕很美，但是餐厅价格偏高。
2025-03-22,5,positive,太美了！冰雕非常震撼，下次还来。
2025-03-22,1,negative,地上太滑了，差点摔倒好几次。
2025-03-22,3,neutral,园区很大，走得腿都酸了，建议多设休息点。
2025-03-22,1,negative,停车费贵得离谱，而且不好找车位。
2025-03-22,5,positive,服务态度很好，园区管理有序。
2025-03-22,4,positive,适合拍照打卡，随手一拍都是大片。
2025-03-22,3,neutral,停车场离入口有点远，走了好久。
2025-03-22,1,negative,餐饮又贵又难吃，建议自带食物。
2025-03-22,5,positive,冰上龙舟很有创意，适合全家一起玩。
2025-03-22,1,negative,地上太滑了，差点摔倒好几次。
2025-03-22,3,neutral,停车场离入口有点远，走了好久。
2025-03-22,5,positive,极地馆的企鹅太可爱了，拍了好多照片。
2025-03-22,5,positive,大滑梯超刺激，排队时间也在可接受范围内。
2025-03-22,5,positive,大滑梯超刺激，排队时间也在可接受范围内。
2025-03-22,3,neutral,白天看一般，晚上亮灯后效果才好。
2025-03-22,4,positive,极地馆的企鹅太可爱了，拍了好多照片。
2025-03-22,4,positive,适合拍照打卡，随手一拍都是大片。
2025-03-22,4,positive,冰滑梯排队虽久但值得，尖叫声不断。
2025-03-22,3,neutral,园区很大，走得腿都酸了，建议多设休息点。
2025-03-22,5,positive,大滑梯超刺激，排队时间也在可接受范围内。
2025-03-22,5,positive,冰雪大世界的灯光秀太震撼了，音乐配合得绝佳！
2025-03-22,3,neutral,票价有点贵，不过冰雕确实不错。
2025-03-22,1,negative,门票太贵了，性价比低。
2025-03-22,4,positive,服务态度很好，园区管理有序。
2025-03-22,3,neutral,中规中矩的一次体验，和预期差不多。
2025-03-22,2,negative,太冷了，园区取暖设施不够。
2025-03-23,5,positive,冰雪大世界的灯光秀太震撼了，音乐配合得绝佳！
2025-03-23,2,negative,太冷了，园区取暖设施不够。
2025-03-23,3,neutral,票价有点贵，不过冰雕确实不错。
2025-03-23,5,positive,适合拍照打卡，随手一拍都是大片。
2025-03-23,3,neutral,园区很大，走得腿都酸了，建议多设休息点。
2025-03-23,5,positive,带孩子来的，小朋友玩得很开心，推荐！
2025-03-23,3,neutral,人太多了，建议工作日去。
2025-03-23,4,positive,冰酒吧体验独特，零下30度喝热饮很特别。
2025-03-23,4,positive,太美了！冰雕非常震撼，下次还来。
2025-03-23,3,neutral,票价有点贵，不过冰雕确实不错。
2025-03-23,5,positive,适合拍照打卡，随手一拍都是大片。
2025-03-23,3,neutral,冰雕很美，但是餐厅价格偏高。
2025-03-23,4,positive,极地馆的企鹅太可爱了，拍了好多照片。
2025-03-23,2,negative,冰雕有些已经开始融化，维护不及时。
2025-03-23,5,positive,主办方今年安排得很用心，动线合理不绕路。
2025-03-23,5,positive,虽然人多但是氛围感很棒，冰雪的快乐。
2025-03-23,5,positive,太美了！冰雕非常震撼，下次还来。
2025-03-23,4,positive,服务态度很好，园区管理有序。
2025-03-23,1,negative,卫生间太少了，排队比看冰雕还久。
2025-03-23,3,neutral,人太多了，建议工作日去。
2025-03-23,5,positive,冰上龙舟很有创意，适合全家一起玩。
2025-03-23,2,negative,冰雕有些已经开始融化，维护不及时。
2025-03-23,3,neutral,票价有点贵，不过冰雕确实不错。
2025-03-23,5,positive,服务态度很好，园区管理有序。
2025-03-23,4,positive,太美了！冰雕非常震撼，下次还来。
2025-03-23,2,negative,停车费贵得离谱，而且不好找车位。
2025-03-23,4,positive,虽然冷但值得，哈尔滨的冬天名不虚传。
2025-03-23,4,positive,冰滑梯排队虽久但值得，尖叫声不断。
2025-03-23,2,negative,排队排了2个小时，体验很差。
2025-03-23,3,neutral,白天看一般，晚上亮灯后效果才好。
2025-03-23,3,neutral,中规中矩的一次体验，和预期差不多。
2025-03-23,1,negative,人挤人，根本没心情看冰雕。
2025-03-23,4,positive,适合拍照打卡，随手一拍都是大片。
2025-03-23,5,positive,冰雪大世界的灯光秀太震撼了，音乐配合得绝佳！
2025-03-23,4,positive,冰滑梯排队虽久但值得，尖叫声不断。
2025-03-23,5,positive,虽然人多但是氛围感很棒，冰雪的快乐。
2025-03-23,5,positive,冰滑梯排队虽久但值得，尖叫声不断。
2025-03-23,4,positive,极地馆的企鹅太可爱了，拍了好多照片。
2025-03-23,5,positive,冰雪大世界的灯光秀太震撼了，音乐配合得绝佳！
2025-03-23,4,positive,冰酒吧体验独特，零下30度喝热饮很特别。
2025-03-23,4,positive,太美了！冰雕非常震撼，下次还来。
2025-03-23,2,negative,停车费贵得离谱，而且不好找车位。
2025-03-23,4,positive,冰上龙舟很有创意，适合全家一起玩。
2025-03-23,3,neutral,人太多了，建议工作日去。
2025-03-23,4,positive,冰雪大世界的灯光秀太震撼了，音乐配合得绝佳！
2025-03-23,1,negative,卫生间太少了，排队比看冰雕还久。
2025-03-23,5,positive,冰滑梯排队虽久但值得，尖叫声不断。
2025-03-23,5,positive,虽然冷但值得，哈尔滨的冬天名不虚传。
2025-03-23,2,negative,餐饮又贵又难吃，建议自带食物。
2025-03-23,4,positive,带孩子来的，小朋友玩得很开心，推荐！
2025-03-23,1,negative,地上太滑了，差点摔倒好几次。
2025-03-23,4,positive,虽然人多但是氛围感很棒，冰雪的快乐。
2025-03-23,4,positive,夜场的冰灯特别漂亮，像童话世界一样。
2025-03-23,5,positive,极地馆的企鹅太可爱了，拍了好多照片。
2025-03-23,5,positive,今年冰雕规模比去年更大了，很壮观。
2025-03-23,5,positive,太美了！冰雕非常震撼，下次还来。
2025-03-23,1,negative,工作人员态度不好，问路都不理。
2025-03-23,5,positive,冰上龙舟很有创意，适合全家一起玩。
2025-03-24,1,negative,工作人员态度不好，问路都不理。
2025-03-24,4,positive,夜场的冰灯特别漂亮，像童话世界一样。
2025-03-24,5,positive,今年冰雕规模比去年更大了，很壮观。
2025-03-24,3,neutral,票价有点贵，不过冰雕确实不错。
2025-03-24,1,negative,地上太滑了，差点摔倒好几次。
2025-03-24,2,negative,人挤人，根本没心情看冰雕。
2025-03-24,4,positive,虽然人多但是氛围感很棒，冰雪的快乐。
2025-03-24,2,negative,卫生间太少了，排队比看冰雕还久。
2025-03-24,5,positive,虽然人多但是氛围感很棒，冰雪的快乐。
2025-03-24,5,positive,主办方今年安排得很用心，动线合理不绕路。
2025-03-24,5,positive,虽然人多但是氛围感很棒，冰雪的快乐。
2025-03-24,4,positive,带孩子来的，小朋友玩得很开心，推荐！
2025-03-24,1,negative,门票太贵了，性价比低。
2025-03-24,4,positive,大滑梯超刺激，排队时间也在可接受范围内。
2025-03-24,5,positive,冰上龙舟很有创意，适合全家一起玩。
2025-03-24,1,negative,门票太贵了，性价比低。
2025-03-24,5,positive,大滑梯超刺激，排队时间也在可接受范围内。
2025-03-24,4,positive,虽然冷但值得，哈尔滨的冬天名不虚传。
2025-03-24,3,neutral,总体还行，就是排队太久了。
2025-03-24,5,positive,适合拍照打卡，随手一拍都是大片。
2025-03-25,3,neutral,白天看一般，晚上亮灯后效果才好。
2025-03-25,5,positive,虽然冷但值得，哈尔滨的冬天名不虚传。
2025-03-25,5,positive,冰滑梯排队虽久但值得，尖叫声不断。
2025-03-25,4,positive,大滑梯超刺激，排队时间也在可接受范围内。
2025-03-25,5,positive,冰滑梯排队虽久但值得，尖叫声不断。
2025-03-25,5,positive,冰滑梯排队虽久但值得，尖叫声不断。
2025-03-25,3,neutral,总体还行，就是排队太久了。
2025-03-25,3,neutral,停车场离入口有点远，走了好久。
2025-03-25,3,neutral,停车场离入口有点远，走了好久。
2025-03-25,4,positive,太美了！冰雕非常震撼，下次还来。
2025-03-25,3,neutral,中规中矩的一次体验，和预期差不多。
2025-03-25,3,neutral,总体还行，就是排队太久了。
2025-03-25,3,neutral,停车场离入口有点远，走了好久。
2025-03-25,4,positive,今年冰雕规模比去年更大了，很壮观。
2025-03-25,4,positive,大滑梯超刺激，排队时间也在可接受范围内。
2025-03-25,4,positive,今年冰雕规模比去年更大了，很壮观。
2025-03-25,3,neutral,票价有点贵，不过冰雕确实不错。
2025-03-25,2,negative,排队排了2个小时，体验很差。
2025-03-25,3,neutral,中规中矩的一次体验，和预期差不多。
2025-03-25,3,neutral,人太多了，建议工作日去。
2025-03-25,2,negative,工作人员态度不好，问路都不理。
2025-03-25,3,neutral,中规中矩的一次体验，和预期差不多。
2025-03-25,4,positive,太美了！冰雕非常震撼，下次还来。
2025-03-25,4,positive,带孩子来的，小朋友玩得很开心，推荐！
2025-03-25,5,positive,服务态度很好，园区管理有序。
2025-03-25,2,negative,冰雕有些已经开始融化，维护不及时。
2025-03-25,4,positive,虽然冷但值得，哈尔滨的冬天名不虚传。
2025-03-25,3,neutral,票价有点贵，不过冰雕确实不错。
2025-03-25,4,positive,极地馆的企鹅太可爱了，拍了好多照片。
2025-03-25,3,neutral,人太多了，建议工作日去。
2025-03-25,4,positive,服务态度很好，园区管理有序。
2025-03-25,1,negative,太冷了，园区取暖设施不够。
2025-03-25,2,negative,冰雕有些已经开始融化，维护不及时。
2025-03-25,5,positive,太美了！冰雕非常震撼，下次还来。
2025-03-25,5,positive,夜场的冰灯特别漂亮，像童话世界一样。
2025-03-25,3,neutral,冰雕很美，但是餐厅价格偏高。
2025-03-25,3,neutral,园区很大，走得腿都酸了，建议多设休息点。
2025-03-25,5,positive,冰上龙舟很有创意，适合全家一起玩。
2025-03-25,3,neutral,白天看一般，晚上亮灯后效果才好。
2025-03-25,3,neutral,中规中矩的一次体验，和预期差不多。
2025-03-26,3,neutral,冰雕很美，但是餐厅价格偏高。
2025-03-26,1,negative,地上太滑了，差点摔倒好几次。
2025-03-26,3,neutral,白天看一般，晚上亮灯后效果才好。
2025-03-26,2,negative,餐饮又贵又难吃，建议自带食物。
2025-03-26,3,neutral,冰雕很美，但是餐厅价格偏高。
2025-03-26,4,positive,带孩子来的，小朋友玩得很开心，推荐！
2025-03-26,4,positive,冰上龙舟很有创意，适合全家一起玩。
2025-03-26,3,neutral,停车场离入口有点远，走了好久。
2025-03-26,4,positive,夜场的冰灯特别漂亮，像童话世界一样。
2025-03-26,5,positive,夜场的冰灯特别漂亮，像童话世界一样。
2025-03-26,3,neutral,中规中矩的一次体验，和预期差不多。
2025-03-26,3,neutral,白天看一般，晚上亮灯后效果才好。
2025-03-26,4,positive,太美了！冰雕非常震撼，下次还来。
2025-03-26,4,positive,今年冰雕规模比去年更大了，很壮观。
2025-03-26,4,positive,冰滑梯排队虽久但值得，尖叫声不断。
2025-03-26,5,positive,虽然人多但是氛围感很棒，冰雪的快乐。
2025-03-26,1,negative,人挤人，根本没心情看冰雕。
2025-03-26,4,positive,带孩子来的，小朋友玩得很开心，推荐！
2025-03-26,5,positive,虽然冷但值得，哈尔滨的冬天名不虚传。
2025-03-26,5,positive,大滑梯超刺激，排队时间也在可接受范围内。
2025-03-26,5,positive,太美了！冰雕非常震撼，下次还来。
2025-03-26,5,positive,夜场的冰灯特别漂亮，像童话世界一样。
2025-03-26,1,negative,工作人员态度不好，问路都不理。
2025-03-26,4,positive,服务态度很好，园区管理有序。
2025-03-26,4,positive,适合拍照打卡，随手一拍都是大片。
2025-03-26,1,negative,地上太滑了，差点摔倒好几次。
2025-03-26,4,positive,冰滑梯排队虽久但值得，尖叫声不断。
2025-03-26,4,positive,太美了！冰雕非常震撼，下次还来。
2025-03-26,3,neutral,人太多了，建议工作日去。
2025-03-26,4,positive,冰雪大世界的灯光秀太震撼了，音乐配合得绝佳！
2025-03-26,3,neutral,园区很大，走得腿都酸了，建议多设休息点。
2025-03-26,3,neutral,停车场离入口有点远，走了好久。
2025-03-26,4,positive,冰雪大世界的灯光秀太震撼了，音乐配合得绝佳！
2025-03-26,5,positive,大滑梯超刺激，排队时间也在可接受范围内。
2025-03-27,4,positive,带孩子来的，小朋友玩得很开心，推荐！
2025-03-27,4,positive,服务态度很好，园区管理有序。
2025-03-27,3,neutral,停车场离入口有点远，走了好久。
2025-03-27,4,positive,极地馆的企鹅太可爱了，拍了好多照片。
2025-03-27,3,neutral,停车场离入口有点远，走了好久。
2025-03-27,5,positive,主办方今年安排得很用心，动线合理不绕路。
2025-03-27,2,negative,餐饮又贵又难吃，建议自带食物。
2025-03-27,3,neutral,中规中矩的一次体验，和预期差不多。
2025-03-27,4,positive,主办方今年安排得很用心，动线合理不绕路。
2025-03-27,4,positive,主办方今年安排得很用心，动线合理不绕路。
2025-03-27,3,neutral,白天看一般，晚上亮灯后效果才好。
2025-03-27,1,negative,卫生间太少了，排队比看冰雕还久。
2025-03-27,5,positive,适合拍照打卡，随手一拍都是大片。
2025-03-27,5,positive,冰滑梯排队虽久但值得，尖叫声不断。
2025-03-27,3,neutral,白天看一般，晚上亮灯后效果才好。
2025-03-27,3,neutral,人太多了，建议工作日去。
2025-03-27,4,positive,带孩子来的，小朋友玩得很开心，推荐！
2025-03-27,3,neutral,票价有点贵，不过冰雕确实不错。
2025-03-27,3,neutral,总体还行，就是排队太久了。
2025-03-27,4,positive,夜场的冰灯特别漂亮，像童话世界一样。
2025-03-27,4,positive,夜场的冰灯特别漂亮，像童话世界一样。
2025-03-27,4,positive,今年冰雕规模比去年更大了，很壮观。
2025-03-27,4,positive,极地馆的企鹅太可爱了，拍了好多照片。
2025-03-27,4,positive,太美了！冰雕非常震撼，下次还来。
2025-03-27,1,negative,人挤人，根本没心情看冰雕。
2025-03-27,4,positive,太美了！冰雕非常震撼，下次还来。
2025-03-27,5,positive,冰雪大世界的灯光秀太震撼了，音乐配合得绝佳！
2025-03-27,3,neutral,中规中矩的一次体验，和预期差不多。
2025-03-27,4,positive,服务态度很好，园区管理有序。
2025-03-27,3,neutral,总体还行，就是排队太久了。
2025-03-27,5,positive,服务态度很好，园区管理有序。
2025-03-27,3,neutral,停车场离入口有点远，走了好久。
2025-03-27,4,positive,大滑梯超刺激，排队时间也在可接受范围内。
2025-03-27,5,positive,大滑梯超刺激，排队时间也在可接受范围内。
2025-03-27,3,neutral,停车场离入口有点远，走了好久。
2025-03-27,4,positive,带孩子来的，小朋友玩得很开心，推荐！
2025-03-27,1,negative,工作人员态度不好，问路都不理。
2025-03-27,3,neutral,园区很大，走得腿都酸了，建议多设休息点。
2025-03-28,2,negative,停车费贵得离谱，而且不好找车位。
2025-03-28,5,positive,夜场的冰灯特别漂亮，像童话世界一样。
2025-03-28,4,positive,适合拍照打卡，随手一拍都是大片。
2025-03-28,3,neutral,人太多了，建议工作日去。
2025-03-28,1,negative,人挤人，根本没心情看冰雕。
2025-03-28,1,negative,门票太贵了，性价比低。
2025-03-28,3,neutral,票价有点贵，不过冰雕确实不错。
2025-03-28,5,positive,虽然人多但是氛围感很棒，冰雪的快乐。
2025-03-28,2,negative,门票太贵了，性价比低。
2025-03-28,1,negative,人挤人，根本没心情看冰雕。
2025-03-28,1,negative,工作人员态度不好，问路都不理。
2025-03-28,5,positive,虽然冷但值得，哈尔滨的冬天名不虚传。
2025-03-28,3,neutral,停车场离入口有点远，走了好久。
2025-03-28,3,neutral,票价有点贵，不过冰雕确实不错。
2025-03-28,2,negative,卫生间太少了，排队比看冰雕还久。
2025-03-28,3,neutral,人太多了，建议工作日去。
2025-03-28,3,neutral,园区很大，走得腿都酸了，建议多设休息点。
2025-03-28,1,negative,停车费贵得离谱，而且不好找车位。
2025-03-28,3,neutral,人太多了，建议工作日去。
2025-03-28,3,neutral,园区很大，走得腿都酸了，建议多设休息点。
2025-03-28,5,positive,带孩子来的，小朋友玩得很开心，推荐！
2025-03-28,4,positive,夜场的冰灯特别漂亮，像童话世界一样。
2025-03-28,2,negative,工作人员态度不好，问路都不理。
2025-03-28,5,positive,太美了！冰雕非常震撼，下次还来。
2025-03-28,4,positive,大滑梯超刺激，排队时间也在可接受范围内。
2025-03-28,5,positive,虽然冷但值得，哈尔滨的冬天名不虚传。
2025-03-28,2,negative,餐饮又贵又难吃，建议自带食物。
2025-03-28,5,positive,服务态度很好，园区管理有序。
2025-03-28,3,neutral,总体还行，就是排队太久了。
2025-03-28,5,positive,冰酒吧体验独特，零下30度喝热饮很特别。
2025-03-28,3,neutral,园区很大，走得腿都酸了，建议多设休息点。
2025-03-28,3,neutral,票价有点贵，不过冰雕确实不错。
2025-03-28,5,positive,虽然人多但是氛围感很棒，冰雪的快乐。
2025-03-29,4,positive,太美了！冰雕非常震撼，下次还来。
2025-03-29,5,positive,服务态度很好，园区管理有序。
2025-03-29,4,positive,服务态度很好，园区管理有序。
2025-03-29,5,positive,极地馆的企鹅太可爱了，拍了好多照片。
2025-03-29,3,neutral,冰雕很美，但是餐厅价格偏高。
2025-03-29,3,neutral,园区很大，走得腿都酸了，建议多设休息点。
2025-03-29,4,positive,虽然冷但值得，哈尔滨的冬天名不虚传。
2025-03-29,4,positive,今年冰雕规模比去年更大了，很壮观。
2025-03-29,4,positive,服务态度很好，园区管理有序。
2025-03-29,1,negative,冰雕有些已经开始融化，维护不及时。
2025-03-29,5,positive,太美了！冰雕非常震撼，下次还来。
2025-03-29,5,positive,极地馆的企鹅太可爱了，拍了好多照片。
2025-03-29,5,positive,服务态度很好，园区管理有序。
2025-03-29,2,negative,排队排了2个小时，体验很差。
2025-03-29,5,positive,大滑梯超刺激，排队时间也在可接受范围内。
2025-03-29,5,positive,带孩子来的，小朋友玩得很开心，推荐！
2025-03-29,4,positive,大滑梯超刺激，排队时间也在可接受范围内。
2025-03-29,5,positive,今年冰雕规模比去年更大了，很壮观。
2025-03-29,4,positive,大滑梯超刺激，排队时间也在可接受范围内。
2025-03-29,4,positive,今年冰雕规模比去年更大了，很壮观。
2025-03-29,4,positive,适合拍照打卡，随手一拍都是大片。
2025-03-29,4,positive,服务态度很好，园区管理有序。
2025-03-29,4,positive,虽然冷但值得，哈尔滨的冬天名不虚传。
2025-03-29,4,positive,今年冰雕规模比去年更大了，很壮观。
2025-03-29,3,neutral,总体还行，就是排队太久了。
2025-03-29,4,positive,夜场的冰灯特别漂亮，像童话世界一样。
2025-03-29,4,positive,太美了！冰雕非常震撼，下次还来。
2025-03-29,3,neutral,总体还行，就是排队太久了。
2025-03-29,5,positive,太美了！冰雕非常震撼，下次还来。
2025-03-29,3,neutral,中规中矩的一次体验，和预期差不多。
2025-03-29,5,positive,虽然冷但值得，哈尔滨的冬天名不虚传。
2025-03-29,1,negative,门票太贵了，性价比低。
2025-03-29,3,neutral,停车场离入口有点远，走了好久。
2025-03-29,5,positive,大滑梯超刺激，排队时间也在可接受范围内。
2025-03-29,4,positive,冰滑梯排队虽久但值得，尖叫声不断。
2025-03-29,3,neutral,票价有点贵，不过冰雕确实不错。
2025-03-29,2,negative,工作人员态度不好，问路都不理。
2025-03-29,4,positive,夜场的冰灯特别漂亮，像童话世界一样。
2025-03-29,4,positive,大滑梯超刺激，排队时间也在可接受范围内。
2025-03-29,4,positive,冰上龙舟很有创意，适合全家一起玩。
2025-03-29,3,neutral,中规中矩的一次体验，和预期差不多。
2025-03-29,5,positive,今年冰雕规模比去年更大了，很壮观。
2025-03-29,3,neutral,冰雕很美，但是餐厅价格偏高。
2025-03-29,1,negative,太冷了，园区取暖设施不够。
2025-03-29,3,neutral,票价有点贵，不过冰雕确实不错。
2025-03-29,5,positive,冰雪大世界的灯光秀太震撼了，音乐配合得绝佳！
2025-03-29,4,positive,太美了！冰雕非常震撼，下次还来。
2025-03-29,4,positive,冰雪大世界的灯光秀太震撼了，音乐配合得绝佳！
2025-03-29,5,positive,极地馆的企鹅太可爱了，拍了好多照片。
2025-03-29,3,neutral,人太多了，建议工作日去。
2025-03-29,4,positive,今年冰雕规模比去年更大了，很壮观。
2025-03-29,5,positive,今年冰雕规模比去年更大了，很壮观。
2025-03-29,5,positive,适合拍照打卡，随手一拍都是大片。
2025-03-29,4,positive,主办方今年安排得很用心，动线合理不绕路。
2025-03-29,5,positive,今年冰雕规模比去年更大了，很壮观。
2025-03-29,3,neutral,中规中矩的一次体验，和预期差不多。
2025-03-30,5,positive,虽然冷但值得，哈尔滨的冬天名不虚传。
2025-03-30,4,positive,冰雪大世界的灯光秀太震撼了，音乐配合得绝佳！
2025-03-30,2,negative,门票太贵了，性价比低。
2025-03-30,5,positive,虽然冷但值得，哈尔滨的冬天名不虚传。
2025-03-30,3,neutral,白天看一般，晚上亮灯后效果才好。
2025-03-30,5,positive,带孩子来的，小朋友玩得很开心，推荐！
2025-03-30,5,positive,冰滑梯排队虽久但值得，尖叫声不断。
2025-03-30,4,positive,带孩子来的，小朋友玩得很开心，推荐！
2025-03-30,5,positive,夜场的冰灯特别漂亮，像童话世界一样。
2025-03-30,4,positive,冰雪大世界的灯光秀太震撼了，音乐配合得绝佳！
2025-03-30,3,neutral,票价有点贵，不过冰雕确实不错。
2025-03-30,5,positive,太美了！冰雕非常震撼，下次还来。
2025-03-30,3,neutral,园区很大，走得腿都酸了，建议多设休息点。
2025-03-30,3,neutral,园区很大，走得腿都酸了，建议多设休息点。
2025-03-30,4,positive,适合拍照打卡，随手一拍都是大片。
2025-03-30,3,neutral,停车场离入口有点远，走了好久。
2025-03-30,3,neutral,票价有点贵，不过冰雕确实不错。
2025-03-30,3,neutral,票价有点贵，不过冰雕确实不错。
2025-03-30,5,positive,极地馆的企鹅太可爱了，拍了好多照片。
2025-03-30,4,positive,冰酒吧体验独特，零下30度喝热饮很特别。
2025-03-30,1,negative,地上太滑了，差点摔倒好几次。
2025-03-30,3,neutral,冰雕很美，但是餐厅价格偏高。
2025-03-30,4,positive,适合拍照打卡，随手一拍都是大片。
2025-03-30,3,neutral,停车场离入口有点远，走了好久。
2025-03-30,4,positive,主办方今年安排得很用心，动线合理不绕路。
2025-03-30,5,positive,虽然冷但值得，哈尔滨的冬天名不虚传。
2025-03-30,4,positive,极地馆的企鹅太可爱了，拍了好多照片。
2025-03-30,5,positive,适合拍照打卡，随手一拍都是大片。
2025-03-30,5,positive,夜场的冰灯特别漂亮，像童话世界一样。
2025-03-30,3,neutral,总体还行，就是排队太久了。
2025-03-30,4,positive,夜场的冰灯特别漂亮，像童话世界一样。
2025-03-30,3,neutral,园区很大，走得腿都酸了，建议多设休息点。
2025-03-30,2,negative,工作人员态度不好，问路都不理。
2025-03-30,5,positive,极地馆的企鹅太可爱了，拍了好多照片。
2025-03-30,3,neutral,冰雕很美，但是餐厅价格偏高。
2025-03-30,5,positive,冰滑梯排队虽久但值得，尖叫声不断。
2025-03-30,4,positive,冰滑梯排队虽久但值得，尖叫声不断。
2025-03-30,4,positive,主办方今年安排得很用心，动线合理不绕路。
2025-03-30,4,positive,虽然人多但是氛围感很棒，冰雪的快乐。
2025-03-30,1,negative,卫生间太少了，排队比看冰雕还久。
2025-03-30,3,neutral,中规中矩的一次体验，和预期差不多。
2025-03-30,1,negative,地上太滑了，差点摔倒好几次。
2025-03-30,5,positive,冰上龙舟很有创意，适合全家一起玩。
2025-03-30,5,positive,冰雪大世界的灯光秀太震撼了，音乐配合得绝佳！
2025-03-30,4,positive,适合拍照打卡，随手一拍都是大片。
2025-03-30,4,positive,带孩子来的，小朋友玩得很开心，推荐！
2025-03-30,4,positive,冰滑梯排队虽久但值得，尖叫声不断。
2025-03-30,5,positive,服务态度很好，园区管理有序。
2025-03-30,4,positive,带孩子来的，小朋友玩得很开心，推荐！
2025-03-30,3,neutral,停车场离入口有点远，走了好久。
2025-03-30,5,positive,服务态度很好，园区管理有序。
2025-03-31,3,neutral,总体还行，就是排队太久了。
2025-03-31,3,neutral,人太多了，建议工作日去。
2025-03-31,5,positive,冰酒吧体验独特，零下30度喝热饮很特别。
2025-03-31,4,positive,大滑梯超刺激，排队时间也在可接受范围内。
2025-03-31,5,positive,适合拍照打卡，随手一拍都是大片。
2025-03-31,3,neutral,人太多了，建议工作日去。
2025-03-31,5,positive,大滑梯超刺激，排队时间也在可接受范围内。
2025-03-31,4,positive,太美了！冰雕非常震撼，下次还来。
2025-03-31,5,positive,冰酒吧体验独特，零下30度喝热饮很特别。
2025-03-31,1,negative,排队排了2个小时，体验很差。
2025-03-31,3,neutral,园区很大，走得腿都酸了，建议多设休息点。
2025-03-31,4,positive,适合拍照打卡，随手一拍都是大片。
2025-03-31,5,positive,虽然人多但是氛围感很棒，冰雪的快乐。
2025-03-31,4,positive,服务态度很好，园区管理有序。
2025-03-31,4,positive,冰上龙舟很有创意，适合全家一起玩。
2025-03-31,3,neutral,票价有点贵，不过冰雕确实不错。
2025-03-31,3,neutral,人太多了，建议工作日去。
2025-03-31,5,positive,冰上龙舟很有创意，适合全家一起玩。
2025-03-31,5,positive,主办方今年安排得很用心，动线合理不绕路。
2025-03-31,5,positive,极地馆的企鹅太可爱了，拍了好多照片。
2025-03-31,5,positive,服务态度很好，园区管理有序。
2025-03-31,5,positive,极地馆的企鹅太可爱了，拍了好多照片。
2025-03-31,4,positive,主办方今年安排得很用心，动线合理不绕路。
2025-03-31,3,neutral,白天看一般，晚上亮灯后效果才好。
2025-03-31,2,negative,工作人员态度不好，问路都不理。
2025-03-31,4,positive,冰酒吧体验独特，零下30度喝热饮很特别。
2025-03-31,3,neutral,冰雕很美，但是餐厅价格偏高。
2025-03-31,4,positive,虽然冷但值得，哈尔滨的冬天名不虚传。
2025-03-31,5,positive,夜场的冰灯特别漂亮，像童话世界一样。
2025-03-31,5,positive,太美了！冰雕非常震撼，下次还来。
2025-03-31,5,positive,夜场的冰灯特别漂亮，像童话世界一样。
2025-03-31,5,positive,冰酒吧体验独特，零下30度喝热饮很特别。
2025-03-31,3,neutral,园区很大，走得腿都酸了，建议多设休息点。
2025-03-31,5,positive,冰酒吧体验独特，零下30度喝热饮很特别。
2025-03-31,4,positive,适合拍照打卡，随手一拍都是大片。
2025-03-31,4,positive,太美了！冰雕非常震撼，下次还来。
2025-03-31,3,neutral,停车场离入口有点远，走了好久。
2025-03-31,4,positive,极地馆的企鹅太可爱了，拍了好多照片。
2025-03-31,3,neutral,冰雕很美，但是餐厅价格偏高。
2025-03-31,3,neutral,冰雕很美，但是餐厅价格偏高。
2025-03-31,2,negative,人挤人，根本没心情看冰雕。
2025-03-31,3,neutral,冰雕很美，但是餐厅价格偏高。
2025-03-31,3,neutral,冰雕很美，但是餐厅价格偏高。
2025-03-31,3,neutral,票价有点贵，不过冰雕确实不错。
2025-03-31,4,positive,夜场的冰灯特别漂亮，像童话世界一样。
2025-03-31,1,negative,人挤人，根本没心情看冰雕。
2025-03-31,3,neutral,总体还行，就是排队太久了。
2025-03-31,3,neutral,园区很大，走得腿都酸了，建议多设休息点。
2025-03-31,5,positive,大滑梯超刺激，排队时间也在可接受范围内。
2025-03-31,1,negative,排队排了2个小时，体验很差。
2025-03-31,5,positive,冰雪大世界的灯光秀太震撼了，音乐配合得绝佳！
2025-03-31,3,neutral,人太多了，建议工作日去。
2025-03-31,3,neutral,冰雕很美，但是餐厅价格偏高。
2025-03-31,4,positive,冰滑梯排队虽久但值得，尖叫声不断。
2025-03-31,3,neutral,人太多了，建议工作日去。
2025-03-31,5,positive,大滑梯超刺激，排队时间也在可接受范围内。
2025-11-01,4,positive,虽然人多但是氛围感很棒，冰雪的快乐。
2025-11-01,3,neutral,总体还行，就是排队太久了。
2025-11-01,2,negative,人挤人，根本没心情看冰雕。
2025-11-01,4,positive,虽然人多但是氛围感很棒，冰雪的快乐。
2025-11-01,4,positive,虽然冷但值得，哈尔滨的冬天名不虚传。
2025-11-01,5,positive,极地馆的企鹅太可爱了，拍了好多照片。
2025-11-01,4,positive,带孩子来的，小朋友玩得很开心，推荐！
2025-11-01,1,negative,排队排了2个小时，体验很差。
2025-11-01,3,neutral,中规中矩的一次体验，和预期差不多。
2025-11-01,4,positive,冰雪大世界的灯光秀太震撼了，音乐配合得绝佳！
2025-11-01,3,neutral,中规中矩的一次体验，和预期差不多。
2025-11-01,4,positive,今年冰雕规模比去年更大了，很壮观。
2025-11-01,1,negative,太冷了，园区取暖设施不够。
2025-11-01,5,positive,适合拍照打卡，随手一拍都是大片。
2025-11-01,4,positive,冰滑梯排队虽久但值得，尖叫声不断。
2025-11-01,5,positive,极地馆的企鹅太可爱了，拍了好多照片。
2025-11-01,3,neutral,冰雕很美，但是餐厅价格偏高。
2025-11-01,3,neutral,人太多了，建议工作日去。
2025-11-01,3,neutral,白天看一般，晚上亮灯后效果才好。
2025-11-01,5,positive,冰滑梯排队虽久但值得，尖叫声不断。
2025-11-01,4,positive,冰酒吧体验独特，零下30度喝热饮很特别。
2025-11-01,4,positive,大滑梯超刺激，排队时间也在可接受范围内。
2025-11-01,5,positive,今年冰雕规模比去年更大了，很壮观。
2025-11-01,5,positive,太美了！冰雕非常震撼，下次还来。
2025-11-01,5,positive,冰雪大世界的灯光秀太震撼了，音乐配合得绝佳！
2025-11-01,1,negative,排队排了2个小时，体验很差。
2025-11-01,4,positive,虽然人多但是氛围感很棒，冰雪的快乐。
2025-11-01,2,negative,地上太滑了，差点摔倒好几次。
2025-11-01,1,negative,人挤人，根本没心情看冰雕。
2025-11-01,4,positive,适合拍照打卡，随手一拍都是大片。
2025-11-01,2,negative,门票太贵了，性价比低。
2025-11-01,1,negative,餐饮又贵又难吃，建议自带食物。
2025-11-01,3,neutral,冰雕很美，但是餐厅价格偏高。
2025-11-01,1,negative,排队排了2个小时，体验很差。
2025-11-01,4,positive,极地馆的企鹅太可爱了，拍了好多照片。
2025-11-01,4,positive,冰雪大世界的灯光秀太震撼了，音乐配合得绝佳！
2025-11-01,5,positive,虽然人多但是氛围感很棒，冰雪的快乐。
2025-11-01,3,neutral,票价有点贵，不过冰雕确实不错。
2025-11-01,3,neutral,白天看一般，晚上亮灯后效果才好。
2025-11-01,5,positive,冰雪大世界的灯光秀太震撼了，音乐配合得绝佳！
2025-11-01,5,positive,大滑梯超刺激，排队时间也在可接受范围内。
2025-11-01,5,positive,虽然人多但是氛围感很棒，冰雪的快乐。
2025-11-01,5,positive,冰雪大世界的灯光秀太震撼了，音乐配合得绝佳！
2025-11-01,1,negative,停车费贵得离谱，而且不好找车位。
2025-11-01,5,positive,极地馆的企鹅太可爱了，拍了好多照片。
2025-11-01,4,positive,虽然冷但值得，哈尔滨的冬天名不虚传。
2025-11-01,1,negative,冰雕有些已经开始融化，维护不及时。
2025-11-01,4,positive,虽然冷但值得，哈尔滨的冬天名不虚传。
2025-11-01,5,positive,今年冰雕规模比去年更大了，很壮观。
2025-11-01,5,positive,大滑梯超刺激，排队时间也在可接受范围内。
2025-11-01,2,negative,人挤人，根本没心情看冰雕。
2025-11-01,5,positive,冰酒吧体验独特，零下30度喝热饮很特别。
2025-11-01,5,positive,冰雪大世界的灯光秀太震撼了，音乐配合得绝佳！
2025-11-01,3,neutral,白天看一般，晚上亮灯后效果才好。
2025-11-01,5,positive,夜场的冰灯特别漂亮，像童话世界一样。
2025-11-01,5,positive,冰上龙舟很有创意，适合全家一起玩。
2025-11-01,5,positive,虽然冷但值得，哈尔滨的冬天名不虚传。
2025-11-01,4,positive,适合拍照打卡，随手一拍都是大片。
2025-11-01,4,positive,适合拍照打卡，随手一拍都是大片。
2025-11-01,2,negative,工作人员态度不好，问路都不理。
2025-11-01,3,neutral,中规中矩的一次体验，和预期差不多。
2025-11-01,3,neutral,人太多了，建议工作日去。
2025-11-02,1,negative,冰雕有些已经开始融化，维护不及时。
2025-11-02,2,negative,太冷了，园区取暖设施不够。
2025-11-02,4,positive,冰上龙舟很有创意，适合全家一起玩。
2025-11-02,5,positive,夜场的冰灯特别漂亮，像童话世界一样。
2025-11-02,5,positive,冰上龙舟很有创意，适合全家一起玩。
2025-11-02,4,positive,夜场的冰灯特别漂亮，像童话世界一样。
2025-11-02,3,neutral,人太多了，建议工作日去。
2025-11-02,5,positive,虽然冷但值得，哈尔滨的冬天名不虚传。
2025-11-02,3,neutral,停车场离入口有点远，走了好久。
2025-11-02,4,positive,适合拍照打卡，随手一拍都是大片。
2025-11-02,5,positive,夜场的冰灯特别漂亮，像童话世界一样。
2025-11-02,3,neutral,冰雕很美，但是餐厅价格偏高。
2025-11-02,5,positive,太美了！冰雕非常震撼，下次还来。
2025-11-02,1,negative,门票太贵了，性价比低。
2025-11-02,3,neutral,人太多了，建议工作日去。
2025-11-02,5,positive,冰滑梯排队虽久但值得，尖叫声不断。
2025-11-02,3,neutral,人太多了，建议工作日去。
2025-11-02,5,positive,虽然人多但是氛围感很棒，冰雪的快乐。
2025-11-02,5,positive,服务态度很好，园区管理有序。
2025-11-02,5,positive,冰雪大世界的灯光秀太震撼了，音乐配合得绝佳！
2025-11-02,3,neutral,园区很大，走得腿都酸了，建议多设休息点。
2025-11-02,4,positive,带孩子来的，小朋友玩得很开心，推荐！
2025-11-03,5,positive,夜场的冰灯特别漂亮，像童话世界一样。
2025-11-03,5,positive,带孩子来的，小朋友玩得很开心，推荐！
2025-11-03,3,neutral,白天看一般，晚上亮灯后效果才好。
2025-11-03,1,negative,人挤人，根本没心情看冰雕。
2025-11-03,5,positive,冰上龙舟很有创意，适合全家一起玩。
2025-11-03,3,neutral,白天看一般，晚上亮灯后效果才好。
2025-11-03,4,positive,带孩子来的，小朋友玩得很开心，推荐！
2025-11-03,5,positive,适合拍照打卡，随手一拍都是大片。
2025-11-03,5,positive,极地馆的企鹅太可爱了，拍了好多照片。
2025-11-03,5,positive,夜场的冰灯特别漂亮，像童话世界一样。
2025-11-03,4,positive,适合拍照打卡，随手一拍都是大片。
2025-11-03,2,negative,排队排了2个小时，体验很差。
2025-11-03,1,negative,停车费贵得离谱，而且不好找车位。
2025-11-03,2,negative,太冷了，园区取暖设施不够。
2025-11-03,1,negative,工作人员态度不好，问路都不理。
2025-11-03,2,negative,工作人员态度不好，问路都不理。
2025-11-03,5,positive,太美了！冰雕非常震撼，下次还来。
2025-11-03,3,neutral,票价有点贵，不过冰雕确实不错。
2025-11-03,5,positive,虽然人多但是氛围感很棒，冰雪的快乐。
2025-11-03,5,positive,太美了！冰雕非常震撼，下次还来。
2025-11-03,4,positive,主办方今年安排得很用心，动线合理不绕路。
2025-11-03,3,neutral,总体还行，就是排队太久了。
2025-11-03,5,positive,夜场的冰灯特别漂亮，像童话世界一样。
2025-11-03,4,positive,虽然冷但值得，哈尔滨的冬天名不虚传。
2025-11-03,2,negative,太冷了，园区取暖设施不够。
2025-11-03,5,positive,大滑梯超刺激，排队时间也在可接受范围内。
2025-11-03,1,negative,餐饮又贵又难吃，建议自带食物。
2025-11-03,3,neutral,总体还行，就是排队太久了。
2025-11-03,4,positive,主办方今年安排得很用心，动线合理不绕路。
2025-11-04,4,positive,太美了！冰雕非常震撼，下次还来。
2025-11-04,4,positive,主办方今年安排得很用心，动线合理不绕路。
2025-11-04,4,positive,带孩子来的，小朋友玩得很开心，推荐！
2025-11-04,4,positive,极地馆的企鹅太可爱了，拍了好多照片。
2025-11-04,5,positive,适合拍照打卡，随手一拍都是大片。
2025-11-04,1,negative,地上太滑了，差点摔倒好几次。
2025-11-04,5,positive,虽然人多但是氛围感很棒，冰雪的快乐。
2025-11-04,4,positive,适合拍照打卡，随手一拍都是大片。
2025-11-04,5,positive,带孩子来的，小朋友玩得很开心，推荐！
2025-11-04,1,negative,人挤人，根本没心情看冰雕。
2025-11-04,3,neutral,人太多了，建议工作日去。
2025-11-04,4,positive,冰上龙舟很有创意，适合全家一起玩。
2025-11-04,3,neutral,停车场离入口有点远，走了好久。
2025-11-04,2,negative,餐饮又贵又难吃，建议自带食物。
2025-11-04,1,negative,门票太贵了，性价比低。
2025-11-04,1,negative,地上太滑了，差点摔倒好几次。
2025-11-04,2,negative,冰雕有些已经开始融化，维护不及时。
2025-11-04,2,negative,餐饮又贵又难吃，建议自带食物。
2025-11-04,4,positive,虽然冷但值得，哈尔滨的冬天名不虚传。
2025-11-04,4,positive,太美了！冰雕非常震撼，下次还来。
2025-11-04,4,positive,极地馆的企鹅太可爱了，拍了好多照片。
2025-11-04,2,negative,门票太贵了，性价比低。
2025-11-04,2,negative,卫生间太少了，排队比看冰雕还久。
2025-11-04,4,positive,带孩子来的，小朋友玩得很开心，推荐！
2025-11-04,4,positive,太美了！冰雕非常震撼，下次还来。
2025-11-04,3,neutral,总体还行，就是排队太久了。
2025-11-04,3,neutral,票价有点贵，不过冰雕确实不错。
2025-11-04,5,positive,极地馆的企鹅太可爱了，拍了好多照片。
2025-11-04,1,negative,门票太贵了，性价比低。
2025-11-04,3,neutral,票价有点贵，不过冰雕确实不错。
2025-11-04,5,positive,极地馆的企鹅太可爱了，拍了好多照片。
2025-11-04,4,positive,冰滑梯排队虽久但值得，尖叫声不断。
2025-11-04,4,positive,虽然人多但是氛围感很棒，冰雪的快乐。
2025-11-04,4,positive,服务态度很好，园区管理有序。
2025-11-04,4,positive,夜场的冰灯特别漂亮，像童话世界一样。
2025-11-05,3,neutral,总体还行，就是排队太久了。
2025-11-05,5,positive,冰滑梯排队虽久但值得，尖叫声不断。
2025-11-05,4,positive,虽然冷但值得，哈尔滨的冬天名不虚传。
2025-11-05,5,positive,太美了！冰雕非常震撼，下次还来。
2025-11-05,3,neutral,园区很大，走得腿都酸了，建议多设休息点。
2025-11-05,3,neutral,白天看一般，晚上亮灯后效果才好。
2025-11-05,5,positive,服务态度很好，园区管理有序。
2025-11-05,4,positive,夜场的冰灯特别漂亮，像童话世界一样。
2025-11-05,5,positive,今年冰雕规模比去年更大了，很壮观。
2025-11-05,5,positive,冰雪大世界的灯光秀太震撼了，音乐配合得绝佳！
2025-11-05,3,neutral,冰雕很美，但是餐厅价格偏高。
2025-11-05,5,positive,虽然冷但值得，哈尔滨的冬天名不虚传。
2025-11-05,4,positive,冰滑梯排队虽久但值得，尖叫声不断。
2025-11-05,5,positive,冰滑梯排队虽久但值得，尖叫声不断。
2025-11-05,3,neutral,白天看一般，晚上亮灯后效果才好。
2025-11-05,1,negative,太冷了，园区取暖设施不够。
2025-11-05,1,negative,冰雕有些已经开始融化，维护不及时。
2025-11-05,5,positive,夜场的冰灯特别漂亮，像童话世界一样。
2025-11-05,5,positive,带孩子来的，小朋友玩得很开心，推荐！
2025-11-05,2,negative,人挤人，根本没心情看冰雕。
2025-11-05,5,positive,带孩子来的，小朋友玩得很开心，推荐！
2025-11-05,3,neutral,冰雕很美，但是餐厅价格偏高。
2025-11-05,4,positive,今年冰雕规模比去年更大了，很壮观。
2025-11-05,4,positive,带孩子来的，小朋友玩得很开心，推荐！
2025-11-06,2,negative,停车费贵得离谱，而且不好找车位。
2025-11-06,4,positive,今年冰雕规模比去年更大了，很壮观。
2025-11-06,1,negative,太冷了，园区取暖设施不够。
2025-11-06,3,neutral,中规中矩的一次体验，和预期差不多。
2025-11-06,5,positive,冰滑梯排队虽久但值得，尖叫声不断。
2025-11-06,4,positive,冰滑梯排队虽久但值得，尖叫声不断。
2025-11-06,5,positive,冰滑梯排队虽久但值得，尖叫声不断。
2025-11-06,3,neutral,票价有点贵，不过冰雕确实不错。
2025-11-06,4,positive,冰滑梯排队虽久但值得，尖叫声不断。
2025-11-06,4,positive,太美了！冰雕非常震撼，下次还来。
2025-11-06,5,positive,冰酒吧体验独特，零下30度喝热饮很特别。
2025-11-06,4,positive,夜场的冰灯特别漂亮，像童话世界一样。
2025-11-06,4,positive,夜场的冰灯特别漂亮，像童话世界一样。
2025-11-06,3,neutral,白天看一般，晚上亮灯后效果才好。
2025-11-06,5,positive,极地馆的企鹅太可爱了，拍了好多照片。
2025-11-06,4,positive,今年冰雕规模比去年更大了，很壮观。
2025-11-06,5,positive,冰酒吧体验独特，零下30度喝热饮很特别。
2025-11-06,3,neutral,人太多了，建议工作日去。
2025-11-06,4,positive,冰雪大世界的灯光秀太震撼了，音乐配合得绝佳！
2025-11-06,4,positive,服务态度很好，园区管理有序。
2025-11-06,2,negative,餐饮又贵又难吃，建议自带食物。
2025-11-06,4,positive,冰滑梯排队虽久但值得，尖叫声不断。
2025-11-06,1,negative,门票太贵了，性价比低。
2025-11-06,2,negative,停车费贵得离谱，而且不好找车位。
2025-11-06,3,neutral,冰雕很美，但是餐厅价格偏高。
2025-11-06,5,positive,今年冰雕规模比去年更大了，很壮观。
2025-11-06,3,neutral,票价有点贵，不过冰雕确实不错。
2025-11-06,3,neutral,冰雕很美，但是餐厅价格偏高。
2025-11-06,4,positive,冰滑梯排队虽久但值得，尖叫声不断。
2025-11-06,5,positive,冰上龙舟很有创意，适合全家一起玩。
2025-11-06,5,positive,冰雪大世界的灯光秀太震撼了，音乐配合得绝佳！
2025-11-06,4,positive,今年冰雕规模比去年更大了，很壮观。
2025-11-06,4,positive,冰滑梯排队虽久但值得，尖叫声不断。
2025-11-07,1,negative,门票太贵了，性价比低。
2025-11-07,1,negative,太冷了，园区取暖设施不够。
2025-11-07,2,negative,排队排了2个小时，体验很差。
2025-11-07,3,neutral,人太多了，建议工作日去。
2025-11-07,5,positive,主办方今年安排得很用心，动线合理不绕路。
2025-11-07,4,positive,冰雪大世界的灯光秀太震撼了，音乐配合得绝佳！
2025-11-07,4,positive,夜场的冰灯特别漂亮，像童话世界一样。
2025-11-07,4,positive,今年冰雕规模比去年更大了，很壮观。
2025-11-07,5,positive,夜场的冰灯特别漂亮，像童话世界一样。
2025-11-07,4,positive,服务态度很好，园区管理有序。
2025-11-07,2,negative,冰雕有些已经开始融化，维护不及时。
2025-11-07,3,neutral,停车场离入口有点远，走了好久。
2025-11-07,4,positive,虽然人多但是氛围感很棒，冰雪的快乐。
2025-11-07,5,positive,带孩子来的，小朋友玩得很开心，推荐！
2025-11-07,3,neutral,票价有点贵，不过冰雕确实不错。
2025-11-07,4,positive,冰酒吧体验独特，零下30度喝热饮很特别。
2025-11-07,4,positive,服务态度很好，园区管理有序。
2025-11-07,2,negative,门票太贵了，性价比低。
2025-11-07,3,neutral,人太多了，建议工作日去。
2025-11-07,5,positive,带孩子来的，小朋友玩得很开心，推荐！
2025-11-07,3,neutral,中规中矩的一次体验，和预期差不多。
2025-11-07,5,positive,夜场的冰灯特别漂亮，像童话世界一样。
2025-11-07,5,positive,夜场的冰灯特别漂亮，像童话世界一样。
2025-11-07,2,negative,工作人员态度不好，问路都不理。
2025-11-07,5,positive,今年冰雕规模比去年更大了，很壮观。
2025-11-07,4,positive,今年冰雕规模比去年更大了，很壮观。
2025-11-07,3,neutral,停车场离入口有点远，走了好久。
2025-11-08,5,positive,服务态度很好，园区管理有序。
2025-11-08,5,positive,冰上龙舟很有创意，适合全家一起玩。
2025-11-08,1,negative,工作人员态度不好，问路都不理。
2025-11-08,4,positive,冰酒吧体验独特，零下30度喝热饮很特别。
2025-11-08,3,neutral,中规中矩的一次体验，和预期差不多。
2025-11-08,5,positive,夜场的冰灯特别漂亮，像童话世界一样。
2025-11-08,5,positive,主办方今年安排得很用心，动线合理不绕路。
2025-11-08,4,positive,冰雪大世界的灯光秀太震撼了，音乐配合得绝佳！
2025-11-08,3,neutral,园区很大，走得腿都酸了，建议多设休息点。
2025-11-08,1,negative,工作人员态度不好，问路都不理。
2025-11-08,5,positive,服务态度很好，园区管理有序。
2025-11-08,3,neutral,停车场离入口有点远，走了好久。
2025-11-08,2,negative,卫生间太少了，排队比看冰雕还久。
2025-11-08,5,positive,极地馆的企鹅太可爱了，拍了好多照片。
2025-11-08,3,neutral,停车场离入口有点远，走了好久。
2025-11-08,5,positive,极地馆的企鹅太可爱了，拍了好多照片。
2025-11-08,2,negative,卫生间太少了，排队比看冰雕还久。
2025-11-08,2,negative,人挤人，根本没心情看冰雕。
2025-11-08,4,positive,服务态度很好，园区管理有序。
2025-11-08,4,positive,带孩子来的，小朋友玩得很开心，推荐！
2025-11-08,5,positive,冰酒吧体验独特，零下30度喝热饮很特别。
2025-11-08,2,negative,工作人员态度不好，问路都不理。
2025-11-08,4,positive,极地馆的企鹅太可爱了，拍了好多照片。
2025-11-09,1,negative,停车费贵得离谱，而且不好找车位。
2025-11-09,3,neutral,园区很大，走得腿都酸了，建议多设休息点。
2025-11-09,5,positive,适合拍照打卡，随手一拍都是大片。
2025-11-09,5,positive,带孩子来的，小朋友玩得很开心，推荐！
2025-11-09,2,negative,人挤人，根本没心情看冰雕。
2025-11-09,3,neutral,中规中矩的一次体验，和预期差不多。
2025-11-09,2,negative,排队排了2个小时，体验很差。
2025-11-09,4,positive,虽然冷但值得，哈尔滨的冬天名不虚传。
2025-11-09,2,negative,排队排了2个小时，体验很差。
2025-11-09,4,positive,今年冰雕规模比去年更大了，很壮观。
2025-11-09,4,positive,极地馆的企鹅太可爱了，拍了好多照片。
2025-11-09,4,positive,冰上龙舟很有创意，适合全家一起玩。
2025-11-09,5,positive,夜场的冰灯特别漂亮，像童话世界一样。
2025-11-09,4,positive,冰滑梯排队虽久但值得，尖叫声不断。
2025-11-09,1,negative,太冷了，园区取暖设施不够。
2025-11-09,3,neutral,总体还行，就是排队太久了。
2025-11-09,5,positive,冰滑梯排队虽久但值得，尖叫声不断。
2025-11-09,5,positive,今年冰雕规模比去年更大了，很壮观。
2025-11-09,5,positive,今年冰雕规模比去年更大了，很壮观。
2025-11-09,4,positive,虽然人多但是氛围感很棒，冰雪的快乐。
2025-11-09,4,positive,虽然人多但是氛围感很棒，冰雪的快乐。
2025-11-09,5,positive,虽然人多但是氛围感很棒，冰雪的快乐。
2025-11-09,4,positive,主办方今年安排得很用心，动线合理不绕路。
2025-11-09,5,positive,虽然人多但是氛围感很棒，冰雪的快乐。
2025-11-09,3,neutral,人太多了，建议工作日去。
2025-11-09,4,positive,大滑梯超刺激，排队时间也在可接受范围内。
2025-11-09,5,positive,冰上龙舟很有创意，适合全家一起玩。
2025-11-09,5,positive,夜场的冰灯特别漂亮，像童话世界一样。
2025-11-09,2,negative,卫生间太少了，排队比看冰雕还久。
2025-11-09,2,negative,工作人员态度不好，问路都不理。
2025-11-09,5,positive,虽然冷但值得，哈尔滨的冬天名不虚传。
2025-11-09,5,positive,虽然冷但值得，哈尔滨的冬天名不虚传。
2025-11-09,4,positive,虽然人多但是氛围感很棒，冰雪的快乐。
2025-11-09,1,negative,人挤人，根本没心情看冰雕。
2025-11-09,4,positive,太美了！冰雕非常震撼，下次还来。
2025-11-09,4,positive,适合拍照打卡，随手一拍都是大片。
2025-11-09,2,negative,餐饮又贵又难吃，建议自带食物。
2025-11-09,4,positive,带孩子来的，小朋友玩得很开心，推荐！
2025-11-09,4,positive,适合拍照打卡，随手一拍都是大片。
2025-11-09,4,positive,适合拍照打卡，随手一拍都是大片。
2025-11-09,4,positive,夜场的冰灯特别漂亮，像童话世界一样。
2025-11-09,5,positive,服务态度很好，园区管理有序。
2025-11-09,5,positive,适合拍照打卡，随手一拍都是大片。
2025-11-09,4,positive,太美了！冰雕非常震撼，下次还来。
2025-11-09,1,negative,工作人员态度不好，问路都不理。
2025-11-09,3,neutral,中规中矩的一次体验，和预期差不多。
2025-11-09,5,positive,太美了！冰雕非常震撼，下次还来。
2025-11-09,3,neutral,票价有点贵，不过冰雕确实不错。
2025-11-09,5,positive,冰雪大世界的灯光秀太震撼了，音乐配合得绝佳！
2025-11-09,3,neutral,票价有点贵，不过冰雕确实不错。
2025-11-09,5,positive,冰上龙舟很有创意，适合全家一起玩。
2025-11-09,3,neutral,人太多了，建议工作日去。
2025-11-09,5,positive,太美了！冰雕非常震撼，下次还来。
2025-11-09,3,neutral,人太多了，建议工作日去。
2025-11-10,5,positive,今年冰雕规模比去年更大了，很壮观。
2025-11-10,5,positive,夜场的冰灯特别漂亮，像童话世界一样。
2025-11-10,5,positive,带孩子来的，小朋友玩得很开心，推荐！
2025-11-10,4,positive,虽然冷但值得，哈尔滨的冬天名不虚传。
2025-11-10,5,positive,带孩子来的，小朋友玩得很开心，推荐！
2025-11-10,3,neutral,总体还行，就是排队太久了。
2025-11-10,2,negative,停车费贵得离谱，而且不好找车位。
2025-11-10,5,positive,虽然人多但是氛围感很棒，冰雪的快乐。
2025-11-10,3,neutral,白天看一般，晚上亮灯后效果才好。
2025-11-10,2,negative,餐饮又贵又难吃，建议自带食物。
2025-11-10,5,positive,主办方今年安排得很用心，动线合理不绕路。
2025-11-10,3,neutral,人太多了，建议工作日去。
2025-11-10,3,neutral,停车场离入口有点远，走了好久。
2025-11-10,3,neutral,人太多了，建议工作日去。
2025-11-10,3,neutral,冰雕很美，但是餐厅价格偏高。
2025-11-10,3,neutral,停车场离入口有点远，走了好久。
2025-11-10,3,neutral,白天看一般，晚上亮灯后效果才好。
2025-11-10,4,positive,适合拍照打卡，随手一拍都是大片。
2025-11-10,3,neutral,中规中矩的一次体验，和预期差不多。
2025-11-10,1,negative,冰雕有些已经开始融化，维护不及时。
2025-11-10,5,positive,主办方今年安排得很用心，动线合理不绕路。
2025-11-10,3,neutral,总体还行，就是排队太久了。
2025-11-11,5,positive,大滑梯超刺激，排队时间也在可接受范围内。
2025-11-11,4,positive,带孩子来的，小朋友玩得很开心，推荐！
2025-11-11,5,positive,夜场的冰灯特别漂亮，像童话世界一样。
2025-11-11,5,positive,太美了！冰雕非常震撼，下次还来。
2025-11-11,3,neutral,总体还行，就是排队太久了。
2025-11-11,5,positive,冰酒吧体验独特，零下30度喝热饮很特别。
2025-11-11,3,neutral,人太多了，建议工作日去。
2025-11-11,1,negative,卫生间太少了，排队比看冰雕还久。
2025-11-11,1,negative,餐饮又贵又难吃，建议自带食物。
2025-11-11,4,positive,太美了！冰雕非常震撼，下次还来。
2025-11-11,1,negative,工作人员态度不好，问路都不理。
2025-11-11,5,positive,虽然人多但是氛围感很棒，冰雪的快乐。
2025-11-11,5,positive,服务态度很好，园区管理有序。
2025-11-11,1,negative,冰雕有些已经开始融化，维护不及时。
2025-11-11,3,neutral,冰雕很美，但是餐厅价格偏高。
2025-11-11,2,negative,停车费贵得离谱，而且不好找车位。
2025-11-11,4,positive,极地馆的企鹅太可爱了，拍了好多照片。
2025-11-11,4,positive,大滑梯超刺激，排队时间也在可接受范围内。
2025-11-11,4,positive,适合拍照打卡，随手一拍都是大片。
2025-11-11,3,neutral,园区很大，走得腿都酸了，建议多设休息点。
2025-11-11,4,positive,服务态度很好，园区管理有序。
2025-11-11,5,positive,冰滑梯排队虽久但值得，尖叫声不断。
2025-11-11,3,neutral,人太多了，建议工作日去。
2025-11-11,5,positive,大滑梯超刺激，排队时间也在可接受范围内。
2025-11-11,5,positive,带孩子来的，小朋友玩得很开心，推荐！
2025-11-11,4,positive,极地馆的企鹅太可爱了，拍了好多照片。
2025-11-11,1,negative,工作人员态度不好，问路都不理。
2025-11-11,4,positive,夜场的冰灯特别漂亮，像童话世界一样。
2025-11-11,3,neutral,园区很大，走得腿都酸了，建议多设休息点。
2025-11-11,3,neutral,白天看一般，晚上亮灯后效果才好。
2025-11-11,5,positive,冰酒吧体验独特，零下30度喝热饮很特别。
2025-11-11,4,positive,太美了！冰雕非常震撼，下次还来。
2025-11-11,3,neutral,园区很大，走得腿都酸了，建议多设休息点。
2025-11-11,4,positive,服务态度很好，园区管理有序。
2025-11-11,5,positive,夜场的冰灯特别漂亮，像童话世界一样。
2025-11-12,4,positive,虽然人多但是氛围感很棒，冰雪的快乐。
2025-11-12,3,neutral,票价有点贵，不过冰雕确实不错。
2025-11-12,1,negative,冰雕有些已经开始融化，维护不及时。
2025-11-12,5,positive,冰上龙舟很有创意，适合全家一起玩。
2025-11-12,5,positive,今年冰雕规模比去年更大了，很壮观。
2025-11-12,5,positive,冰雪大世界的灯光秀太震撼了，音乐配合得绝佳！
2025-11-12,4,positive,冰雪大世界的灯光秀太震撼了，音乐配合得绝佳！
2025-11-12,4,positive,服务态度很好，园区管理有序。
2025-11-12,4,positive,虽然人多但是氛围感很棒，冰雪的快乐。
2025-11-12,4,positive,服务态度很好，园区管理有序。
2025-11-12,5,positive,夜场的冰灯特别漂亮，像童话世界一样。
2025-11-12,4,positive,太美了！冰雕非常震撼，下次还来。
2025-11-12,1,negative,地上太滑了，差点摔倒好几次。
2025-11-12,5,positive,冰雪大世界的灯光秀太震撼了，音乐配合得绝佳！
2025-11-12,1,negative,工作人员态度不好，问路都不理。
2025-11-12,4,positive,虽然冷但值得，哈尔滨的冬天名不虚传。
2025-11-12,2,negative,门票太贵了，性价比低。
2025-11-12,3,neutral,票价有点贵，不过冰雕确实不错。
2025-11-12,3,neutral,票价有点贵，不过冰雕确实不错。
2025-11-12,5,positive,带孩子来的，小朋友玩得很开心，推荐！
2025-11-12,4,positive,今年冰雕规模比去年更大了，很壮观。
2025-11-12,5,positive,冰酒吧体验独特，零下30度喝热饮很特别。
2025-11-12,5,positive,主办方今年安排得很用心，动线合理不绕路。
2025-11-13,3,neutral,中规中矩的一次体验，和预期差不多。
2025-11-13,1,negative,排队排了2个小时，体验很差。
2025-11-13,4,positive,虽然冷但值得，哈尔滨的冬天名不虚传。
2025-11-13,5,positive,大滑梯超刺激，排队时间也在可接受范围内。
2025-11-13,5,positive,夜场的冰灯特别漂亮，像童话世界一样。
2025-11-13,5,positive,极地馆的企鹅太可爱了，拍了好多照片。
2025-11-13,4,positive,带孩子来的，小朋友玩得很开心，推荐！
2025-11-13,2,negative,太冷了，园区取暖设施不够。
2025-11-13,5,positive,虽然冷但值得，哈尔滨的冬天名不虚传。
2025-11-13,4,positive,冰酒吧体验独特，零下30度喝热饮很特别。
2025-11-13,4,positive,太美了！冰雕非常震撼，下次还来。
2025-11-13,4,positive,主办方今年安排得很用心，动线合理不绕路。
2025-11-13,5,positive,冰滑梯排队虽久但值得，尖叫声不断。
2025-11-13,1,negative,门票太贵了，性价比低。
2025-11-13,5,positive,虽然冷但值得，哈尔滨的冬天名不虚传。
2025-11-13,4,positive,极地馆的企鹅太可爱了，拍了好多照片。
2025-11-13,4,positive,虽然冷但值得，哈尔滨的冬天名不虚传。
2025-11-13,5,positive,冰雪大世界的灯光秀太震撼了，音乐配合得绝佳！
2025-11-13,3,neutral,总体还行，就是排队太久了。
2025-11-13,5,positive,虽然冷但值得，哈尔滨的冬天名不虚传。
2025-11-13,4,positive,大滑梯超刺激，排队时间也在可接受范围内。
2025-11-13,3,neutral,票价有点贵，不过冰雕确实不错。
2025-11-13,3,neutral,总体还行，就是排队太久了。
2025-11-13,4,positive,冰酒吧体验独特，零下30度喝热饮很特别。
2025-11-14,5,positive,主办方今年安排得很用心，动线合理不绕路。
2025-11-14,5,positive,冰上龙舟很有创意，适合全家一起玩。
2025-11-14,3,neutral,总体还行，就是排队太久了。
2025-11-14,4,positive,太美了！冰雕非常震撼，下次还来。
2025-11-14,5,positive,今年冰雕规模比去年更大了，很壮观。
2025-11-14,3,neutral,票价有点贵，不过冰雕确实不错。
2025-11-14,5,positive,大滑梯超刺激，排队时间也在可接受范围内。
2025-11-14,4,positive,太美了！冰雕非常震撼，下次还来。
2025-11-14,4,positive,今年冰雕规模比去年更大了，很壮观。
2025-11-14,3,neutral,冰雕很美，但是餐厅价格偏高。
2025-11-14,3,neutral,白天看一般，晚上亮灯后效果才好。
2025-11-14,3,neutral,园区很大，走得腿都酸了，建议多设休息点。
2025-11-14,2,negative,地上太滑了，差点摔倒好几次。
2025-11-14,5,positive,主办方今年安排得很用心，动线合理不绕路。
2025-11-14,2,negative,工作人员态度不好，问路都不理。
2025-11-14,4,positive,适合拍照打卡，随手一拍都是大片。
2025-11-14,4,positive,今年冰雕规模比去年更大了，很壮观。
2025-11-14,5,positive,夜场的冰灯特别漂亮，像童话世界一样。
2025-11-15,4,positive,适合拍照打卡，随手一拍都是大片。
2025-11-15,4,positive,冰雪大世界的灯光秀太震撼了，音乐配合得绝佳！
2025-11-15,5,positive,带孩子来的，小朋友玩得很开心，推荐！
2025-11-15,3,neutral,中规中矩的一次体验，和预期差不多。
2025-11-15,5,positive,服务态度很好，园区管理有序。
2025-11-15,5,positive,冰滑梯排队虽久但值得，尖叫声不断。
2025-11-15,4,positive,适合拍照打卡，随手一拍都是大片。
2025-11-15,2,negative,卫生间太少了，排队比看冰雕还久。
2025-11-15,5,positive,带孩子来的，小朋友玩得很开心，推荐！
2025-11-15,1,negative,卫生间太少了，排队比看冰雕还久。
2025-11-15,5,positive,主办方今年安排得很用心，动线合理不绕路。
2025-11-15,5,positive,主办方今年安排得很用心，动线合理不绕路。
2025-11-15,5,positive,夜场的冰灯特别漂亮，像童话世界一样。
2025-11-15,3,neutral,总体还行，就是排队太久了。
2025-11-15,4,positive,冰酒吧体验独特，零下30度喝热饮很特别。
2025-11-15,2,negative,工作人员态度不好，问路都不理。
2025-11-15,3,neutral,停车场离入口有点远，走了好久。
2025-11-15,3,neutral,总体还行，就是排队太久了。
2025-11-15,5,positive,大滑梯超刺激，排队时间也在可接受范围内。
2025-11-15,4,positive,夜场的冰灯特别漂亮，像童话世界一样。
2025-11-15,4,positive,夜场的冰灯特别漂亮，像童话世界一样。
2025-11-15,2,negative,冰雕有些已经开始融化，维护不及时。
2025-11-15,4,positive,带孩子来的，小朋友玩得很开心，推荐！
2025-11-15,4,positive,冰滑梯排队虽久但值得，尖叫声不断。
2025-11-15,4,positive,冰雪大世界的灯光秀太震撼了，音乐配合得绝佳！
2025-11-15,3,neutral,票价有点贵，不过冰雕确实不错。
2025-11-15,5,positive,适合拍照打卡，随手一拍都是大片。
2025-11-16,5,positive,虽然冷但值得，哈尔滨的冬天名不虚传。
2025-11-16,1,negative,人挤人，根本没心情看冰雕。
2025-11-16,5,positive,主办方今年安排得很用心，动线合理不绕路。
2025-11-16,3,neutral,人太多了，建议工作日去。
2025-11-16,5,positive,主办方今年安排得很用心，动线合理不绕路。
2025-11-16,5,positive,适合拍照打卡，随手一拍都是大片。
2025-11-16,5,positive,夜场的冰灯特别漂亮，像童话世界一样。
2025-11-16,1,negative,卫生间太少了，排队比看冰雕还久。
2025-11-16,4,positive,极地馆的企鹅太可爱了，拍了好多照片。
2025-11-16,4,positive,适合拍照打卡，随手一拍都是大片。
2025-11-16,3,neutral,中规中矩的一次体验，和预期差不多。
2025-11-16,4,positive,冰上龙舟很有创意，适合全家一起玩。
2025-11-16,5,positive,主办方今年安排得很用心，动线合理不绕路。
2025-11-16,5,positive,夜场的冰灯特别漂亮，像童话世界一样。
2025-11-16,5,positive,今年冰雕规模比去年更大了，很壮观。
2025-11-16,2,negative,门票太贵了，性价比低。
2025-11-16,4,positive,今年冰雕规模比去年更大了，很壮观。
2025-11-16,4,positive,冰酒吧体验独特，零下30度喝热饮很特别。
2025-11-16,4,positive,虽然人多但是氛围感很棒，冰雪的快乐。
2025-11-16,2,negative,工作人员态度不好，问路都不理。
2025-11-16,3,neutral,总体还行，就是排队太久了。
2025-11-16,4,positive,冰滑梯排队虽久但值得，尖叫声不断。
2025-11-16,2,negative,工作人员态度不好，问路都不理。
2025-11-16,5,positive,虽然冷但值得，哈尔滨的冬天名不虚传。
2025-11-16,5,positive,虽然冷但值得，哈尔滨的冬天名不虚传。
2025-11-16,4,positive,冰酒吧体验独特，零下30度喝热饮很特别。
2025-11-16,5,positive,冰酒吧体验独特，零下30度喝热饮很特别。
2025-11-16,1,negative,太冷了，园区取暖设施不够。
2025-11-16,5,positive,夜场的冰灯特别漂亮，像童话世界一样。
2025-11-16,5,positive,冰酒吧体验独特，零下30度喝热饮很特别。
2025-11-16,4,positive,冰雪大世界的灯光秀太震撼了，音乐配合得绝佳！
2025-11-16,4,positive,冰上龙舟很有创意，适合全家一起玩。
2025-11-16,4,positive,带孩子来的，小朋友玩得很开心，推荐！
2025-11-16,4,positive,主办方今年安排得很用心，动线合理不绕路。
2025-11-16,3,neutral,总体还行，就是排队太久了。
2025-11-16,5,positive,夜场的冰灯特别漂亮，像童话世界一样。
2025-11-16,5,positive,主办方今年安排得很用心，动线合理不绕路。
2025-11-16,5,positive,虽然人多但是氛围感很棒，冰雪的快乐。
2025-11-17,3,neutral,冰雕很美，但是餐厅价格偏高。
2025-11-17,3,neutral,票价有点贵，不过冰雕确实不错。
2025-11-17,4,positive,冰上龙舟很有创意，适合全家一起玩。
2025-11-17,2,negative,太冷了，园区取暖设施不够。
2025-11-17,4,positive,冰上龙舟很有创意，适合全家一起玩。
2025-11-17,3,neutral,中规中矩的一次体验，和预期差不多。
2025-11-17,4,positive,夜场的冰灯特别漂亮，像童话世界一样。
2025-11-17,3,neutral,冰雕很美，但是餐厅价格偏高。
2025-11-17,5,positive,夜场的冰灯特别漂亮，像童话世界一样。
2025-11-17,3,neutral,票价有点贵，不过冰雕确实不错。
2025-11-17,4,positive,大滑梯超刺激，排队时间也在可接受范围内。
2025-11-17,3,neutral,中规中矩的一次体验，和预期差不多。
2025-11-17,4,positive,今年冰雕规模比去年更大了，很壮观。
2025-11-17,4,positive,带孩子来的，小朋友玩得很开心，推荐！
2025-11-17,4,positive,带孩子来的，小朋友玩得很开心，推荐！
2025-11-17,5,positive,夜场的冰灯特别漂亮，像童话世界一样。
2025-11-17,4,positive,适合拍照打卡，随手一拍都是大片。
2025-11-17,4,positive,主办方今年安排得很用心，动线合理不绕路。
2025-11-17,4,positive,冰上龙舟很有创意，适合全家一起玩。
2025-11-17,4,positive,大滑梯超刺激，排队时间也在可接受范围内。
2025-11-17,5,positive,冰上龙舟很有创意，适合全家一起玩。
2025-11-17,4,positive,大滑梯超刺激，排队时间也在可接受范围内。
2025-11-17,5,positive,主办方今年安排得很用心，动线合理不绕路。
2025-11-17,3,neutral,停车场离入口有点远，走了好久。
2025-11-17,4,positive,冰雪大世界的灯光秀太震撼了，音乐配合得绝佳！
2025-11-17,3,neutral,人太多了，建议工作日去。
2025-11-17,5,positive,带孩子来的，小朋友玩得很开心，推荐！
2025-11-17,3,neutral,停车场离入口有点远，走了好久。
2025-11-17,4,positive,太美了！冰雕非常震撼，下次还来。
2025-11-17,3,neutral,中规中矩的一次体验，和预期差不多。
2025-11-17,4,positive,虽然人多但是氛围感很棒，冰雪的快乐。
2025-11-17,5,positive,大滑梯超刺激，排队时间也在可接受范围内。
2025-11-17,5,positive,服务态度很好，园区管理有序。
2025-11-17,3,neutral,白天看一般，晚上亮灯后效果才好。
2025-11-17,4,positive,虽然人多但是氛围感很棒，冰雪的快乐。
2025-11-17,4,positive,冰酒吧体验独特，零下30度喝热饮很特别。
2025-11-18,3,neutral,人太多了，建议工作日去。
2025-11-18,5,positive,冰上龙舟很有创意，适合全家一起玩。
2025-11-18,5,positive,今年冰雕规模比去年更大了，很壮观。
2025-11-18,5,positive,极地馆的企鹅太可爱了，拍了好多照片。
2025-11-18,1,negative,停车费贵得离谱，而且不好找车位。
2025-11-18,5,positive,今年冰雕规模比去年更大了，很壮观。
2025-11-18,3,neutral,中规中矩的一次体验，和预期差不多。
2025-11-18,5,positive,带孩子来的，小朋友玩得很开心，推荐！
2025-11-18,5,positive,冰雪大世界的灯光秀太震撼了，音乐配合得绝佳！
2025-11-18,3,neutral,白天看一般，晚上亮灯后效果才好。
2025-11-18,5,positive,极地馆的企鹅太可爱了，拍了好多照片。
2025-11-18,5,positive,冰上龙舟很有创意，适合全家一起玩。
2025-11-18,4,positive,大滑梯超刺激，排队时间也在可接受范围内。
2025-11-18,3,neutral,总体还行，就是排队太久了。
2025-11-18,5,positive,冰酒吧体验独特，零下30度喝热饮很特别。
2025-11-18,3,neutral,总体还行，就是排队太久了。
2025-11-18,5,positive,适合拍照打卡，随手一拍都是大片。
2025-11-18,2,negative,人挤人，根本没心情看冰雕。
2025-11-18,5,positive,适合拍照打卡，随手一拍都是大片。
2025-11-18,2,negative,卫生间太少了，排队比看冰雕还久。
2025-11-18,3,neutral,总体还行，就是排队太久了。
2025-11-18,3,neutral,人太多了，建议工作日去。
2025-11-18,2,negative,太冷了，园区取暖设施不够。
2025-11-18,3,neutral,冰雕很美，但是餐厅价格偏高。
2025-11-18,5,positive,服务态度很好，园区管理有序。
2025-11-18,4,positive,夜场的冰灯特别漂亮，像童话世界一样。
2025-11-18,1,negative,停车费贵得离谱，而且不好找车位。
2025-11-18,3,neutral,白天看一般，晚上亮灯后效果才好。
2025-11-18,3,neutral,票价有点贵，不过冰雕确实不错。
2025-11-18,5,positive,虽然冷但值得，哈尔滨的冬天名不虚传。
2025-11-18,3,neutral,白天看一般，晚上亮灯后效果才好。
2025-11-18,3,neutral,停车场离入口有点远，走了好久。
2025-11-18,3,neutral,票价有点贵，不过冰雕确实不错。
2025-11-18,4,positive,今年冰雕规模比去年更大了，很壮观。
2025-11-18,5,positive,冰上龙舟很有创意，适合全家一起玩。
2025-11-18,4,positive,冰上龙舟很有创意，适合全家一起玩。
2025-11-19,4,positive,冰雪大世界的灯光秀太震撼了，音乐配合得绝佳！
2025-11-19,4,positive,极地馆的企鹅太可爱了，拍了好多照片。
2025-11-19,4,positive,冰滑梯排队虽久但值得，尖叫声不断。
2025-11-19,4,positive,虽然人多但是氛围感很棒，冰雪的快乐。
2025-11-19,3,neutral,停车场离入口有点远，走了好久。
2025-11-19,2,negative,太冷了，园区取暖设施不够。
2025-11-19,1,negative,太冷了，园区取暖设施不够。
2025-11-19,3,neutral,人太多了，建议工作日去。
2025-11-19,5,positive,适合拍照打卡，随手一拍都是大片。
2025-11-19,4,positive,带孩子来的，小朋友玩得很开心，推荐！
2025-11-19,4,positive,冰滑梯排队虽久但值得，尖叫声不断。
2025-11-19,5,positive,冰滑梯排队虽久但值得，尖叫声不断。
2025-11-19,5,positive,服务态度很好，园区管理有序。
2025-11-19,5,positive,主办方今年安排得很用心，动线合理不绕路。
2025-11-19,1,negative,工作人员态度不好，问路都不理。
2025-11-19,3,neutral,园区很大，走得腿都酸了，建议多设休息点。
2025-11-19,3,neutral,白天看一般，晚上亮灯后效果才好。
2025-11-19,4,positive,今年冰雕规模比去年更大了，很壮观。
2025-11-19,3,neutral,票价有点贵，不过冰雕确实不错。
2025-11-19,4,positive,今年冰雕规模比去年更大了，很壮观。
2025-11-19,5,positive,今年冰雕规模比去年更大了，很壮观。
2025-11-19,4,positive,冰酒吧体验独特，零下30度喝热饮很特别。
2025-11-19,3,neutral,停车场离入口有点远，走了好久。
2025-11-19,5,positive,虽然冷但值得，哈尔滨的冬天名不虚传。
2025-11-19,5,positive,适合拍照打卡，随手一拍都是大片。
2025-11-19,4,positive,适合拍照打卡，随手一拍都是大片。
2025-11-19,3,neutral,停车场离入口有点远，走了好久。
2025-11-19,3,neutral,票价有点贵，不过冰雕确实不错。
2025-11-19,5,positive,大滑梯超刺激，排队时间也在可接受范围内。
2025-11-19,5,positive,冰上龙舟很有创意，适合全家一起玩。
2025-11-19,4,positive,太美了！冰雕非常震撼，下次还来。
2025-11-19,4,positive,极地馆的企鹅太可爱了，拍了好多照片。
2025-11-19,5,positive,夜场的冰灯特别漂亮，像童话世界一样。
2025-11-20,5,positive,冰上龙舟很有创意，适合全家一起玩。
2025-11-20,4,positive,夜场的冰灯特别漂亮，像童话世界一样。
2025-11-20,5,positive,冰雪大世界的灯光秀太震撼了，音乐配合得绝佳！
2025-11-20,2,negative,人挤人，根本没心情看冰雕。
2025-11-20,1,negative,地上太滑了，差点摔倒好几次。
2025-11-20,5,positive,冰酒吧体验独特，零下30度喝热饮很特别。
2025-11-20,4,positive,太美了！冰雕非常震撼，下次还来。
2025-11-20,5,positive,冰酒吧体验独特，零下30度喝热饮很特别。
2025-11-20,4,positive,主办方今年安排得很用心，动线合理不绕路。
2025-11-20,3,neutral,白天看一般，晚上亮灯后效果才好。
2025-11-20,3,neutral,总体还行，就是排队太久了。
2025-11-20,3,neutral,中规中矩的一次体验，和预期差不多。
2025-11-20,3,neutral,白天看一般，晚上亮灯后效果才好。
2025-11-20,4,positive,冰上龙舟很有创意，适合全家一起玩。
2025-11-20,3,neutral,园区很大，走得腿都酸了，建议多设休息点。
2025-11-20,5,positive,太美了！冰雕非常震撼，下次还来。
2025-11-20,4,positive,虽然冷但值得，哈尔滨的冬天名不虚传。
2025-11-20,3,neutral,总体还行，就是排队太久了。
2025-11-20,3,neutral,白天看一般，晚上亮灯后效果才好。
2025-11-20,2,negative,门票太贵了，性价比低。
2025-11-20,5,positive,大滑梯超刺激，排队时间也在可接受范围内。
2025-11-20,5,positive,冰雪大世界的灯光秀太震撼了，音乐配合得绝佳！
2025-11-20,3,neutral,人太多了，建议工作日去。
2025-11-20,4,positive,带孩子来的，小朋友玩得很开心，推荐！
2025-11-20,4,positive,夜场的冰灯特别漂亮，像童话世界一样。
2025-11-20,5,positive,带孩子来的，小朋友玩得很开心，推荐！
2025-11-20,4,positive,大滑梯超刺激，排队时间也在可接受范围内。
2025-11-20,3,neutral,白天看一般，晚上亮灯后效果才好。
2025-11-20,4,positive,带孩子来的，小朋友玩得很开心，推荐！
2025-11-20,2,negative,门票太贵了，性价比低。
2025-11-20,4,positive,虽然人多但是氛围感很棒，冰雪的快乐。
2025-11-20,5,positive,适合拍照打卡，随手一拍都是大片。
2025-11-20,3,neutral,停车场离入口有点远，走了好久。
2025-11-20,4,positive,虽然人多但是氛围感很棒，冰雪的快乐。
2025-11-20,3,neutral,白天看一般，晚上亮灯后效果才好。
2025-11-21,5,positive,极地馆的企鹅太可爱了，拍了好多照片。
2025-11-21,2,negative,人挤人，根本没心情看冰雕。
2025-11-21,2,negative,门票太贵了，性价比低。
2025-11-21,3,neutral,人太多了，建议工作日去。
2025-11-21,5,positive,虽然人多但是氛围感很棒，冰雪的快乐。
2025-11-21,5,positive,太美了！冰雕非常震撼，下次还来。
2025-11-21,5,positive,带孩子来的，小朋友玩得很开心，推荐！
2025-11-21,4,positive,冰滑梯排队虽久但值得，尖叫声不断。
2025-11-21,4,positive,冰滑梯排队虽久但值得，尖叫声不断。
2025-11-21,4,positive,服务态度很好，园区管理有序。
2025-11-21,4,positive,今年冰雕规模比去年更大了，很壮观。
2025-11-21,5,positive,主办方今年安排得很用心，动线合理不绕路。
2025-11-21,5,positive,大滑梯超刺激，排队时间也在可接受范围内。
2025-11-21,4,positive,夜场的冰灯特别漂亮，像童话世界一样。
2025-11-21,1,negative,人挤人，根本没心情看冰雕。
2025-11-21,5,positive,今年冰雕规模比去年更大了，很壮观。
2025-11-21,5,positive,服务态度很好，园区管理有序。
2025-11-21,1,negative,冰雕有些已经开始融化，维护不及时。
2025-11-21,4,positive,冰上龙舟很有创意，适合全家一起玩。
2025-11-21,4,positive,极地馆的企鹅太可爱了，拍了好多照片。
2025-11-21,4,positive,适合拍照打卡，随手一拍都是大片。
2025-11-21,5,positive,主办方今年安排得很用心，动线合理不绕路。
2025-11-21,5,positive,夜场的冰灯特别漂亮，像童话世界一样。
2025-11-21,3,neutral,白天看一般，晚上亮灯后效果才好。
2025-11-21,3,neutral,中规中矩的一次体验，和预期差不多。
2025-11-22,5,positive,冰滑梯排队虽久但值得，尖叫声不断。
2025-11-22,3,neutral,白天看一般，晚上亮灯后效果才好。
2025-11-22,3,neutral,总体还行，就是排队太久了。
2025-11-22,3,neutral,园区很大，走得腿都酸了，建议多设休息点。
2025-11-22,4,positive,带孩子来的，小朋友玩得很开心，推荐！
2025-11-22,3,neutral,人太多了，建议工作日去。
2025-11-22,5,positive,今年冰雕规模比去年更大了，很壮观。
2025-11-22,2,negative,地上太滑了，差点摔倒好几次。
2025-11-22,4,positive,太美了！冰雕非常震撼，下次还来。
2025-11-22,4,positive,夜场的冰灯特别漂亮，像童话世界一样。
2025-11-22,4,positive,冰滑梯排队虽久但值得，尖叫声不断。
2025-11-22,3,neutral,停车场离入口有点远，走了好久。
2025-11-22,3,neutral,人太多了，建议工作日去。
2025-11-22,5,positive,冰上龙舟很有创意，适合全家一起玩。
2025-11-22,4,positive,虽然人多但是氛围感很棒，冰雪的快乐。
2025-11-22,5,positive,今年冰雕规模比去年更大了，很壮观。
2025-11-22,4,positive,带孩子来的，小朋友玩得很开心，推荐！
2025-11-22,5,positive,主办方今年安排得很用心，动线合理不绕路。
2025-11-22,4,positive,冰雪大世界的灯光秀太震撼了，音乐配合得绝佳！
2025-11-22,1,negative,工作人员态度不好，问路都不理。
2025-11-22,4,positive,大滑梯超刺激，排队时间也在可接受范围内。
2025-11-22,2,negative,卫生间太少了，排队比看冰雕还久。
2025-11-22,2,negative,排队排了2个小时，体验很差。
2025-11-22,3,neutral,停车场离入口有点远，走了好久。
2025-11-22,5,positive,虽然人多但是氛围感很棒，冰雪的快乐。
2025-11-22,3,neutral,人太多了，建议工作日去。
2025-11-22,1,negative,冰雕有些已经开始融化，维护不及时。
2025-11-22,3,neutral,票价有点贵，不过冰雕确实不错。
2025-11-22,5,positive,太美了！冰雕非常震撼，下次还来。
2025-11-22,4,positive,虽然冷但值得，哈尔滨的冬天名不虚传。
2025-11-22,5,positive,适合拍照打卡，随手一拍都是大片。
2025-11-22,4,positive,虽然冷但值得，哈尔滨的冬天名不虚传。
2025-11-22,5,positive,服务态度很好，园区管理有序。
2025-11-22,4,positive,适合拍照打卡，随手一拍都是大片。
2025-11-22,3,neutral,人太多了，建议工作日去。
2025-11-22,4,positive,冰酒吧体验独特，零下30度喝热饮很特别。
2025-11-22,4,positive,服务态度很好，园区管理有序。
2025-11-22,5,positive,虽然冷但值得，哈尔滨的冬天名不虚传。
2025-11-22,5,positive,今年冰雕规模比去年更大了，很壮观。
2025-11-22,5,positive,虽然冷但值得，哈尔滨的冬天名不虚传。
2025-11-22,1,negative,人挤人，根本没心情看冰雕。
2025-11-22,5,positive,冰雪大世界的灯光秀太震撼了，音乐配合得绝佳！
2025-11-22,5,positive,冰酒吧体验独特，零下30度喝热饮很特别。
2025-11-22,4,positive,太美了！冰雕非常震撼，下次还来。
2025-11-22,1,negative,地上太滑了，差点摔倒好几次。
2025-11-22,3,neutral,中规中矩的一次体验，和预期差不多。
2025-11-22,5,positive,太美了！冰雕非常震撼，下次还来。
2025-11-22,3,neutral,冰雕很美，但是餐厅价格偏高。
2025-11-23,4,positive,冰滑梯排队虽久但值得，尖叫声不断。
2025-11-23,4,positive,大滑梯超刺激，排队时间也在可接受范围内。
2025-11-23,5,positive,极地馆的企鹅太可爱了，拍了好多照片。
2025-11-23,5,positive,虽然人多但是氛围感很棒，冰雪的快乐。
2025-11-23,4,positive,虽然人多但是氛围感很棒，冰雪的快乐。
2025-11-23,4,positive,带孩子来的，小朋友玩得很开心，推荐！
2025-11-23,4,positive,适合拍照打卡，随手一拍都是大片。
2025-11-23,3,neutral,停车场离入口有点远，走了好久。
2025-11-23,5,positive,冰雪大世界的灯光秀太震撼了，音乐配合得绝佳！
2025-11-23,3,neutral,停车场离入口有点远，走了好久。
2025-11-23,1,negative,工作人员态度不好，问路都不理。
2025-11-23,5,positive,服务态度很好，园区管理有序。
2025-11-23,5,positive,今年冰雕规模比去年更大了，很壮观。
2025-11-23,4,positive,今年冰雕规模比去年更大了，很壮观。
2025-11-23,3,neutral,白天看一般，晚上亮灯后效果才好。
2025-11-23,3,neutral,中规中矩的一次体验，和预期差不多。
2025-11-23,5,positive,带孩子来的，小朋友玩得很开心，推荐！
2025-11-23,1,negative,餐饮又贵又难吃，建议自带食物。
2025-11-23,4,positive,冰上龙舟很有创意，适合全家一起玩。
2025-11-23,4,positive,服务态度很好，园区管理有序。
2025-11-23,5,positive,今年冰雕规模比去年更大了，很壮观。
2025-11-23,3,neutral,人太多了，建议工作日去。
2025-11-23,4,positive,极地馆的企鹅太可爱了，拍了好多照片。
2025-11-23,2,negative,停车费贵得离谱，而且不好找车位。
2025-11-23,4,positive,夜场的冰灯特别漂亮，像童话世界一样。
2025-11-24,4,positive,极地馆的企鹅太可爱了，拍了好多照片。
2025-11-24,3,neutral,白天看一般，晚上亮灯后效果才好。
2025-11-24,3,neutral,白天看一般，晚上亮灯后效果才好。
2025-11-24,4,positive,大滑梯超刺激，排队时间也在可接受范围内。
2025-11-24,4,positive,虽然人多但是氛围感很棒，冰雪的快乐。
2025-11-24,2,negative,工作人员态度不好，问路都不理。
2025-11-24,4,positive,冰雪大世界的灯光秀太震撼了，音乐配合得绝佳！
2025-11-24,3,neutral,冰雕很美，但是餐厅价格偏高。
2025-11-24,3,neutral,票价有点贵，不过冰雕确实不错。
2025-11-24,5,positive,带孩子来的，小朋友玩得很开心，推荐！
2025-11-24,5,positive,主办方今年安排得很用心，动线合理不绕路。
2025-11-24,5,positive,虽然人多但是氛围感很棒，冰雪的快乐。
2025-11-24,3,neutral,票价有点贵，不过冰雕确实不错。
2025-11-24,2,negative,太冷了，园区取暖设施不够。
2025-11-24,5,positive,冰雪大世界的灯光秀太震撼了，音乐配合得绝佳！
2025-11-24,1,negative,排队排了2个小时，体验很差。
2025-11-24,4,positive,冰酒吧体验独特，零下30度喝热饮很特别。
2025-11-24,3,neutral,白天看一般，晚上亮灯后效果才好。
2025-11-24,5,positive,带孩子来的，小朋友玩得很开心，推荐！
2025-11-24,3,neutral,停车场离入口有点远，走了好久。
2025-11-25,5,positive,适合拍照打卡，随手一拍都是大片。
2025-11-25,3,neutral,票价有点贵，不过冰雕确实不错。
2025-11-25,4,positive,冰雪大世界的灯光秀太震撼了，音乐配合得绝佳！
2025-11-25,3,neutral,停车场离入口有点远，走了好久。
2025-11-25,4,positive,极地馆的企鹅太可爱了，拍了好多照片。
2025-11-25,2,negative,停车费贵得离谱，而且不好找车位。
2025-11-25,5,positive,主办方今年安排得很用心，动线合理不绕路。
2025-11-25,5,positive,太美了！冰雕非常震撼，下次还来。
2025-11-25,5,positive,冰雪大世界的灯光秀太震撼了，音乐配合得绝佳！
2025-11-25,3,neutral,冰雕很美，但是餐厅价格偏高。
2025-11-25,5,positive,虽然人多但是氛围感很棒，冰雪的快乐。
2025-11-25,3,neutral,白天看一般，晚上亮灯后效果才好。
2025-11-25,3,neutral,园区很大，走得腿都酸了，建议多设休息点。
2025-11-25,5,positive,虽然冷但值得，哈尔滨的冬天名不虚传。
2025-11-25,1,negative,冰雕有些已经开始融化，维护不及时。
2025-11-25,5,positive,极地馆的企鹅太可爱了，拍了好多照片。
2025-11-25,4,positive,服务态度很好，园区管理有序。
2025-11-25,3,neutral,票价有点贵，不过冰雕确实不错。
2025-11-25,5,positive,虽然冷但值得，哈尔滨的冬天名不虚传。
2025-11-25,4,positive,虽然人多但是氛围感很棒，冰雪的快乐。
2025-11-25,5,positive,冰上龙舟很有创意，适合全家一起玩。
2025-11-25,2,negative,太冷了，园区取暖设施不够。
2025-11-25,4,positive,今年冰雕规模比去年更大了，很壮观。
2025-11-25,3,neutral,停车场离入口有点远，走了好久。
2025-11-25,5,positive,服务态度很好，园区管理有序。
2025-11-25,4,positive,冰滑梯排队虽久但值得，尖叫声不断。
2025-11-25,5,positive,虽然人多但是氛围感很棒，冰雪的快乐。
2025-11-25,4,positive,冰雪大世界的灯光秀太震撼了，音乐配合得绝佳！
2025-11-25,3,neutral,白天看一般，晚上亮灯后效果才好。
2025-11-25,3,neutral,总体还行，就是排队太久了。
2025-11-25,4,positive,今年冰雕规模比去年更大了，很壮观。
2025-11-26,4,positive,主办方今年安排得很用心，动线合理不绕路。
2025-11-26,3,neutral,园区很大，走得腿都酸了，建议多设休息点。
2025-11-26,3,neutral,冰雕很美，但是餐厅价格偏高。
2025-11-26,5,positive,大滑梯超刺激，排队时间也在可接受范围内。
2025-11-26,4,positive,冰滑梯排队虽久但值得，尖叫声不断。
2025-11-26,1,negative,门票太贵了，性价比低。
2025-11-26,3,neutral,冰雕很美，但是餐厅价格偏高。
2025-11-26,3,neutral,白天看一般，晚上亮灯后效果才好。
2025-11-26,3,neutral,园区很大，走得腿都酸了，建议多设休息点。
2025-11-26,1,negative,排队排了2个小时，体验很差。
2025-11-26,3,neutral,白天看一般，晚上亮灯后效果才好。
2025-11-26,2,negative,排队排了2个小时，体验很差。
2025-11-26,2,negative,排队排了2个小时，体验很差。
2025-11-26,3,neutral,总体还行，就是排队太久了。
2025-11-26,1,negative,餐饮又贵又难吃，建议自带食物。
2025-11-26,3,neutral,中规中矩的一次体验，和预期差不多。
2025-11-26,3,neutral,中规中矩的一次体验，和预期差不多。
2025-11-26,3,neutral,中规中矩的一次体验，和预期差不多。
2025-11-26,5,positive,夜场的冰灯特别漂亮，像童话世界一样。
2025-11-26,5,positive,冰酒吧体验独特，零下30度喝热饮很特别。
2025-11-26,4,positive,服务态度很好，园区管理有序。
2025-11-26,4,positive,虽然冷但值得，哈尔滨的冬天名不虚传。
2025-11-26,5,positive,极地馆的企鹅太可爱了，拍了好多照片。
2025-11-26,4,positive,服务态度很好，园区管理有序。
2025-11-26,4,positive,虽然冷但值得，哈尔滨的冬天名不虚传。
2025-11-26,2,negative,停车费贵得离谱，而且不好找车位。
2025-11-26,1,negative,工作人员态度不好，问路都不理。
2025-11-26,5,positive,虽然人多但是氛围感很棒，冰雪的快乐。
2025-11-26,5,positive,太美了！冰雕非常震撼，下次还来。
2025-11-26,4,positive,主办方今年安排得很用心，动线合理不绕路。
2025-11-26,4,positive,冰滑梯排队虽久但值得，尖叫声不断。
2025-11-26,5,positive,冰酒吧体验独特，零下30度喝热饮很特别。
2025-11-26,3,neutral,白天看一般，晚上亮灯后效果才好。
2025-11-26,5,positive,夜场的冰灯特别漂亮，像童话世界一样。
2025-11-26,5,positive,冰雪大世界的灯光秀太震撼了，音乐配合得绝佳！
2025-11-26,1,negative,工作人员态度不好，问路都不理。
2025-11-26,2,negative,餐饮又贵又难吃，建议自带食物。
2025-11-27,5,positive,服务态度很好，园区管理有序。
2025-11-27,4,positive,冰滑梯排队虽久但值得，尖叫声不断。
2025-11-27,5,positive,今年冰雕规模比去年更大了，很壮观。
2025-11-27,5,positive,极地馆的企鹅太可爱了，拍了好多照片。
2025-11-27,4,positive,夜场的冰灯特别漂亮，像童话世界一样。
2025-11-27,3,neutral,白天看一般，晚上亮灯后效果才好。
2025-11-27,1,negative,人挤人，根本没心情看冰雕。
2025-11-27,5,positive,带孩子来的，小朋友玩得很开心，推荐！
2025-11-27,3,neutral,人太多了，建议工作日去。
2025-11-27,1,negative,卫生间太少了，排队比看冰雕还久。
2025-11-27,5,positive,带孩子来的，小朋友玩得很开心，推荐！
2025-11-27,4,positive,冰雪大世界的灯光秀太震撼了，音乐配合得绝佳！
2025-11-27,3,neutral,白天看一般，晚上亮灯后效果才好。
2025-11-27,5,positive,虽然人多但是氛围感很棒，冰雪的快乐。
2025-11-27,2,negative,门票太贵了，性价比低。
2025-11-27,3,neutral,人太多了，建议工作日去。
2025-11-27,4,positive,今年冰雕规模比去年更大了，很壮观。
2025-11-27,5,positive,虽然冷但值得，哈尔滨的冬天名不虚传。
2025-11-27,4,positive,带孩子来的，小朋友玩得很开心，推荐！
2025-11-27,4,positive,带孩子来的，小朋友玩得很开心，推荐！
2025-11-27,5,positive,太美了！冰雕非常震撼，下次还来。
2025-11-27,4,positive,服务态度很好，园区管理有序。
2025-11-28,3,neutral,总体还行，就是排队太久了。
2025-11-28,5,positive,冰雪大世界的灯光秀太震撼了，音乐配合得绝佳！
2025-11-28,1,negative,停车费贵得离谱，而且不好找车位。
2025-11-28,4,positive,夜场的冰灯特别漂亮，像童话世界一样。
2025-11-28,2,negative,排队排了2个小时，体验很差。
2025-11-28,5,positive,冰酒吧体验独特，零下30度喝热饮很特别。
2025-11-28,3,neutral,票价有点贵，不过冰雕确实不错。
2025-11-28,5,positive,冰酒吧体验独特，零下30度喝热饮很特别。
2025-11-28,4,positive,服务态度很好，园区管理有序。
2025-11-28,1,negative,排队排了2个小时，体验很差。
2025-11-28,5,positive,适合拍照打卡，随手一拍都是大片。
2025-11-28,5,positive,适合拍照打卡，随手一拍都是大片。
2025-11-28,3,neutral,人太多了，建议工作日去。
2025-11-28,1,negative,冰雕有些已经开始融化，维护不及时。
2025-11-28,5,positive,冰雪大世界的灯光秀太震撼了，音乐配合得绝佳！
2025-11-28,4,positive,冰雪大世界的灯光秀太震撼了，音乐配合得绝佳！
2025-11-28,4,positive,主办方今年安排得很用心，动线合理不绕路。
2025-11-28,3,neutral,中规中矩的一次体验，和预期差不多。
2025-11-28,5,positive,夜场的冰灯特别漂亮，像童话世界一样。
2025-11-28,3,neutral,园区很大，走得腿都酸了，建议多设休息点。
2025-11-28,5,positive,冰雪大世界的灯光秀太震撼了，音乐配合得绝佳！
2025-11-28,5,positive,冰滑梯排队虽久但值得，尖叫声不断。
2025-11-28,5,positive,虽然冷但值得，哈尔滨的冬天名不虚传。
2025-11-28,1,negative,门票太贵了，性价比低。
2025-11-28,4,positive,虽然冷但值得，哈尔滨的冬天名不虚传。
2025-11-28,3,neutral,园区很大，走得腿都酸了，建议多设休息点。
2025-11-29,4,positive,适合拍照打卡，随手一拍都是大片。
2025-11-29,5,positive,主办方今年安排得很用心，动线合理不绕路。
2025-11-29,4,positive,主办方今年安排得很用心，动线合理不绕路。
2025-11-29,4,positive,主办方今年安排得很用心，动线合理不绕路。
2025-11-29,3,neutral,白天看一般，晚上亮灯后效果才好。
2025-11-29,1,negative,门票太贵了，性价比低。
2025-11-29,4,positive,冰雪大世界的灯光秀太震撼了，音乐配合得绝佳！
2025-11-29,2,negative,排队排了2个小时，体验很差。
2025-11-29,4,positive,大滑梯超刺激，排队时间也在可接受范围内。
2025-11-29,5,positive,带孩子来的，小朋友玩得很开心，推荐！
2025-11-29,4,positive,冰滑梯排队虽久但值得，尖叫声不断。
2025-11-29,4,positive,夜场的冰灯特别漂亮，像童话世界一样。
2025-11-29,3,neutral,总体还行，就是排队太久了。
2025-11-29,4,positive,冰雪大世界的灯光秀太震撼了，音乐配合得绝佳！
2025-11-29,5,positive,冰酒吧体验独特，零下30度喝热饮很特别。
2025-11-29,1,negative,太冷了，园区取暖设施不够。
2025-11-29,5,positive,带孩子来的，小朋友玩得很开心，推荐！
2025-11-29,5,positive,冰上龙舟很有创意，适合全家一起玩。
2025-11-29,4,positive,冰滑梯排队虽久但值得，尖叫声不断。
2025-11-29,3,neutral,票价有点贵，不过冰雕确实不错。
2025-11-29,3,neutral,票价有点贵，不过冰雕确实不错。
2025-11-29,3,neutral,人太多了，建议工作日去。
2025-11-29,3,neutral,冰雕很美，但是餐厅价格偏高。
2025-11-29,5,positive,大滑梯超刺激，排队时间也在可接受范围内。
2025-11-29,4,positive,冰滑梯排队虽久但值得，尖叫声不断。
2025-11-29,2,negative,餐饮又贵又难吃，建议自带食物。
2025-11-29,4,positive,带孩子来的，小朋友玩得很开心，推荐！
2025-11-29,4,positive,带孩子来的，小朋友玩得很开心，推荐！
2025-11-29,3,neutral,停车场离入口有点远，走了好久。
2025-11-29,5,positive,虽然人多但是氛围感很棒，冰雪的快乐。
2025-11-29,5,positive,今年冰雕规模比去年更大了，很壮观。
2025-11-29,5,positive,冰滑梯排队虽久但值得，尖叫声不断。
2025-11-29,5,positive,虽然人多但是氛围感很棒，冰雪的快乐。
2025-11-29,4,positive,虽然冷但值得，哈尔滨的冬天名不虚传。
2025-11-29,3,neutral,白天看一般，晚上亮灯后效果才好。
2025-11-29,3,neutral,票价有点贵，不过冰雕确实不错。
2025-11-29,5,positive,冰上龙舟很有创意，适合全家一起玩。
2025-11-29,2,negative,排队排了2个小时，体验很差。
2025-11-29,3,neutral,白天看一般，晚上亮灯后效果才好。
2025-11-29,5,positive,带孩子来的，小朋友玩得很开心，推荐！
2025-11-29,5,positive,冰上龙舟很有创意，适合全家一起玩。
2025-11-30,5,positive,冰雪大世界的灯光秀太震撼了，音乐配合得绝佳！
2025-11-30,1,negative,太冷了，园区取暖设施不够。
2025-11-30,4,positive,虽然冷但值得，哈尔滨的冬天名不虚传。
2025-11-30,3,neutral,白天看一般，晚上亮灯后效果才好。
2025-11-30,3,neutral,白天看一般，晚上亮灯后效果才好。
2025-11-30,3,neutral,中规中矩的一次体验，和预期差不多。
2025-11-30,5,positive,冰雪大世界的灯光秀太震撼了，音乐配合得绝佳！
2025-11-30,2,negative,冰雕有些已经开始融化，维护不及时。
2025-11-30,1,negative,餐饮又贵又难吃，建议自带食物。
2025-11-30,3,neutral,人太多了，建议工作日去。
2025-11-30,1,negative,门票太贵了，性价比低。
2025-11-30,3,neutral,总体还行，就是排队太久了。
2025-11-30,2,negative,餐饮又贵又难吃，建议自带食物。
2025-11-30,5,positive,冰雪大世界的灯光秀太震撼了，音乐配合得绝佳！
2025-11-30,5,positive,冰酒吧体验独特，零下30度喝热饮很特别。
2025-11-30,3,neutral,总体还行，就是排队太久了。
2025-11-30,5,positive,带孩子来的，小朋友玩得很开心，推荐！
2025-11-30,5,positive,今年冰雕规模比去年更大了，很壮观。
2025-11-30,5,positive,今年冰雕规模比去年更大了，很壮观。
2025-11-30,5,positive,冰上龙舟很有创意，适合全家一起玩。
2025-11-30,4,positive,冰酒吧体验独特，零下30度喝热饮很特别。
2025-11-30,4,positive,冰酒吧体验独特，零下30度喝热饮很特别。
2025-11-30,3,neutral,总体还行，就是排队太久了。
2025-11-30,4,positive,夜场的冰灯特别漂亮，像童话世界一样。
2025-11-30,3,neutral,冰雕很美，但是餐厅价格偏高。
2025-11-30,4,positive,冰滑梯排队虽久但值得，尖叫声不断。
2025-11-30,5,positive,带孩子来的，小朋友玩得很开心，推荐！
2025-11-30,5,positive,虽然冷但值得，哈尔滨的冬天名不虚传。
2025-11-30,3,neutral,总体还行，就是排队太久了。
2025-11-30,5,positive,极地馆的企鹅太可爱了，拍了好多照片。
2025-11-30,5,positive,太美了！冰雕非常震撼，下次还来。
2025-11-30,2,negative,卫生间太少了，排队比看冰雕还久。
2025-11-30,3,neutral,人太多了，建议工作日去。
2025-11-30,4,positive,虽然冷但值得，哈尔滨的冬天名不虚传。
2025-11-30,5,positive,虽然人多但是氛围感很棒，冰雪的快乐。
2025-11-30,4,positive,今年冰雕规模比去年更大了，很壮观。
2025-11-30,5,positive,带孩子来的，小朋友玩得很开心，推荐！
2025-12-24,2,negative,人挤人，根本没心情看冰雕。
2025-12-24,5,positive,太美了！冰雕非常震撼，下次还来。
2025-12-24,5,positive,今年冰雕规模比去年更大了，很壮观。
2025-12-24,4,positive,夜场的冰灯特别漂亮，像童话世界一样。
2025-12-24,3,neutral,园区很大，走得腿都酸了，建议多设休息点。
2025-12-24,3,neutral,票价有点贵，不过冰雕确实不错。
2025-12-24,5,positive,适合拍照打卡，随手一拍都是大片。
2025-12-24,3,neutral,人太多了，建议工作日去。
2025-12-24,4,positive,大滑梯超刺激，排队时间也在可接受范围内。
2025-12-24,3,neutral,冰雕很美，但是餐厅价格偏高。
2025-12-24,4,positive,冰上龙舟很有创意，适合全家一起玩。
2025-12-24,4,positive,虽然冷但值得，哈尔滨的冬天名不虚传。
2025-12-24,5,positive,带孩子来的，小朋友玩得很开心，推荐！
2025-12-24,5,positive,今年冰雕规模比去年更大了，很壮观。
2025-12-24,3,neutral,冰雕很美，但是餐厅价格偏高。
2025-12-24,3,neutral,停车场离入口有点远，走了好久。
2025-12-24,5,positive,适合拍照打卡，随手一拍都是大片。
2025-12-25,4,positive,主办方今年安排得很用心，动线合理不绕路。
2025-12-25,4,positive,冰上龙舟很有创意，适合全家一起玩。
2025-12-25,3,neutral,白天看一般，晚上亮灯后效果才好。
2025-12-25,4,positive,极地馆的企鹅太可爱了，拍了好多照片。
2025-12-25,5,positive,服务态度很好，园区管理有序。
2025-12-25,5,positive,冰滑梯排队虽久但值得，尖叫声不断。
2025-12-25,2,negative,人挤人，根本没心情看冰雕。
2025-12-25,2,negative,门票太贵了，性价比低。
2025-12-25,5,positive,夜场的冰灯特别漂亮，像童话世界一样。
2025-12-25,4,positive,虽然冷但值得，哈尔滨的冬天名不虚传。
2025-12-25,4,positive,冰雪大世界的灯光秀太震撼了，音乐配合得绝佳！
2025-12-25,2,negative,门票太贵了，性价比低。
2025-12-25,4,positive,服务态度很好，园区管理有序。
2025-12-25,1,negative,太冷了，园区取暖设施不够。
2025-12-25,5,positive,冰酒吧体验独特，零下30度喝热饮很特别。
2025-12-25,4,positive,主办方今年安排得很用心，动线合理不绕路。
2025-12-25,5,positive,主办方今年安排得很用心，动线合理不绕路。
2025-12-25,4,positive,冰酒吧体验独特，零下30度喝热饮很特别。
2025-12-25,5,positive,大滑梯超刺激，排队时间也在可接受范围内。
2025-12-25,3,neutral,人太多了，建议工作日去。
2025-12-25,3,neutral,园区很大，走得腿都酸了，建议多设休息点。
2025-12-25,3,neutral,停车场离入口有点远，走了好久。
2025-12-25,5,positive,服务态度很好，园区管理有序。
2025-12-25,4,positive,冰滑梯排队虽久但值得，尖叫声不断。
2025-12-25,4,positive,冰上龙舟很有创意，适合全家一起玩。
2025-12-25,3,neutral,白天看一般，晚上亮灯后效果才好。
2025-12-25,5,positive,冰酒吧体验独特，零下30度喝热饮很特别。
2025-12-25,2,negative,门票太贵了，性价比低。
2025-12-25,4,positive,虽然人多但是氛围感很棒，冰雪的快乐。
2025-12-25,3,neutral,中规中矩的一次体验，和预期差不多。
2025-12-25,5,positive,冰酒吧体验独特，零下30度喝热饮很特别。
2025-12-25,4,positive,带孩子来的，小朋友玩得很开心，推荐！
2025-12-25,3,neutral,白天看一般，晚上亮灯后效果才好。
2025-12-25,5,positive,服务态度很好，园区管理有序。
2025-12-25,4,positive,虽然冷但值得，哈尔滨的冬天名不虚传。
2025-12-25,4,positive,冰酒吧体验独特，零下30度喝热饮很特别。
2025-12-25,1,negative,地上太滑了，差点摔倒好几次。
2025-12-25,3,neutral,中规中矩的一次体验，和预期差不多。
2025-12-25,1,negative,太冷了，园区取暖设施不够。
2025-12-25,3,neutral,停车场离入口有点远，走了好久。
2025-12-25,1,negative,餐饮又贵又难吃，建议自带食物。
2025-12-25,4,positive,冰滑梯排队虽久但值得，尖叫声不断。
2025-12-25,5,positive,太美了！冰雕非常震撼，下次还来。
2025-12-26,3,neutral,冰雕很美，但是餐厅价格偏高。
2025-12-26,3,neutral,白天看一般，晚上亮灯后效果才好。
2025-12-26,3,neutral,冰雕很美，但是餐厅价格偏高。
2025-12-26,2,negative,停车费贵得离谱，而且不好找车位。
2025-12-26,3,neutral,中规中矩的一次体验，和预期差不多。
2025-12-26,5,positive,服务态度很好，园区管理有序。
2025-12-26,3,neutral,总体还行，就是排队太久了。
2025-12-26,4,positive,带孩子来的，小朋友玩得很开心，推荐！
2025-12-26,1,negative,餐饮又贵又难吃，建议自带食物。
2025-12-26,3,neutral,中规中矩的一次体验，和预期差不多。
2025-12-26,3,neutral,白天看一般，晚上亮灯后效果才好。
2025-12-26,3,neutral,人太多了，建议工作日去。
2025-12-26,4,positive,今年冰雕规模比去年更大了，很壮观。
2025-12-26,4,positive,虽然冷但值得，哈尔滨的冬天名不虚传。
2025-12-26,3,neutral,票价有点贵，不过冰雕确实不错。
2025-12-26,4,positive,虽然冷但值得，哈尔滨的冬天名不虚传。
2025-12-26,3,neutral,中规中矩的一次体验，和预期差不多。
2025-12-26,1,negative,地上太滑了，差点摔倒好几次。
2025-12-26,4,positive,夜场的冰灯特别漂亮，像童话世界一样。
2025-12-26,3,neutral,中规中矩的一次体验，和预期差不多。
2025-12-26,4,positive,带孩子来的，小朋友玩得很开心，推荐！
2025-12-26,1,negative,排队排了2个小时，体验很差。
2025-12-26,2,negative,地上太滑了，差点摔倒好几次。
2025-12-26,5,positive,适合拍照打卡，随手一拍都是大片。
2025-12-26,4,positive,太美了！冰雕非常震撼，下次还来。
2025-12-26,5,positive,适合拍照打卡，随手一拍都是大片。
2025-12-26,5,positive,今年冰雕规模比去年更大了，很壮观。
2025-12-26,3,neutral,园区很大，走得腿都酸了，建议多设休息点。
2025-12-26,4,positive,冰上龙舟很有创意，适合全家一起玩。
2025-12-27,5,positive,冰酒吧体验独特，零下30度喝热饮很特别。
2025-12-27,2,negative,地上太滑了，差点摔倒好几次。
2025-12-27,3,neutral,园区很大，走得腿都酸了，建议多设休息点。
2025-12-27,1,negative,卫生间太少了，排队比看冰雕还久。
2025-12-27,1,negative,太冷了，园区取暖设施不够。
2025-12-27,3,neutral,白天看一般，晚上亮灯后效果才好。
2025-12-27,3,neutral,冰雕很美，但是餐厅价格偏高。
2025-12-27,4,positive,冰酒吧体验独特，零下30度喝热饮很特别。
2025-12-27,2,negative,人挤人，根本没心情看冰雕。
2025-12-27,4,positive,极地馆的企鹅太可爱了，拍了好多照片。
2025-12-27,4,positive,虽然冷但值得，哈尔滨的冬天名不虚传。
2025-12-27,3,neutral,票价有点贵，不过冰雕确实不错。
2025-12-27,3,neutral,冰雕很美，但是餐厅价格偏高。
2025-12-27,1,negative,停车费贵得离谱，而且不好找车位。
2025-12-27,3,neutral,票价有点贵，不过冰雕确实不错。
2025-12-27,2,negative,停车费贵得离谱，而且不好找车位。
2025-12-27,4,positive,冰滑梯排队虽久但值得，尖叫声不断。
2025-12-27,2,negative,工作人员态度不好，问路都不理。
2025-12-27,1,negative,工作人员态度不好，问路都不理。
2025-12-27,2,negative,地上太滑了，差点摔倒好几次。
2025-12-27,4,positive,虽然人多但是氛围感很棒，冰雪的快乐。
2025-12-27,5,positive,今年冰雕规模比去年更大了，很壮观。
2025-12-27,3,neutral,园区很大，走得腿都酸了，建议多设休息点。
2025-12-27,5,positive,虽然冷但值得，哈尔滨的冬天名不虚传。
2025-12-27,4,positive,太美了！冰雕非常震撼，下次还来。
2025-12-27,1,negative,冰雕有些已经开始融化，维护不及时。
2025-12-27,2,negative,冰雕有些已经开始融化，维护不及时。
2025-12-27,1,negative,排队排了2个小时，体验很差。
2025-12-27,5,positive,大滑梯超刺激，排队时间也在可接受范围内。
2025-12-27,5,positive,服务态度很好，园区管理有序。
2025-12-27,2,negative,太冷了，园区取暖设施不够。
2025-12-27,3,neutral,票价有点贵，不过冰雕确实不错。
2025-12-27,3,neutral,停车场离入口有点远，走了好久。
2025-12-27,3,neutral,人太多了，建议工作日去。
2025-12-27,3,neutral,中规中矩的一次体验，和预期差不多。
2025-12-27,2,negative,停车费贵得离谱，而且不好找车位。
2025-12-27,3,neutral,白天看一般，晚上亮灯后效果才好。
2025-12-27,3,neutral,园区很大，走得腿都酸了，建议多设休息点。
2025-12-27,4,positive,冰酒吧体验独特，零下30度喝热饮很特别。
2025-12-27,4,positive,太美了！冰雕非常震撼，下次还来。
2025-12-27,1,negative,门票太贵了，性价比低。
2025-12-27,2,negative,排队排了2个小时，体验很差。
2025-12-27,3,neutral,总体还行，就是排队太久了。
2025-12-27,4,positive,冰滑梯排队虽久但值得，尖叫声不断。
2025-12-27,2,negative,冰雕有些已经开始融化，维护不及时。
2025-12-27,5,positive,大滑梯超刺激，排队时间也在可接受范围内。
2025-12-27,4,positive,夜场的冰灯特别漂亮，像童话世界一样。
2025-12-27,3,neutral,白天看一般，晚上亮灯后效果才好。
2025-12-28,5,positive,太美了！冰雕非常震撼，下次还来。
2025-12-28,4,positive,冰滑梯排队虽久但值得，尖叫声不断。
2025-12-28,4,positive,极地馆的企鹅太可爱了，拍了好多照片。
2025-12-28,5,positive,冰滑梯排队虽久但值得，尖叫声不断。
2025-12-28,2,negative,卫生间太少了，排队比看冰雕还久。
2025-12-28,3,neutral,总体还行，就是排队太久了。
2025-12-28,5,positive,今年冰雕规模比去年更大了，很壮观。
2025-12-28,1,negative,排队排了2个小时，体验很差。
2025-12-28,3,neutral,票价有点贵，不过冰雕确实不错。
2025-12-28,2,negative,冰雕有些已经开始融化，维护不及时。
2025-12-28,3,neutral,票价有点贵，不过冰雕确实不错。
2025-12-28,4,positive,虽然人多但是氛围感很棒，冰雪的快乐。
2025-12-28,5,positive,主办方今年安排得很用心，动线合理不绕路。
2025-12-28,3,neutral,白天看一般，晚上亮灯后效果才好。
2025-12-28,2,negative,门票太贵了，性价比低。
2025-12-28,5,positive,大滑梯超刺激，排队时间也在可接受范围内。
2025-12-28,3,neutral,中规中矩的一次体验，和预期差不多。
2025-12-28,3,neutral,中规中矩的一次体验，和预期差不多。
2025-12-28,4,positive,服务态度很好，园区管理有序。
2025-12-28,4,positive,带孩子来的，小朋友玩得很开心，推荐！
2025-12-28,4,positive,极地馆的企鹅太可爱了，拍了好多照片。
2025-12-28,5,positive,主办方今年安排得很用心，动线合理不绕路。
2025-12-28,5,positive,今年冰雕规模比去年更大了，很壮观。
2025-12-28,5,positive,冰上龙舟很有创意，适合全家一起玩。
2025-12-28,5,positive,冰酒吧体验独特，零下30度喝热饮很特别。
2025-12-28,5,positive,太美了！冰雕非常震撼，下次还来。
2025-12-28,1,negative,工作人员态度不好，问路都不理。
2025-12-28,1,negative,门票太贵了，性价比低。
2025-12-28,5,positive,适合拍照打卡，随手一拍都是大片。
2025-12-28,5,positive,冰上龙舟很有创意，适合全家一起玩。
2025-12-28,3,neutral,停车场离入口有点远，走了好久。
2025-12-28,3,neutral,票价有点贵，不过冰雕确实不错。
2025-12-28,3,neutral,中规中矩的一次体验，和预期差不多。
2025-12-28,4,positive,冰酒吧体验独特，零下30度喝热饮很特别。
2025-12-28,5,positive,带孩子来的，小朋友玩得很开心，推荐！
2025-12-28,3,neutral,总体还行，就是排队太久了。
2025-12-29,4,positive,虽然冷但值得，哈尔滨的冬天名不虚传。
2025-12-29,2,negative,排队排了2个小时，体验很差。
2025-12-29,3,neutral,总体还行，就是排队太久了。
2025-12-29,5,positive,夜场的冰灯特别漂亮，像童话世界一样。
2025-12-29,1,negative,太冷了，园区取暖设施不够。
2025-12-29,5,positive,今年冰雕规模比去年更大了，很壮观。
2025-12-29,5,positive,虽然人多但是氛围感很棒，冰雪的快乐。
2025-12-29,3,neutral,白天看一般，晚上亮灯后效果才好。
2025-12-29,3,neutral,园区很大，走得腿都酸了，建议多设休息点。
2025-12-29,4,positive,夜场的冰灯特别漂亮，像童话世界一样。
2025-12-29,1,negative,太冷了，园区取暖设施不够。
2025-12-29,4,positive,虽然冷但值得，哈尔滨的冬天名不虚传。
2025-12-29,3,neutral,中规中矩的一次体验，和预期差不多。
2025-12-29,5,positive,虽然人多但是氛围感很棒，冰雪的快乐。
2025-12-29,4,positive,冰滑梯排队虽久但值得，尖叫声不断。
2025-12-29,5,positive,极地馆的企鹅太可爱了，拍了好多照片。
2025-12-29,2,negative,排队排了2个小时，体验很差。
2025-12-29,3,neutral,总体还行，就是排队太久了。
2025-12-29,3,neutral,冰雕很美，但是餐厅价格偏高。
2025-12-29,5,positive,冰滑梯排队虽久但值得，尖叫声不断。
2025-12-29,3,neutral,总体还行，就是排队太久了。
2025-12-29,4,positive,带孩子来的，小朋友玩得很开心，推荐！
2025-12-29,5,positive,太美了！冰雕非常震撼，下次还来。
2025-12-29,5,positive,大滑梯超刺激，排队时间也在可接受范围内。
2025-12-29,4,positive,带孩子来的，小朋友玩得很开心，推荐！
2025-12-29,5,positive,大滑梯超刺激，排队时间也在可接受范围内。
2025-12-29,3,neutral,中规中矩的一次体验，和预期差不多。
2025-12-29,4,positive,适合拍照打卡，随手一拍都是大片。
2025-12-29,3,neutral,白天看一般，晚上亮灯后效果才好。
2025-12-29,4,positive,大滑梯超刺激，排队时间也在可接受范围内。
2025-12-30,5,positive,适合拍照打卡，随手一拍都是大片。
2025-12-30,5,positive,夜场的冰灯特别漂亮，像童话世界一样。
2025-12-30,5,positive,冰滑梯排队虽久但值得，尖叫声不断。
2025-12-30,5,positive,夜场的冰灯特别漂亮，像童话世界一样。
2025-12-30,3,neutral,停车场离入口有点远，走了好久。
2025-12-30,3,neutral,票价有点贵，不过冰雕确实不错。
2025-12-30,5,positive,夜场的冰灯特别漂亮，像童话世界一样。
2025-12-30,3,neutral,中规中矩的一次体验，和预期差不多。
2025-12-30,4,positive,虽然人多但是氛围感很棒，冰雪的快乐。
2025-12-30,4,positive,夜场的冰灯特别漂亮，像童话世界一样。
2025-12-30,3,neutral,白天看一般，晚上亮灯后效果才好。
2025-12-30,3,neutral,停车场离入口有点远，走了好久。
2025-12-30,2,negative,太冷了，园区取暖设施不够。
2025-12-30,5,positive,极地馆的企鹅太可爱了，拍了好多照片。
2025-12-30,4,positive,极地馆的企鹅太可爱了，拍了好多照片。
2025-12-30,4,positive,虽然冷但值得，哈尔滨的冬天名不虚传。
2025-12-30,1,negative,停车费贵得离谱，而且不好找车位。
2025-12-30,4,positive,冰上龙舟很有创意，适合全家一起玩。
2025-12-30,5,positive,冰雪大世界的灯光秀太震撼了，音乐配合得绝佳！
2025-12-30,1,negative,冰雕有些已经开始融化，维护不及时。
2025-12-30,3,neutral,冰雕很美，但是餐厅价格偏高。
2025-12-30,4,positive,今年冰雕规模比去年更大了，很壮观。
2025-12-30,3,neutral,停车场离入口有点远，走了好久。
2025-12-30,3,neutral,园区很大，走得腿都酸了，建议多设休息点。
2025-12-30,4,positive,带孩子来的，小朋友玩得很开心，推荐！
2025-12-30,4,positive,大滑梯超刺激，排队时间也在可接受范围内。
2025-12-30,5,positive,主办方今年安排得很用心，动线合理不绕路。
2025-12-30,1,negative,门票太贵了，性价比低。
2025-12-30,5,positive,适合拍照打卡，随手一拍都是大片。
2025-12-30,4,positive,带孩子来的，小朋友玩得很开心，推荐！
2025-12-30,3,neutral,中规中矩的一次体验，和预期差不多。
2025-12-30,1,negative,卫生间太少了，排队比看冰雕还久。
2025-12-30,4,positive,虽然人多但是氛围感很棒，冰雪的快乐。
2025-12-30,3,neutral,园区很大，走得腿都酸了，建议多设休息点。
2025-12-30,1,negative,人挤人，根本没心情看冰雕。
2025-12-30,5,positive,适合拍照打卡，随手一拍都是大片。
2025-12-30,1,negative,太冷了，园区取暖设施不够。
2025-12-30,3,neutral,票价有点贵，不过冰雕确实不错。
2025-12-30,2,negative,冰雕有些已经开始融化，维护不及时。
2025-12-30,3,neutral,总体还行，就是排队太久了。
2025-12-30,1,negative,人挤人，根本没心情看冰雕。
2025-12-30,4,positive,太美了！冰雕非常震撼，下次还来。
2025-12-30,1,negative,人挤人，根本没心情看冰雕。
2025-12-30,3,neutral,停车场离入口有点远，走了好久。
2025-12-30,5,positive,虽然人多但是氛围感很棒，冰雪的快乐。
2025-12-30,1,negative,工作人员态度不好，问路都不理。
2025-12-30,5,positive,虽然冷但值得，哈尔滨的冬天名不虚传。
2025-12-30,3,neutral,停车场离入口有点远，走了好久。
2025-12-30,2,negative,太冷了，园区取暖设施不够。
2025-12-30,4,positive,今年冰雕规模比去年更大了，很壮观。
2025-12-30,1,negative,人挤人，根本没心情看冰雕。
2025-12-30,5,positive,虽然人多但是氛围感很棒，冰雪的快乐。
